2026-04-22 00:00:01 [WARNING] scraper.idealista_scraper — IDEALISTA_PROFILE_URLS está vacío en .env
2026-04-22 00:00:01 [INFO] main — Propiedades scrapeadas: 0
2026-04-22 00:00:36 [INFO] scraper.idealista_scraper — --- Perfil: https://www.idealista.com/pro/inmobiliariavasanco/ ---
2026-04-22 00:00:36 [INFO] scraper.idealista_scraper — Scrapeando perfil: https://www.idealista.com/pro/inmobiliariavasanco/
2026-04-22 00:00:39 [INFO] scraper.idealista_scraper — Sin más propiedades en página 1. Total: 0
2026-04-22 00:00:39 [INFO] scraper.idealista_scraper — --- Perfil: https://www.idealista.com/pro/raulgalisteo/ ---
2026-04-22 00:00:39 [INFO] scraper.idealista_scraper — Scrapeando perfil: https://www.idealista.com/pro/raulgalisteo/
2026-04-22 00:00:41 [INFO] scraper.idealista_scraper — Sin más propiedades en página 1. Total: 0
2026-04-22 00:00:41 [INFO] main — Propiedades scrapeadas: 0
2026-04-22 22:49:10 [INFO] scraper.idealista_scraper — --- Perfil: https://www.idealista.com/pro/inmobiliariavasanco/ ---
2026-04-22 22:49:10 [INFO] scraper.idealista_scraper — Scrapeando perfil: https://www.idealista.com/pro/inmobiliariavasanco/
2026-04-22 22:49:17 [WARNING] scraper.idealista_scraper — Página incompleta en https://www.idealista.com/pro/inmobiliariavasanco, reintentando...
2026-04-22 22:49:27 [WARNING] scraper.idealista_scraper — Página incompleta en https://www.idealista.com/pro/inmobiliariavasanco, reintentando...
2026-04-22 22:49:39 [INFO] scraper.idealista_scraper — --- Perfil: https://www.idealista.com/pro/raulgalisteo/ ---
2026-04-22 22:49:39 [INFO] scraper.idealista_scraper — Scrapeando perfil: https://www.idealista.com/pro/raulgalisteo/
2026-04-22 22:49:44 [ERROR] scraper.idealista_scraper — Error cargando https://www.idealista.com/pro/raulgalisteo (intento 1): Page.wait_for_timeout: Target page, context or browser has been closed
2026-04-22 22:49:49 [ERROR] scraper.idealista_scraper — Error cargando https://www.idealista.com/pro/raulgalisteo (intento 2): Page.goto: Target page, context or browser has been closed
2026-04-22 22:50:00 [ERROR] scraper.idealista_scraper — Error cargando https://www.idealista.com/pro/raulgalisteo (intento 3): Page.goto: Target page, context or browser has been closed
2026-04-22 22:50:11 [INFO] main — Propiedades scrapeadas: 0
2026-04-22 22:50:28 [INFO] scraper.idealista_scraper — --- Perfil: https://www.idealista.com/pro/inmobiliariavasanco/ ---
2026-04-22 22:50:28 [INFO] scraper.idealista_scraper — Scrapeando perfil: https://www.idealista.com/pro/inmobiliariavasanco/
2026-04-22 22:50:41 [INFO] scraper.idealista_scraper — Encontradas 15 propiedades en esta página
2026-04-22 22:50:41 [INFO] scraper.idealista_scraper —   → Propiedad: https://www.idealista.com/pro/inmobiliariavasanco/inmueble/110659138/
2026-04-22 22:50:47 [WARNING] scraper.idealista_scraper — Página incompleta en https://www.idealista.com/pro/inmobiliariavasanco/inmueble/110659138/, reintentando...
2026-04-22 22:50:57 [WARNING] scraper.idealista_scraper — Página incompleta en https://www.idealista.com/pro/inmobiliariavasanco/inmueble/110659138/, reintentando...
2026-04-22 22:51:11 [INFO] scraper.idealista_scraper —   → Propiedad: https://www.idealista.com/pro/inmobiliariavasanco/inmueble/108901397/
2026-04-22 22:51:17 [WARNING] scraper.idealista_scraper — Página incompleta en https://www.idealista.com/pro/inmobiliariavasanco/inmueble/108901397/, reintentando...
2026-04-22 22:51:27 [WARNING] scraper.idealista_scraper — Página incompleta en https://www.idealista.com/pro/inmobiliariavasanco/inmueble/108901397/, reintentando...
2026-04-22 22:51:36 [ERROR] scraper.idealista_scraper — Error cargando https://www.idealista.com/pro/inmobiliariavasanco/inmueble/108901397/ (intento 3): Page.wait_for_timeout: Target page, context or browser has been closed
2026-04-22 22:51:39 [INFO] scraper.idealista_scraper —   → Propiedad: https://www.idealista.com/pro/inmobiliariavasanco/inmueble/106971678/
2026-04-22 22:51:39 [ERROR] scraper.idealista_scraper — Error cargando https://www.idealista.com/pro/inmobiliariavasanco/inmueble/106971678/ (intento 1): Page.goto: Target page, context or browser has been closed
2026-04-22 22:51:44 [ERROR] scraper.idealista_scraper — Error cargando https://www.idealista.com/pro/inmobiliariavasanco/inmueble/106971678/ (intento 2): Page.goto: Target page, context or browser has been closed
2026-04-22 22:51:54 [ERROR] scraper.idealista_scraper — Error cargando https://www.idealista.com/pro/inmobiliariavasanco/inmueble/106971678/ (intento 3): Page.goto: Target page, context or browser has been closed
2026-04-22 22:51:57 [INFO] scraper.idealista_scraper —   → Propiedad: https://www.idealista.com/pro/inmobiliariavasanco/inmueble/110519456/
2026-04-22 22:51:57 [ERROR] scraper.idealista_scraper — Error cargando https://www.idealista.com/pro/inmobiliariavasanco/inmueble/110519456/ (intento 1): Page.goto: Target page, context or browser has been closed
2026-04-22 22:53:36 [WARNING] scraper.idealista_scraper — playwright-stealth no instalado. Corre: pip install playwright-stealth
2026-04-22 22:53:46 [INFO] scraper.idealista_scraper — --- Perfil: https://www.idealista.com/pro/inmobiliariavasanco/ ---
2026-04-22 22:53:46 [INFO] scraper.idealista_scraper — Scrapeando perfil: https://www.idealista.com/pro/inmobiliariavasanco/
2026-04-22 22:54:08 [INFO] scraper.idealista_scraper — Cookies aceptadas automáticamente
2026-04-22 22:54:15 [INFO] scraper.idealista_scraper — Encontradas 15 propiedades en esta página
2026-04-22 22:54:15 [INFO] scraper.idealista_scraper —   → Propiedad: https://www.idealista.com/pro/inmobiliariavasanco/inmueble/110659138/
2026-04-22 22:54:27 [WARNING] scraper.idealista_scraper — 
============================================================
2026-04-22 22:54:27 [WARNING] scraper.idealista_scraper — CAPTCHA detectado en: https://www.idealista.com/pro/inmobiliariavasanco/inmueble/110659138/
2026-04-22 22:54:27 [WARNING] scraper.idealista_scraper — Resuelve el captcha en la ventana del navegador
2026-04-22 22:54:27 [WARNING] scraper.idealista_scraper — Luego vuelve aquí y pulsa ENTER para continuar...
2026-04-22 22:54:27 [WARNING] scraper.idealista_scraper — ============================================================
2026-04-22 22:54:34 [WARNING] scraper.idealista_scraper — Página incompleta en https://www.idealista.com/pro/inmobiliariavasanco/inmueble/110659138/, reintentando...
2026-04-22 22:54:49 [ERROR] scraper.idealista_scraper — Error cargando https://www.idealista.com/pro/inmobiliariavasanco/inmueble/110659138/ (intento 2): Page.goto: Target page, context or browser has been closed
2026-04-22 22:55:09 [ERROR] scraper.idealista_scraper — Error cargando https://www.idealista.com/pro/inmobiliariavasanco/inmueble/110659138/ (intento 3): Page.goto: Target page, context or browser has been closed
2026-04-22 22:55:20 [INFO] scraper.idealista_scraper —   → Propiedad: https://www.idealista.com/pro/inmobiliariavasanco/inmueble/108901397/
2026-04-22 22:55:20 [ERROR] scraper.idealista_scraper — Error cargando https://www.idealista.com/pro/inmobiliariavasanco/inmueble/108901397/ (intento 1): Page.goto: Target page, context or browser has been closed
2026-04-22 22:55:30 [ERROR] scraper.idealista_scraper — Error cargando https://www.idealista.com/pro/inmobiliariavasanco/inmueble/108901397/ (intento 2): Page.goto: Target page, context or browser has been closed
2026-04-22 22:55:50 [ERROR] scraper.idealista_scraper — Error cargando https://www.idealista.com/pro/inmobiliariavasanco/inmueble/108901397/ (intento 3): Page.goto: Target page, context or browser has been closed
2026-04-22 22:55:59 [INFO] scraper.idealista_scraper —   → Propiedad: https://www.idealista.com/pro/inmobiliariavasanco/inmueble/106971678/
2026-04-22 22:55:59 [ERROR] scraper.idealista_scraper — Error cargando https://www.idealista.com/pro/inmobiliariavasanco/inmueble/106971678/ (intento 1): Page.goto: Target page, context or browser has been closed
2026-04-22 22:56:09 [ERROR] scraper.idealista_scraper — Error cargando https://www.idealista.com/pro/inmobiliariavasanco/inmueble/106971678/ (intento 2): Page.goto: Target page, context or browser has been closed
2026-04-22 22:56:29 [ERROR] scraper.idealista_scraper — Error cargando https://www.idealista.com/pro/inmobiliariavasanco/inmueble/106971678/ (intento 3): Page.goto: Target page, context or browser has been closed
2026-04-22 22:56:44 [INFO] scraper.idealista_scraper —   → Propiedad: https://www.idealista.com/pro/inmobiliariavasanco/inmueble/110519456/
2026-04-22 22:56:44 [ERROR] scraper.idealista_scraper — Error cargando https://www.idealista.com/pro/inmobiliariavasanco/inmueble/110519456/ (intento 1): Page.goto: Target page, context or browser has been closed
2026-04-22 22:56:54 [ERROR] scraper.idealista_scraper — Error cargando https://www.idealista.com/pro/inmobiliariavasanco/inmueble/110519456/ (intento 2): Page.goto: Target page, context or browser has been closed
2026-04-22 22:57:14 [ERROR] scraper.idealista_scraper — Error cargando https://www.idealista.com/pro/inmobiliariavasanco/inmueble/110519456/ (intento 3): Page.goto: Target page, context or browser has been closed
2026-04-22 22:59:31 [WARNING] scraper.idealista_scraper — playwright-stealth no instalado: pip install playwright-stealth
2026-04-22 22:59:34 [INFO] scraper.idealista_scraper — Iniciando warm-up en idealista.com...
2026-04-22 23:20:07 [WARNING] scraper.idealista_scraper — playwright-stealth no instalado: pip install playwright-stealth
2026-04-22 23:20:14 [INFO] scraper.idealista_scraper — Iniciando warm-up en idealista.com...
2026-04-22 23:20:33 [WARNING] scraper.idealista_scraper — Warm-up fallo (no critico): Page.goto: Target page, context or browser has been closed
2026-04-22 23:20:33 [INFO] scraper.idealista_scraper — --- Perfil: https://www.idealista.com/pro/inmobiliariavasanco/ ---
2026-04-22 23:20:33 [INFO] scraper.idealista_scraper — Scrapeando perfil: https://www.idealista.com/pro/inmobiliariavasanco/
2026-04-22 23:20:33 [ERROR] scraper.idealista_scraper — Error cargando https://www.idealista.com/pro/inmobiliariavasanco (intento 1): Page.goto: Target page, context or browser has been closed
2026-04-22 23:20:43 [ERROR] scraper.idealista_scraper — Error cargando https://www.idealista.com/pro/inmobiliariavasanco (intento 2): Page.goto: Target page, context or browser has been closed
2026-04-22 23:21:03 [ERROR] scraper.idealista_scraper — Error cargando https://www.idealista.com/pro/inmobiliariavasanco (intento 3): Page.goto: Target page, context or browser has been closed
2026-04-22 23:22:18 [WARNING] scraper.idealista_scraper — playwright-stealth no instalado: pip install playwright-stealth
2026-04-22 23:22:20 [INFO] scraper.idealista_scraper — Iniciando warm-up en idealista.com...
2026-04-22 23:22:32 [WARNING] scraper.idealista_scraper — Warm-up fallo (no critico): Page.goto: Target page, context or browser has been closed
2026-04-22 23:22:32 [INFO] scraper.idealista_scraper — --- Perfil: https://www.idealista.com/pro/inmobiliariavasanco/ ---
2026-04-22 23:22:32 [INFO] scraper.idealista_scraper — Scrapeando perfil: https://www.idealista.com/pro/inmobiliariavasanco/
2026-04-22 23:22:32 [ERROR] scraper.idealista_scraper — Error cargando https://www.idealista.com/pro/inmobiliariavasanco (intento 1): Page.goto: Target page, context or browser has been closed
2026-04-22 23:22:42 [ERROR] scraper.idealista_scraper — Error cargando https://www.idealista.com/pro/inmobiliariavasanco (intento 2): Page.goto: Target page, context or browser has been closed
2026-04-22 23:23:09 [INFO] scraper.idealista_scraper — Usando camoufox (Firefox anti-deteccion)
2026-04-22 23:23:28 [INFO] scraper.idealista_scraper — Warm-up: navegando como humano antes de ir al perfil...
2026-04-22 23:24:46 [INFO] scraper.idealista_scraper — Warm-up completado.
2026-04-22 23:24:47 [INFO] scraper.idealista_scraper — --- Perfil: https://www.idealista.com/pro/inmobiliariavasanco/ ---
2026-04-22 23:24:47 [INFO] scraper.idealista_scraper — Scrapeando perfil: https://www.idealista.com/pro/inmobiliariavasanco/
2026-04-22 23:24:47 [ERROR] scraper.idealista_scraper — Error cargando https://www.idealista.com/pro/inmobiliariavasanco (intento 1): Page.goto: Target page, context or browser has been closed
2026-04-22 23:25:28 [INFO] scraper.idealista_scraper — Usando camoufox (Firefox anti-deteccion)
2026-04-22 23:25:41 [INFO] scraper.idealista_scraper — Warm-up: navegando como humano antes de ir al perfil...
2026-04-22 23:26:17 [WARNING] scraper.idealista_scraper — Warm-up error (no critico): Page.goto: Target page, context or browser has been closed
2026-04-22 23:26:17 [INFO] scraper.idealista_scraper — --- Perfil: https://www.idealista.com/pro/inmobiliariavasanco/ ---
2026-04-22 23:26:17 [INFO] scraper.idealista_scraper — Scrapeando perfil: https://www.idealista.com/pro/inmobiliariavasanco/
2026-04-22 23:26:17 [ERROR] scraper.idealista_scraper — Error cargando https://www.idealista.com/pro/inmobiliariavasanco (intento 1): Page.goto: Target page, context or browser has been closed
2026-04-22 23:26:27 [ERROR] scraper.idealista_scraper — Error cargando https://www.idealista.com/pro/inmobiliariavasanco (intento 2): Page.goto: Target page, context or browser has been closed
2026-04-22 23:26:47 [ERROR] scraper.idealista_scraper — Error cargando https://www.idealista.com/pro/inmobiliariavasanco (intento 3): Page.goto: Target page, context or browser has been closed
2026-04-22 23:27:04 [INFO] scraper.idealista_scraper — --- Perfil: https://www.idealista.com/pro/raulgalisteo/ ---
2026-04-22 23:27:04 [INFO] scraper.idealista_scraper — Scrapeando perfil: https://www.idealista.com/pro/raulgalisteo/
2026-04-22 23:27:04 [ERROR] scraper.idealista_scraper — Error cargando https://www.idealista.com/pro/raulgalisteo (intento 1): Page.goto: Target page, context or browser has been closed
2026-04-22 23:27:14 [ERROR] scraper.idealista_scraper — Error cargando https://www.idealista.com/pro/raulgalisteo (intento 2): Page.goto: Target page, context or browser has been closed
2026-04-22 23:27:34 [ERROR] scraper.idealista_scraper — Error cargando https://www.idealista.com/pro/raulgalisteo (intento 3): Page.goto: Target page, context or browser has been closed
2026-04-22 23:27:58 [INFO] main — Propiedades scrapeadas: 0
2026-04-25 23:20:28 [INFO] scraper.idealista_scraper — Sesion del navegador limpiada (IP/cookies frescas).
2026-04-25 23:20:31 [INFO] scraper.idealista_scraper — Usando camoufox (Firefox anti-deteccion)
2026-04-25 23:22:35 [INFO] scraper.idealista_scraper — Warm-up: visitando 6 paginas antes de scrapear...
2026-04-25 23:23:44 [INFO] scraper.idealista_scraper — Cookies aceptadas
2026-04-25 23:25:29 [WARNING] scraper.idealista_scraper — Warm-up error en https://www.idealista.com/venta-viviendas/marbella-malaga/ (no critico): Page.goto: Timeout 45000ms exceeded.
Call log:
navigating to "https://www.idealista.com/venta-viviendas/marbella-malaga/", waiting until "networkidle"

2026-04-25 23:26:15 [INFO] scraper.idealista_scraper — Warm-up completado (6 paginas).
2026-04-25 23:26:15 [INFO] scraper.idealista_scraper — --- Perfil: https://www.idealista.com/pro/inmobiliariavasanco/ ---
2026-04-25 23:26:15 [INFO] scraper.idealista_scraper — Scrapeando perfil: https://www.idealista.com/pro/inmobiliariavasanco/
2026-04-25 23:26:42 [INFO] scraper.idealista_scraper — Encontradas 15 propiedades
2026-04-25 23:26:42 [INFO] scraper.idealista_scraper —   -> Propiedad: https://www.idealista.com/pro/inmobiliariavasanco/inmueble/110659138/
2026-04-25 23:27:42 [INFO] scraper.idealista_scraper —   -> Propiedad: https://www.idealista.com/pro/inmobiliariavasanco/inmueble/108901397/
2026-04-25 23:28:38 [INFO] scraper.idealista_scraper —   -> Propiedad: https://www.idealista.com/pro/inmobiliariavasanco/inmueble/106971678/
2026-04-25 23:29:32 [INFO] scraper.idealista_scraper —   -> Propiedad: https://www.idealista.com/pro/inmobiliariavasanco/inmueble/110519456/
2026-04-25 23:30:18 [INFO] scraper.idealista_scraper —   -> Propiedad: https://www.idealista.com/pro/inmobiliariavasanco/inmueble/110097974/
2026-04-25 23:31:10 [INFO] scraper.idealista_scraper —   -> Propiedad: https://www.idealista.com/pro/inmobiliariavasanco/inmueble/97522429/
2026-04-25 23:32:09 [INFO] scraper.idealista_scraper —   -> Propiedad: https://www.idealista.com/pro/inmobiliariavasanco/inmueble/109277199/
2026-04-25 23:33:04 [INFO] scraper.idealista_scraper —   -> Propiedad: https://www.idealista.com/pro/inmobiliariavasanco/inmueble/107673708/
2026-04-25 23:33:04 [ERROR] scraper.idealista_scraper — Error cargando https://www.idealista.com/pro/inmobiliariavasanco/inmueble/107673708/ (intento 1): Page.goto: Target page, context or browser has been closed
2026-04-25 23:33:14 [ERROR] scraper.idealista_scraper — Error cargando https://www.idealista.com/pro/inmobiliariavasanco/inmueble/107673708/ (intento 2): Page.goto: Target page, context or browser has been closed
2026-04-25 23:33:34 [ERROR] scraper.idealista_scraper — Error cargando https://www.idealista.com/pro/inmobiliariavasanco/inmueble/107673708/ (intento 3): Page.goto: Target page, context or browser has been closed
2026-04-25 23:34:03 [INFO] scraper.idealista_scraper —   -> Propiedad: https://www.idealista.com/pro/inmobiliariavasanco/inmueble/110814373/
2026-04-25 23:34:03 [ERROR] scraper.idealista_scraper — Error cargando https://www.idealista.com/pro/inmobiliariavasanco/inmueble/110814373/ (intento 1): Page.goto: Target page, context or browser has been closed
2026-04-25 23:34:13 [ERROR] scraper.idealista_scraper — Error cargando https://www.idealista.com/pro/inmobiliariavasanco/inmueble/110814373/ (intento 2): Page.goto: Target page, context or browser has been closed
2026-04-25 23:34:33 [ERROR] scraper.idealista_scraper — Error cargando https://www.idealista.com/pro/inmobiliariavasanco/inmueble/110814373/ (intento 3): Page.goto: Target page, context or browser has been closed
2026-04-25 23:35:04 [INFO] scraper.idealista_scraper —   -> Propiedad: https://www.idealista.com/pro/inmobiliariavasanco/inmueble/110922785/
2026-04-25 23:35:04 [ERROR] scraper.idealista_scraper — Error cargando https://www.idealista.com/pro/inmobiliariavasanco/inmueble/110922785/ (intento 1): Page.goto: Target page, context or browser has been closed
2026-04-25 23:35:14 [ERROR] scraper.idealista_scraper — Error cargando https://www.idealista.com/pro/inmobiliariavasanco/inmueble/110922785/ (intento 2): Page.goto: Target page, context or browser has been closed
2026-04-25 23:35:34 [ERROR] scraper.idealista_scraper — Error cargando https://www.idealista.com/pro/inmobiliariavasanco/inmueble/110922785/ (intento 3): Page.goto: Target page, context or browser has been closed
2026-04-25 23:36:08 [INFO] scraper.idealista_scraper —   -> Propiedad: https://www.idealista.com/pro/inmobiliariavasanco/inmueble/107685699/
2026-04-25 23:36:08 [ERROR] scraper.idealista_scraper — Error cargando https://www.idealista.com/pro/inmobiliariavasanco/inmueble/107685699/ (intento 1): Page.goto: Target page, context or browser has been closed
2026-04-25 23:36:18 [ERROR] scraper.idealista_scraper — Error cargando https://www.idealista.com/pro/inmobiliariavasanco/inmueble/107685699/ (intento 2): Page.goto: Target page, context or browser has been closed
2026-04-25 23:36:38 [ERROR] scraper.idealista_scraper — Error cargando https://www.idealista.com/pro/inmobiliariavasanco/inmueble/107685699/ (intento 3): Page.goto: Target page, context or browser has been closed
2026-04-25 23:37:08 [INFO] scraper.idealista_scraper —   -> Propiedad: https://www.idealista.com/pro/inmobiliariavasanco/inmueble/110729569/
2026-04-25 23:37:08 [ERROR] scraper.idealista_scraper — Error cargando https://www.idealista.com/pro/inmobiliariavasanco/inmueble/110729569/ (intento 1): Page.goto: Target page, context or browser has been closed
2026-04-25 23:37:18 [ERROR] scraper.idealista_scraper — Error cargando https://www.idealista.com/pro/inmobiliariavasanco/inmueble/110729569/ (intento 2): Page.goto: Target page, context or browser has been closed
2026-04-25 23:37:38 [ERROR] scraper.idealista_scraper — Error cargando https://www.idealista.com/pro/inmobiliariavasanco/inmueble/110729569/ (intento 3): Page.goto: Target page, context or browser has been closed
2026-04-25 23:38:32 [INFO] scraper.idealista_scraper —   -> Propiedad: https://www.idealista.com/pro/inmobiliariavasanco/inmueble/109454426/
2026-04-25 23:38:32 [ERROR] scraper.idealista_scraper — Error cargando https://www.idealista.com/pro/inmobiliariavasanco/inmueble/109454426/ (intento 1): Page.goto: Target page, context or browser has been closed
2026-04-25 23:38:42 [ERROR] scraper.idealista_scraper — Error cargando https://www.idealista.com/pro/inmobiliariavasanco/inmueble/109454426/ (intento 2): Page.goto: Target page, context or browser has been closed
2026-04-25 23:39:02 [ERROR] scraper.idealista_scraper — Error cargando https://www.idealista.com/pro/inmobiliariavasanco/inmueble/109454426/ (intento 3): Page.goto: Target page, context or browser has been closed
2026-04-25 23:39:29 [INFO] scraper.idealista_scraper —   -> Propiedad: https://www.idealista.com/pro/inmobiliariavasanco/inmueble/110808784/
2026-04-25 23:39:29 [ERROR] scraper.idealista_scraper — Error cargando https://www.idealista.com/pro/inmobiliariavasanco/inmueble/110808784/ (intento 1): Page.goto: Target page, context or browser has been closed
2026-04-25 23:39:39 [ERROR] scraper.idealista_scraper — Error cargando https://www.idealista.com/pro/inmobiliariavasanco/inmueble/110808784/ (intento 2): Page.goto: Target page, context or browser has been closed
2026-04-25 23:39:59 [ERROR] scraper.idealista_scraper — Error cargando https://www.idealista.com/pro/inmobiliariavasanco/inmueble/110808784/ (intento 3): Page.goto: Target page, context or browser has been closed
2026-04-25 23:40:51 [INFO] scraper.idealista_scraper —   -> Propiedad: https://www.idealista.com/pro/inmobiliariavasanco/inmueble/110535686/
2026-04-25 23:40:51 [ERROR] scraper.idealista_scraper — Error cargando https://www.idealista.com/pro/inmobiliariavasanco/inmueble/110535686/ (intento 1): Page.goto: Target page, context or browser has been closed
2026-04-25 23:41:01 [ERROR] scraper.idealista_scraper — Error cargando https://www.idealista.com/pro/inmobiliariavasanco/inmueble/110535686/ (intento 2): Page.goto: Target page, context or browser has been closed
2026-04-25 23:41:21 [ERROR] scraper.idealista_scraper — Error cargando https://www.idealista.com/pro/inmobiliariavasanco/inmueble/110535686/ (intento 3): Page.goto: Target page, context or browser has been closed
2026-04-25 23:42:30 [INFO] scraper.idealista_scraper — --- Perfil: https://www.idealista.com/pro/raulgalisteo/ ---
2026-04-25 23:42:30 [INFO] scraper.idealista_scraper — Scrapeando perfil: https://www.idealista.com/pro/raulgalisteo/
2026-04-25 23:42:30 [ERROR] scraper.idealista_scraper — Error cargando https://www.idealista.com/pro/raulgalisteo (intento 1): Page.goto: Target page, context or browser has been closed
2026-04-25 23:42:40 [ERROR] scraper.idealista_scraper — Error cargando https://www.idealista.com/pro/raulgalisteo (intento 2): Page.goto: Target page, context or browser has been closed
2026-04-25 23:43:00 [ERROR] scraper.idealista_scraper — Error cargando https://www.idealista.com/pro/raulgalisteo (intento 3): Page.goto: Target page, context or browser has been closed
2026-04-25 23:43:30 [INFO] main — Propiedades scrapeadas: 7
2026-04-25 23:43:30 [INFO] main —   [110659138] Chalet pareado en venta en Cerrado de Calderón - Hacienda Paredes — 1.400.000€ — Este, Málaga
2026-04-25 23:43:30 [INFO] main —   [108901397] Piso en venta en Limonar — 890.000€ — Este, Málaga
2026-04-25 23:43:30 [INFO] main —   [106971678] Piso en venta en Camino Santa Paula — 875.000€ — Parque Clavero, Málaga
2026-04-25 23:43:30 [INFO] main —   [110519456] Chalet adosado en venta en Paseo de la Sierra — 575.000€ — Cerrado de Calderón - Hacienda Paredes, Málaga
2026-04-25 23:43:30 [INFO] main —   [110097974] Casa o chalet independiente en venta en Cerrado de Calderón - Hacienda Paredes — 1.950.000€ — Este, Málaga
2026-04-25 23:43:30 [INFO] main —   [97522429] Chalet adosado en venta en Pedregalejo - Morlaco — 800.000€ — Este, Málaga
2026-04-25 23:43:30 [INFO] main —   [109277199] Casa o chalet independiente en venta en Cerrado de Calderón - Hacienda Paredes — 1.750.000€ — Este, Málaga
2026-04-25 23:44:17 [INFO] apscheduler.scheduler — Adding job tentatively -- it will be properly scheduled when the scheduler starts
2026-04-25 23:44:17 [INFO] scheduler.main_scheduler — [SCHEDULER] Ejecutando ciclo inicial...
2026-04-25 23:44:17 [INFO] scheduler.main_scheduler — [SCHEDULER] Lanzando ciclo de monitoreo
2026-04-25 23:44:19 [INFO] monitor.property_monitor — === Iniciando ciclo de scraping ===
2026-04-25 23:44:19 [INFO] scraper.idealista_scraper — Sesion del navegador limpiada (IP/cookies frescas).
2026-04-25 23:44:21 [INFO] scraper.idealista_scraper — Usando camoufox (Firefox anti-deteccion)
2026-04-25 23:44:39 [INFO] scraper.idealista_scraper — Warm-up: visitando 6 paginas antes de scrapear...
2026-04-25 23:44:41 [WARNING] scraper.idealista_scraper — Warm-up error en https://www.idealista.com/venta-casas/malaga-malaga/ (no critico): Page.goto: Target page, context or browser has been closed
Call log:
navigating to "https://www.idealista.com/venta-casas/malaga-malaga/", waiting until "networkidle"

2026-04-25 23:44:41 [WARNING] scraper.idealista_scraper — Warm-up error en https://www.idealista.com/venta-viviendas/marbella-malaga/ (no critico): Page.goto: Target page, context or browser has been closed
2026-04-25 23:44:41 [WARNING] scraper.idealista_scraper — Warm-up error en https://www.idealista.com/ (no critico): Page.goto: Target page, context or browser has been closed
2026-04-25 23:44:41 [WARNING] scraper.idealista_scraper — Warm-up error en https://www.idealista.com/venta-viviendas/malaga-malaga/ (no critico): Page.goto: Target page, context or browser has been closed
2026-04-25 23:44:41 [WARNING] scraper.idealista_scraper — Warm-up error en https://www.idealista.com/venta-pisos/barcelona/ (no critico): Page.goto: Target page, context or browser has been closed
2026-04-25 23:44:41 [WARNING] scraper.idealista_scraper — Warm-up error en https://www.idealista.com/alquiler-viviendas/madrid/ (no critico): Page.goto: Target page, context or browser has been closed
2026-04-25 23:44:41 [INFO] scraper.idealista_scraper — Warm-up completado (6 paginas).
2026-04-25 23:44:41 [INFO] scraper.idealista_scraper — --- Perfil: https://www.idealista.com/pro/inmobiliariavasanco/ ---
2026-04-25 23:44:41 [INFO] scraper.idealista_scraper — Scrapeando perfil: https://www.idealista.com/pro/inmobiliariavasanco/ (límite: sin límite)
2026-04-25 23:44:41 [ERROR] scraper.idealista_scraper — Error cargando https://www.idealista.com/pro/inmobiliariavasanco (intento 1): Page.goto: Target page, context or browser has been closed
2026-04-25 23:55:03 [INFO] apscheduler.scheduler — Adding job tentatively -- it will be properly scheduled when the scheduler starts
2026-04-25 23:55:03 [INFO] scheduler.main_scheduler — [SCHEDULER] Ejecutando ciclo inicial...
2026-04-25 23:55:03 [INFO] scheduler.main_scheduler — [SCHEDULER] Lanzando ciclo de monitoreo
2026-04-25 23:55:08 [INFO] apscheduler.scheduler — Adding job tentatively -- it will be properly scheduled when the scheduler starts
2026-04-25 23:55:08 [INFO] scheduler.main_scheduler — [SCHEDULER] Ejecutando ciclo inicial...
2026-04-25 23:55:08 [INFO] scheduler.main_scheduler — [SCHEDULER] Lanzando ciclo de monitoreo
2026-04-25 23:55:13 [INFO] apscheduler.scheduler — Adding job tentatively -- it will be properly scheduled when the scheduler starts
2026-04-25 23:55:13 [INFO] scheduler.main_scheduler — [SCHEDULER] Ejecutando ciclo inicial...
2026-04-25 23:55:13 [INFO] scheduler.main_scheduler — [SCHEDULER] Lanzando ciclo de monitoreo
2026-04-25 23:55:23 [INFO] apscheduler.scheduler — Adding job tentatively -- it will be properly scheduled when the scheduler starts
2026-04-25 23:55:24 [INFO] scheduler.main_scheduler — [SCHEDULER] Ejecutando ciclo inicial...
2026-04-25 23:55:24 [INFO] scheduler.main_scheduler — [SCHEDULER] Lanzando ciclo de monitoreo
2026-04-25 23:57:05 [INFO] apscheduler.scheduler — Adding job tentatively -- it will be properly scheduled when the scheduler starts
2026-04-25 23:57:05 [INFO] scheduler.main_scheduler — [SCHEDULER] Ejecutando ciclo inicial...
2026-04-25 23:57:05 [INFO] scheduler.main_scheduler — [SCHEDULER] Lanzando ciclo de monitoreo
2026-04-25 23:57:05 [INFO] monitor.property_monitor — === Iniciando ciclo de scraping ===
2026-04-25 23:57:05 [INFO] scraper.idealista_scraper — Sesion del navegador limpiada (IP/cookies frescas).
2026-04-25 23:57:06 [INFO] scraper.idealista_scraper — Usando camoufox (Firefox anti-deteccion)
2026-04-25 23:57:19 [INFO] scraper.idealista_scraper — Warm-up: visitando 6 paginas antes de scrapear...
2026-04-29 00:08:37 [INFO] scraper.idealista_scraper — Sesion del navegador limpiada (IP/cookies frescas).
2026-04-29 00:08:41 [INFO] scraper.idealista_scraper — Usando camoufox (Firefox anti-deteccion)
2026-04-29 00:09:20 [INFO] scraper.idealista_scraper — Warm-up: visitando 6 paginas antes de scrapear...
2026-04-29 00:11:44 [INFO] scraper.idealista_scraper — Modo Scrape.do activo — sin navegador, sin captchas
2026-04-29 00:11:44 [INFO] scraper.idealista_scraper — --- Perfil: https://www.idealista.com/pro/inmobiliariavasanco/ ---
2026-04-29 00:11:44 [INFO] scraper.idealista_scraper — Scrapeando perfil: https://www.idealista.com/pro/inmobiliariavasanco/ (límite: 3)
2026-04-29 00:11:55 [WARNING] scraper.idealista_scraper — Scrape.do intento 1: status=502, chars=713
2026-04-29 00:12:04 [WARNING] scraper.idealista_scraper — Scrape.do intento 2: status=502, chars=713
2026-04-29 00:12:17 [WARNING] scraper.idealista_scraper — Scrape.do intento 3: status=502, chars=713
2026-04-29 00:12:23 [INFO] scraper.idealista_scraper — --- Perfil: https://www.idealista.com/pro/raulgalisteo/ ---
2026-04-29 00:12:23 [INFO] scraper.idealista_scraper — Scrapeando perfil: https://www.idealista.com/pro/raulgalisteo/ (límite: 3)
2026-04-29 00:12:31 [WARNING] scraper.idealista_scraper — Scrape.do intento 1: status=502, chars=706
2026-04-29 00:12:47 [WARNING] scraper.idealista_scraper — Scrape.do intento 2: status=502, chars=706
2026-04-29 00:12:59 [WARNING] scraper.idealista_scraper — Scrape.do intento 3: status=502, chars=706
2026-04-29 00:13:02 [INFO] main — Propiedades scrapeadas: 0
2026-04-29 00:13:06 [INFO] scraper.idealista_scraper — Modo Scrape.do activo — sin navegador, sin captchas
2026-04-29 00:13:06 [INFO] scraper.idealista_scraper — --- Perfil: https://www.idealista.com/pro/inmobiliariavasanco/ ---
2026-04-29 00:13:06 [INFO] scraper.idealista_scraper — Scrapeando perfil: https://www.idealista.com/pro/inmobiliariavasanco/ (límite: 3)
2026-04-29 00:13:08 [WARNING] scraper.idealista_scraper — Scrape.do intento 1: status=502, chars=713
2026-04-29 00:13:15 [WARNING] scraper.idealista_scraper — Scrape.do intento 2: status=502, chars=713
2026-04-29 00:13:31 [INFO] scraper.idealista_scraper — Modo Scrape.do activo — sin navegador, sin captchas
2026-04-29 00:13:31 [INFO] scraper.idealista_scraper — --- Perfil: https://www.idealista.com/pro/inmobiliariavasanco/ ---
2026-04-29 00:13:31 [INFO] scraper.idealista_scraper — Scrapeando perfil: https://www.idealista.com/pro/inmobiliariavasanco/ (límite: 3)
2026-04-29 00:13:33 [INFO] scraper.idealista_scraper — Scrape.do OK [super=true&geoCode=ES]: https://www.idealista.com/pro/inmobiliariavasanco (367487 chars)
2026-04-29 00:13:33 [WARNING] scraper.idealista_scraper — JS eval fallo: 'NoneType' object has no attribute 'evaluate'
2026-04-29 00:13:33 [INFO] scraper.idealista_scraper —   -> Propiedad: https://www.idealista.com/pro/inmobiliariavasanco/inmueble/110659138/?_x_tr_sl=es_x_tr_tl=en_x_tr_hl=en
2026-04-29 00:13:35 [INFO] scraper.idealista_scraper — Scrape.do OK [super=true&geoCode=ES]: https://www.idealista.com/pro/inmobiliariavasanco/inmueble/110659138/?_x_tr_sl=es_x_tr_tl=en_x_tr_hl=en (379847 chars)
2026-04-29 00:14:07 [INFO] scraper.idealista_scraper —   -> Propiedad: https://www.idealista.com/pro/inmobiliariavasanco/inmueble/108901397/?_x_tr_sl=es_x_tr_tl=en_x_tr_hl=en
2026-04-29 00:14:09 [INFO] scraper.idealista_scraper — Scrape.do OK [super=true&geoCode=ES]: https://www.idealista.com/pro/inmobiliariavasanco/inmueble/108901397/?_x_tr_sl=es_x_tr_tl=en_x_tr_hl=en (360550 chars)
2026-04-29 00:15:03 [INFO] scraper.idealista_scraper —   -> Propiedad: https://www.idealista.com/pro/inmobiliariavasanco/inmueble/110782952/?_x_tr_sl=es_x_tr_tl=en_x_tr_hl=en
2026-04-29 00:15:05 [INFO] scraper.idealista_scraper — Scrape.do OK [super=true&geoCode=ES]: https://www.idealista.com/pro/inmobiliariavasanco/inmueble/110782952/?_x_tr_sl=es_x_tr_tl=en_x_tr_hl=en (287677 chars)
2026-04-29 00:15:50 [INFO] scraper.idealista_scraper — --- Perfil: https://www.idealista.com/pro/raulgalisteo/ ---
2026-04-29 00:15:50 [INFO] scraper.idealista_scraper — Scrapeando perfil: https://www.idealista.com/pro/raulgalisteo/ (límite: 3)
2026-04-29 00:15:51 [WARNING] scraper.idealista_scraper — Scrape.do [super=true&geoCode=ES] intento 1: status=404 body=<!doctype html>
<html lang="es" env="es" username="" data-userauth="false" class="">
 <head>
  <base href="https://www.idealista.com/pro/raulgalisteo/">
  <link rel="preload" as="style" href="https://
2026-04-29 00:15:58 [WARNING] scraper.idealista_scraper — Scrape.do [super=true&geoCode=ES] intento 2: status=404 body=<!doctype html>
<html lang="es" env="es" username="" data-userauth="false" class="">
 <head>
  <base href="https://www.idealista.com/pro/raulgalisteo/">
  <link rel="preload" as="style" href="https://
2026-04-29 00:16:25 [WARNING] scraper.idealista_scraper — Scrape.do [super=true&geoCode=ES] intento 3: status=404 body=<!doctype html>
<html lang="es" env="es" username="" data-userauth="false" class="">
 <head>
  <base href="https://www.idealista.com/pro/raulgalisteo/">
  <link rel="preload" as="style" href="https://
2026-04-29 00:16:27 [WARNING] scraper.idealista_scraper — Scrape.do [render=true&geoCode=ES] intento 1: status=502 body={"URL":"https://www.idealista.com/pro/raulgalisteo","StatusCode":403,"ErrorCode":90,"Message":["Error: not returning success status code","Request failed and not charged. Please try again."],"Possible
2026-04-29 00:16:34 [WARNING] scraper.idealista_scraper — Scrape.do [render=true&geoCode=ES] intento 2: status=502 body={"URL":"https://www.idealista.com/pro/raulgalisteo","StatusCode":403,"ErrorCode":90,"Message":["Error: not returning success status code","Request failed and not charged. Please try again."],"Possible
2026-04-29 00:16:48 [WARNING] scraper.idealista_scraper — Scrape.do [render=true&geoCode=ES] intento 3: status=502 body={"URL":"https://www.idealista.com/pro/raulgalisteo","StatusCode":403,"ErrorCode":90,"Message":["Error: not returning success status code","Request failed and not charged. Please try again."],"Possible
2026-04-29 00:16:51 [WARNING] scraper.idealista_scraper — Scrape.do [render=true] intento 1: status=502 body={"URL":"https://www.idealista.com/pro/raulgalisteo","StatusCode":403,"ErrorCode":90,"Message":["Error: not returning success status code","Request failed and not charged. Please try again."],"Possible
2026-04-29 00:16:58 [WARNING] scraper.idealista_scraper — Scrape.do [render=true] intento 2: status=502 body={"URL":"https://www.idealista.com/pro/raulgalisteo","StatusCode":403,"ErrorCode":90,"Message":["Error: not returning success status code","Request failed and not charged. Please try again."],"Possible
2026-04-29 00:17:11 [WARNING] scraper.idealista_scraper — Scrape.do [render=true] intento 3: status=502 body={"URL":"https://www.idealista.com/pro/raulgalisteo","StatusCode":403,"ErrorCode":90,"Message":["Error: not returning success status code","Request failed and not charged. Please try again."],"Possible
2026-04-29 00:17:14 [INFO] main — Propiedades scrapeadas: 3
2026-04-29 00:17:14 [INFO] main —   [110659138] Chalet pareado en venta en Cerrado de Calderón - Hacienda Paredes — 1.400.000€ — Este, Málaga
2026-04-29 00:17:14 [INFO] main —   [108901397] Piso en venta en Limonar — 890.000€ — Este, Málaga
2026-04-29 00:17:14 [INFO] main —   [110782952] Piso en venta en La Goleta - San Felipe Neri — 190.000€ — Centro, Málaga
2026-04-29 00:17:15 [INFO] scraper.idealista_scraper — Modo Scrape.do activo — sin navegador, sin captchas
2026-04-29 00:17:15 [INFO] scraper.idealista_scraper — --- Perfil: https://www.idealista.com/pro/inmobiliariavasanco/ ---
2026-04-29 00:17:15 [INFO] scraper.idealista_scraper — Scrapeando perfil: https://www.idealista.com/pro/inmobiliariavasanco/ (límite: 3)
2026-04-29 00:17:19 [INFO] scraper.idealista_scraper — Scrape.do OK [super=true&geoCode=ES]: https://www.idealista.com/pro/inmobiliariavasanco (367487 chars)
2026-04-29 00:17:19 [WARNING] scraper.idealista_scraper — JS eval fallo: 'NoneType' object has no attribute 'evaluate'
2026-04-29 00:17:19 [INFO] scraper.idealista_scraper —   -> Propiedad: https://www.idealista.com/pro/inmobiliariavasanco/inmueble/110659138/?_x_tr_sl=es_x_tr_tl=en_x_tr_hl=en
2026-04-29 00:17:21 [INFO] scraper.idealista_scraper — Scrape.do OK [super=true&geoCode=ES]: https://www.idealista.com/pro/inmobiliariavasanco/inmueble/110659138/?_x_tr_sl=es_x_tr_tl=en_x_tr_hl=en (379786 chars)
2026-04-29 00:17:56 [INFO] scraper.idealista_scraper —   -> Propiedad: https://www.idealista.com/pro/inmobiliariavasanco/inmueble/108901397/?_x_tr_sl=es_x_tr_tl=en_x_tr_hl=en
2026-04-29 00:17:58 [INFO] scraper.idealista_scraper — Scrape.do OK [super=true&geoCode=ES]: https://www.idealista.com/pro/inmobiliariavasanco/inmueble/108901397/?_x_tr_sl=es_x_tr_tl=en_x_tr_hl=en (360595 chars)
2026-04-29 00:18:43 [INFO] scraper.idealista_scraper —   -> Propiedad: https://www.idealista.com/pro/inmobiliariavasanco/inmueble/110782952/?_x_tr_sl=es_x_tr_tl=en_x_tr_hl=en
2026-04-29 00:18:45 [INFO] scraper.idealista_scraper — Scrape.do OK [super=true&geoCode=ES]: https://www.idealista.com/pro/inmobiliariavasanco/inmueble/110782952/?_x_tr_sl=es_x_tr_tl=en_x_tr_hl=en (352588 chars)
2026-04-29 00:19:31 [INFO] scraper.idealista_scraper — --- Perfil: https://www.idealista.com/pro/raulgalisteo/ ---
2026-04-29 00:19:31 [INFO] scraper.idealista_scraper — Scrapeando perfil: https://www.idealista.com/pro/raulgalisteo/ (límite: 3)
2026-04-29 00:19:35 [WARNING] scraper.idealista_scraper — Scrape.do [super=true&geoCode=ES] intento 1: status=404 body=<!doctype html>
<html lang="es" env="es" username="" data-userauth="false" class="">
 <head>
  <base href="https://www.idealista.com/pro/raulgalisteo/">
  <link rel="preload" as="style" href="https://
2026-04-29 00:19:42 [WARNING] scraper.idealista_scraper — Scrape.do [super=true&geoCode=ES] intento 2: status=404 body=<!doctype html>
<html lang="es" env="es" username="" data-userauth="false" class="">
 <head>
  <base href="https://www.idealista.com/pro/raulgalisteo/">
  <link rel="preload" as="style" href="https://
2026-04-29 00:19:54 [WARNING] scraper.idealista_scraper — Scrape.do [super=true&geoCode=ES] intento 3: status=404 body=<!doctype html>
<html lang="es" env="es" username="" data-userauth="false" class="">
 <head>
  <base href="https://www.idealista.com/pro/raulgalisteo/">
  <link rel="preload" as="style" href="https://
2026-04-29 00:19:57 [WARNING] scraper.idealista_scraper — Scrape.do [render=true&geoCode=ES] intento 1: status=502 body={"URL":"https://www.idealista.com/pro/raulgalisteo","StatusCode":403,"ErrorCode":90,"Message":["Error: not returning success status code","Request failed and not charged. Please try again."],"Possible
2026-04-29 00:20:05 [WARNING] scraper.idealista_scraper — Scrape.do [render=true&geoCode=ES] intento 2: status=502 body={"URL":"https://www.idealista.com/pro/raulgalisteo","StatusCode":403,"ErrorCode":90,"Message":["Error: not returning success status code","Request failed and not charged. Please try again."],"Possible
2026-04-29 00:20:27 [WARNING] scraper.idealista_scraper — Scrape.do [render=true&geoCode=ES] intento 3: status=502 body={"URL":"https://www.idealista.com/pro/raulgalisteo","StatusCode":502,"ErrorCode":90,"Message":["Error: not returning success status code","Request failed and not charged. Please try again."],"Possible
2026-04-29 00:20:29 [WARNING] scraper.idealista_scraper — Scrape.do [render=true] intento 1: status=502 body={"URL":"https://www.idealista.com/pro/raulgalisteo","StatusCode":403,"ErrorCode":90,"Message":["Error: not returning success status code","Request failed and not charged. Please try again."],"Possible
2026-04-29 00:21:52 [INFO] main — Ejecutando ciclo único...
2026-04-29 00:21:52 [INFO] monitor.property_monitor — === Iniciando ciclo de scraping ===
2026-04-29 00:21:52 [INFO] scraper.idealista_scraper — Modo Scrape.do activo — sin navegador, sin captchas
2026-04-29 00:21:52 [INFO] scraper.idealista_scraper — --- Perfil: https://www.idealista.com/pro/inmobiliariavasanco/ ---
2026-04-29 00:21:52 [INFO] scraper.idealista_scraper — Scrapeando perfil: https://www.idealista.com/pro/inmobiliariavasanco/ (límite: 3)
2026-04-29 00:21:54 [INFO] scraper.idealista_scraper — Scrape.do OK [super=true&geoCode=ES]: https://www.idealista.com/pro/inmobiliariavasanco (432448 chars)
2026-04-29 00:21:54 [WARNING] scraper.idealista_scraper — JS eval fallo: 'NoneType' object has no attribute 'evaluate'
2026-04-29 00:21:54 [INFO] scraper.idealista_scraper —   -> Propiedad: https://www.idealista.com/pro/inmobiliariavasanco/inmueble/110659138/
2026-04-29 00:21:57 [INFO] scraper.idealista_scraper — Scrape.do OK [super=true&geoCode=ES]: https://www.idealista.com/pro/inmobiliariavasanco/inmueble/110659138/ (379786 chars)
2026-04-29 00:22:45 [INFO] scraper.idealista_scraper —   -> Propiedad: https://www.idealista.com/pro/inmobiliariavasanco/inmueble/108901397/
2026-04-29 00:22:48 [INFO] scraper.idealista_scraper — Scrape.do OK [super=true&geoCode=ES]: https://www.idealista.com/pro/inmobiliariavasanco/inmueble/108901397/ (360550 chars)
2026-04-29 00:23:34 [INFO] scraper.idealista_scraper —   -> Propiedad: https://www.idealista.com/pro/inmobiliariavasanco/inmueble/110782952/
2026-04-29 00:23:36 [INFO] scraper.idealista_scraper — Scrape.do OK [super=true&geoCode=ES]: https://www.idealista.com/pro/inmobiliariavasanco/inmueble/110782952/ (287632 chars)
2026-04-29 00:24:25 [INFO] scraper.idealista_scraper — --- Perfil: https://www.idealista.com/pro/raulgalisteo/ ---
2026-04-29 00:24:25 [INFO] scraper.idealista_scraper — Scrapeando perfil: https://www.idealista.com/pro/raulgalisteo/ (límite: 3)
2026-04-29 00:24:27 [WARNING] scraper.idealista_scraper — Scrape.do: 404 en https://www.idealista.com/pro/raulgalisteo — perfil inexistente, saltando
2026-04-29 00:24:33 [INFO] monitor.property_monitor — Propiedades encontradas en Idealista: 3
2026-04-29 00:24:33 [INFO] monitor.property_monitor — [NUEVA] 110659138 — Chalet pareado en venta en Cerrado de Calderón - H
2026-04-29 00:24:33 [INFO] photo_processor.photo_enhancer — Propiedad 110659138: 0 mejoradas | 0 fallback | 0 planos — raw: data\photos\110659138\raw | processed: data\photos\110659138\processed
2026-04-29 00:24:34 [ERROR] wordpress.wp_client — Error con término 'For Sale' en 'property-status': 403 Client Error: Forbidden for url: https://lightblue-turtle-601986.hostingersite.com/wp-admin/wp-json/wp/v2/property-status?search=For+Sale
2026-04-29 00:24:35 [ERROR] wordpress.wp_client — Error con término 'Chalet' en 'property-type': 403 Client Error: Forbidden for url: https://lightblue-turtle-601986.hostingersite.com/wp-admin/wp-json/wp/v2/property-type?search=Chalet
2026-04-29 00:24:35 [ERROR] wordpress.wp_client — Error con término 'Este' en 'property-city': 403 Client Error: Forbidden for url: https://lightblue-turtle-601986.hostingersite.com/wp-admin/wp-json/wp/v2/property-city?search=Este
2026-04-29 00:24:36 [ERROR] wordpress.wp_client — Error con término 'Garaje / Parking' en 'property-feature': 403 Client Error: Forbidden for url: https://lightblue-turtle-601986.hostingersite.com/wp-admin/wp-json/wp/v2/property-feature?search=Garaje+%2F+Parking
2026-04-29 00:24:36 [ERROR] wordpress.wp_client — Error con término 'Piscina' en 'property-feature': 403 Client Error: Forbidden for url: https://lightblue-turtle-601986.hostingersite.com/wp-admin/wp-json/wp/v2/property-feature?search=Piscina
2026-04-29 00:24:36 [ERROR] wordpress.wp_client — Error con término 'Terraza' en 'property-feature': 403 Client Error: Forbidden for url: https://lightblue-turtle-601986.hostingersite.com/wp-admin/wp-json/wp/v2/property-feature?search=Terraza
2026-04-29 00:24:37 [ERROR] wordpress.property_publisher — Error publicando propiedad 110659138 en WP: 403 Client Error: Forbidden for url: https://lightblue-turtle-601986.hostingersite.com/wp-admin/wp-json/wp/v2/properties
2026-04-29 00:24:37 [INFO] monitor.property_monitor — [NUEVA] 108901397 — Piso en venta en Limonar
2026-04-29 00:24:37 [INFO] photo_processor.photo_enhancer — Propiedad 108901397: 0 mejoradas | 0 fallback | 0 planos — raw: data\photos\108901397\raw | processed: data\photos\108901397\processed
2026-04-29 00:24:37 [ERROR] wordpress.wp_client — Error con término 'For Sale' en 'property-status': 403 Client Error: Forbidden for url: https://lightblue-turtle-601986.hostingersite.com/wp-admin/wp-json/wp/v2/property-status?search=For+Sale
2026-04-29 00:24:38 [ERROR] wordpress.wp_client — Error con término 'Piso' en 'property-type': 403 Client Error: Forbidden for url: https://lightblue-turtle-601986.hostingersite.com/wp-admin/wp-json/wp/v2/property-type?search=Piso
2026-04-29 00:24:38 [ERROR] wordpress.wp_client — Error con término 'Este' en 'property-city': 403 Client Error: Forbidden for url: https://lightblue-turtle-601986.hostingersite.com/wp-admin/wp-json/wp/v2/property-city?search=Este
2026-04-29 00:24:38 [ERROR] wordpress.wp_client — Error con término 'Garaje / Parking' en 'property-feature': 403 Client Error: Forbidden for url: https://lightblue-turtle-601986.hostingersite.com/wp-admin/wp-json/wp/v2/property-feature?search=Garaje+%2F+Parking
2026-04-29 00:24:39 [ERROR] wordpress.wp_client — Error con término 'Piscina' en 'property-feature': 403 Client Error: Forbidden for url: https://lightblue-turtle-601986.hostingersite.com/wp-admin/wp-json/wp/v2/property-feature?search=Piscina
2026-04-29 00:24:39 [ERROR] wordpress.wp_client — Error con término 'Terraza' en 'property-feature': 403 Client Error: Forbidden for url: https://lightblue-turtle-601986.hostingersite.com/wp-admin/wp-json/wp/v2/property-feature?search=Terraza
2026-04-29 00:24:40 [ERROR] wordpress.property_publisher — Error publicando propiedad 108901397 en WP: 403 Client Error: Forbidden for url: https://lightblue-turtle-601986.hostingersite.com/wp-admin/wp-json/wp/v2/properties
2026-04-29 00:24:40 [INFO] monitor.property_monitor — [NUEVA] 110782952 — Piso en venta en La Goleta - San Felipe Neri
2026-04-29 00:24:40 [INFO] photo_processor.photo_enhancer — Propiedad 110782952: 0 mejoradas | 0 fallback | 0 planos — raw: data\photos\110782952\raw | processed: data\photos\110782952\processed
2026-04-29 00:24:40 [ERROR] wordpress.wp_client — Error con término 'For Sale' en 'property-status': 403 Client Error: Forbidden for url: https://lightblue-turtle-601986.hostingersite.com/wp-admin/wp-json/wp/v2/property-status?search=For+Sale
2026-04-29 00:24:41 [ERROR] wordpress.wp_client — Error con término 'Piso' en 'property-type': 403 Client Error: Forbidden for url: https://lightblue-turtle-601986.hostingersite.com/wp-admin/wp-json/wp/v2/property-type?search=Piso
2026-04-29 00:24:41 [ERROR] wordpress.wp_client — Error con término 'Centro' en 'property-city': 403 Client Error: Forbidden for url: https://lightblue-turtle-601986.hostingersite.com/wp-admin/wp-json/wp/v2/property-city?search=Centro
2026-04-29 00:24:41 [ERROR] wordpress.property_publisher — Error publicando propiedad 110782952 en WP: 403 Client Error: Forbidden for url: https://lightblue-turtle-601986.hostingersite.com/wp-admin/wp-json/wp/v2/properties
2026-04-29 00:24:41 [INFO] monitor.property_monitor — === Ciclo finalizado === Nuevas: 3 | Actualizadas: 0 | Eliminadas: 0 | Errores: 0
2026-04-29 00:24:41 [INFO] main — Finalizado: RunStats(found=3, new=3, updated=0, removed=0, errors=0)
2026-04-29 00:28:52 [INFO] main — Ejecutando ciclo único...
2026-04-29 00:28:53 [INFO] monitor.property_monitor — === Iniciando ciclo de scraping ===
2026-04-29 00:28:53 [INFO] scraper.idealista_scraper — Modo Scrape.do activo — sin navegador, sin captchas
2026-04-29 00:28:53 [INFO] scraper.idealista_scraper — --- Perfil: https://www.idealista.com/pro/inmobiliariavasanco/ ---
2026-04-29 00:28:53 [INFO] scraper.idealista_scraper — Scrapeando perfil: https://www.idealista.com/pro/inmobiliariavasanco/ (límite: 3)
2026-04-29 00:28:55 [INFO] scraper.idealista_scraper — Scrape.do OK [super=true&geoCode=ES]: https://www.idealista.com/pro/inmobiliariavasanco (432549 chars)
2026-04-29 00:28:55 [WARNING] scraper.idealista_scraper — JS eval fallo: 'NoneType' object has no attribute 'evaluate'
2026-04-29 00:28:55 [INFO] scraper.idealista_scraper —   -> Propiedad: https://www.idealista.com/pro/inmobiliariavasanco/inmueble/110659138/
2026-04-29 00:28:57 [INFO] scraper.idealista_scraper — Scrape.do OK [super=true&geoCode=ES]: https://www.idealista.com/pro/inmobiliariavasanco/inmueble/110659138/ (379847 chars)
2026-04-29 00:28:57 [WARNING] scraper.idealista_scraper — Sin fotos para 110659138 — revisando estructura HTML...
2026-04-29 00:28:57 [WARNING] scraper.idealista_scraper —   Script con imagenes encontrado (primeros 300 chars): 
    var config = {
        locale: 'es',
        userAuthenticated: false,
        isAuthenticatedPrivate: false,
        
        propertyId: 110659138,
        typology: 'chalet',
        operation: 'sale',
        favoriteFirstTime: false,
        discardFirstTime: false,
        urlAddFavorite:
2026-04-29 00:29:01 [INFO] scraper.idealista_scraper —   -> Propiedad: https://www.idealista.com/pro/inmobiliariavasanco/inmueble/108901397/
2026-04-29 00:29:03 [INFO] scraper.idealista_scraper — Scrape.do OK [super=true&geoCode=ES]: https://www.idealista.com/pro/inmobiliariavasanco/inmueble/108901397/ (360550 chars)
2026-04-29 00:29:03 [WARNING] scraper.idealista_scraper — Sin fotos para 108901397 — revisando estructura HTML...
2026-04-29 00:29:03 [WARNING] scraper.idealista_scraper —   Script con imagenes encontrado (primeros 300 chars): 
    var config = {
        locale: 'es',
        userAuthenticated: false,
        isAuthenticatedPrivate: false,
        
        propertyId: 108901397,
        typology: 'home',
        operation: 'sale',
        favoriteFirstTime: false,
        discardFirstTime: false,
        urlAddFavorite: '
2026-04-29 00:29:08 [INFO] scraper.idealista_scraper —   -> Propiedad: https://www.idealista.com/pro/inmobiliariavasanco/inmueble/110782952/
2026-04-29 00:29:09 [INFO] scraper.idealista_scraper — Scrape.do OK [super=true&geoCode=ES]: https://www.idealista.com/pro/inmobiliariavasanco/inmueble/110782952/ (287677 chars)
2026-04-29 00:29:10 [WARNING] scraper.idealista_scraper — Sin fotos para 110782952 — revisando estructura HTML...
2026-04-29 00:29:10 [WARNING] scraper.idealista_scraper —   Script con imagenes encontrado (primeros 300 chars): 
    var config = {
        locale: 'es',
        userAuthenticated: false,
        isAuthenticatedPrivate: false,
        
        propertyId: 110782952,
        typology: 'home',
        operation: 'sale',
        favoriteFirstTime: false,
        discardFirstTime: false,
        urlAddFavorite: '
2026-04-29 00:29:17 [INFO] scraper.idealista_scraper — --- Perfil: https://www.idealista.com/pro/raulgalisteo/ ---
2026-04-29 00:29:17 [INFO] scraper.idealista_scraper — Scrapeando perfil: https://www.idealista.com/pro/raulgalisteo/ (límite: 3)
2026-04-29 00:29:19 [WARNING] scraper.idealista_scraper — Scrape.do: 404 en https://www.idealista.com/pro/raulgalisteo — perfil inexistente, saltando
2026-04-29 00:29:23 [INFO] monitor.property_monitor — Propiedades encontradas en Idealista: 3
2026-04-29 00:29:23 [INFO] monitor.property_monitor — === Ciclo finalizado === Nuevas: 0 | Actualizadas: 0 | Eliminadas: 0 | Errores: 0
2026-04-29 00:29:23 [INFO] main — Finalizado: RunStats(found=3, new=0, updated=0, removed=0, errors=0)
2026-04-29 00:30:51 [INFO] scraper.idealista_scraper — Modo Scrape.do activo — sin navegador, sin captchas
2026-04-29 00:30:51 [INFO] scraper.idealista_scraper — --- Perfil: https://www.idealista.com/pro/inmobiliariavasanco/ ---
2026-04-29 00:30:51 [INFO] scraper.idealista_scraper — Scrapeando perfil: https://www.idealista.com/pro/inmobiliariavasanco/ (límite: 3)
2026-04-29 00:30:53 [INFO] scraper.idealista_scraper — Scrape.do OK [super=true&geoCode=ES]: https://www.idealista.com/pro/inmobiliariavasanco (367487 chars)
2026-04-29 00:30:53 [WARNING] scraper.idealista_scraper — JS eval fallo: 'NoneType' object has no attribute 'evaluate'
2026-04-29 00:30:53 [INFO] scraper.idealista_scraper —   -> Propiedad: https://www.idealista.com/pro/inmobiliariavasanco/inmueble/110659138/
2026-04-29 00:30:55 [INFO] scraper.idealista_scraper — Scrape.do OK [super=true&geoCode=ES]: https://www.idealista.com/pro/inmobiliariavasanco/inmueble/110659138/ (379892 chars)
2026-04-29 00:30:55 [WARNING] scraper.idealista_scraper — Sin fotos para 110659138 — buscando URLs de imagen en HTML...
2026-04-29 00:30:55 [WARNING] scraper.idealista_scraper —   URLs de imagen encontradas en HTML: ['https://st3.idealista.com/static/common/icons/32x32.png', 'https://st3.idealista.com/static/common/icons/57x57.png', 'https://st3.idealista.com/static/common/icons/60x60.png', 'https://st3.idealista.com/static/common/icons/76x76.png', 'https://st3.idealista.com/static/common/icons/96x96.png']
2026-04-29 00:30:56 [WARNING] scraper.idealista_scraper —   Clave 'idealista.com/' en script: ...dpoint: 'https://dd.idealista.com/js/'
          };
        ...
2026-04-29 00:30:56 [WARNING] scraper.idealista_scraper —   Clave 'idealista.com/' en script: ...ow.utagPath = '//dp.idealista.com/id-portal/prod/utag.js';
...
2026-04-29 00:30:56 [WARNING] scraper.idealista_scraper —   Clave 'idealista.com/' en script: ...seUri: 'https://st3.idealista.com/static',
        responseTime: '4',
        isFavourite: false,
        showContact: true,
        hasToShowRecommendations: false,
        auctionDepositTooltipTitle: "¿Cómo se calcula ...
2026-04-29 00:30:56 [WARNING] scraper.idealista_scraper —   Clave 'idealista.com/' en script: ...cript: 'https://st1.idealista.com/mortgages/static/release/IdForm/es/ad_detail/main.js?20260424132041',
        'interestType':1,
        'simulationType':1,
        'offsetPercentSavings':0
    };

    var mortgagesComp...
2026-04-29 00:30:56 [WARNING] scraper.idealista_scraper —   Clave 'idealista.com/' en script: ...4" src="https://st3.idealista.com/static/common/img/icons/ic-blocked-on-avatar.svg">
                        </div>
                    </div>
                    <div class="info">
                        <p class="user...
2026-04-29 00:30:56 [WARNING] scraper.idealista_scraper —   Clave 'idealista.com/' en script: ...a href="https://www.idealista.com/ayuda/articulos/politica-de-privacidad/"
						   target="_blank">política de privacidad</a>
					</span></span>
						
					
				</label>
		
	</div>

		
			<div id="recommenda...
2026-04-29 00:30:56 [WARNING] scraper.idealista_scraper —   Clave 'idealista.com/' en script: ...a href="https://www.idealista.com/ayuda/articulos/politica-de-privacidad/"
                                   target="_blank">política de privacidad</a>
                            </span></span>
                        ...
2026-04-29 00:30:56 [WARNING] scraper.idealista_scraper —   Clave '"gallery"' en script: ... contact-modal-type="gallery">
        <h3 class="module-contact_title h3-simulated">
            <strong>
                ¿Te interesa?
            </strong>
        </h3>

        
            
            
           ...
2026-04-29 00:30:56 [WARNING] scraper.idealista_scraper —   Clave 'idealista.com/' en script: ...a href="https://www.idealista.com/ayuda/articulos/politica-de-privacidad/" target="_blank">política de privacidad</a>
            </span>
        </span>
                
            
        </label>
    
    
</div>
...
2026-04-29 00:30:56 [WARNING] scraper.idealista_scraper —   Clave 'idealista.com/' en script: ...mg src="https://st3.idealista.com/a7/a2/09/inmobiliariavasanco.gif"
             class="agency-video__logo"
             data-ondemand-img="https://st3.idealista.com/a7/a2/09/inmobiliariavasanco.gif"
             alt="In...
2026-04-29 00:30:59 [INFO] scraper.idealista_scraper —   -> Propiedad: https://www.idealista.com/pro/inmobiliariavasanco/inmueble/108901397/
2026-04-29 00:31:01 [INFO] scraper.idealista_scraper — Scrape.do OK [super=true&geoCode=ES]: https://www.idealista.com/pro/inmobiliariavasanco/inmueble/108901397/ (360595 chars)
2026-04-29 00:31:02 [WARNING] scraper.idealista_scraper — Sin fotos para 108901397 — buscando URLs de imagen en HTML...
2026-04-29 00:31:02 [WARNING] scraper.idealista_scraper —   URLs de imagen encontradas en HTML: ['https://st3.idealista.com/static/common/icons/32x32.png', 'https://st3.idealista.com/static/common/icons/57x57.png', 'https://st3.idealista.com/static/common/icons/60x60.png', 'https://st3.idealista.com/static/common/icons/76x76.png', 'https://st3.idealista.com/static/common/icons/96x96.png']
2026-04-29 00:31:02 [WARNING] scraper.idealista_scraper —   Clave 'idealista.com/' en script: ...dpoint: 'https://dd.idealista.com/js/'
          };
        ...
2026-04-29 00:31:02 [WARNING] scraper.idealista_scraper —   Clave 'idealista.com/' en script: ...ow.utagPath = '//dp.idealista.com/id-portal/prod/utag.js';
...
2026-04-29 00:31:02 [WARNING] scraper.idealista_scraper —   Clave 'idealista.com/' en script: ...seUri: 'https://st3.idealista.com/static',
        responseTime: '4',
        isFavourite: false,
        showContact: true,
        hasToShowRecommendations: false,
        auctionDepositTooltipTitle: "¿Cómo se calcula ...
2026-04-29 00:31:02 [WARNING] scraper.idealista_scraper —   Clave 'idealista.com/' en script: ...cript: 'https://st1.idealista.com/mortgages/static/release/IdForm/es/ad_detail/main.js?20260424132041',
        'interestType':1,
        'simulationType':1,
        'offsetPercentSavings':0
    };

    var mortgagesComp...
2026-04-29 00:31:02 [WARNING] scraper.idealista_scraper —   Clave 'idealista.com/' en script: ...4" src="https://st3.idealista.com/static/common/img/icons/ic-blocked-on-avatar.svg">
                        </div>
                    </div>
                    <div class="info">
                        <p class="user...
2026-04-29 00:31:02 [WARNING] scraper.idealista_scraper —   Clave 'idealista.com/' en script: ...a href="https://www.idealista.com/ayuda/articulos/politica-de-privacidad/"
						   target="_blank">política de privacidad</a>
					</span></span>
						
					
				</label>
		
	</div>

		
			<div id="recommenda...
2026-04-29 00:31:02 [WARNING] scraper.idealista_scraper —   Clave 'idealista.com/' en script: ...a href="https://www.idealista.com/ayuda/articulos/politica-de-privacidad/"
                                   target="_blank">política de privacidad</a>
                            </span></span>
                        ...
2026-04-29 00:31:02 [WARNING] scraper.idealista_scraper —   Clave '"gallery"' en script: ... contact-modal-type="gallery">
        <h3 class="module-contact_title h3-simulated">
            <strong>
                ¿Te interesa?
            </strong>
        </h3>

        
            
            
           ...
2026-04-29 00:31:02 [WARNING] scraper.idealista_scraper —   Clave 'idealista.com/' en script: ...a href="https://www.idealista.com/ayuda/articulos/politica-de-privacidad/" target="_blank">política de privacidad</a>
            </span>
        </span>
                
            
        </label>
    
    
</div>
...
2026-04-29 00:31:02 [WARNING] scraper.idealista_scraper —   Clave 'idealista.com/' en script: ...mg src="https://st3.idealista.com/a7/a2/09/inmobiliariavasanco.gif"
             class="agency-video__logo"
             data-ondemand-img="https://st3.idealista.com/a7/a2/09/inmobiliariavasanco.gif"
             alt="In...
2026-04-29 00:31:04 [INFO] scraper.idealista_scraper —   -> Propiedad: https://www.idealista.com/pro/inmobiliariavasanco/inmueble/110782952/
2026-04-29 00:31:05 [INFO] scraper.idealista_scraper — Scrape.do OK [super=true&geoCode=ES]: https://www.idealista.com/pro/inmobiliariavasanco/inmueble/110782952/ (287632 chars)
2026-04-29 00:31:06 [WARNING] scraper.idealista_scraper — Sin fotos para 110782952 — buscando URLs de imagen en HTML...
2026-04-29 00:31:06 [WARNING] scraper.idealista_scraper —   URLs de imagen encontradas en HTML: ['https://st3.idealista.com/static/common/icons/32x32.png', 'https://st3.idealista.com/static/common/icons/57x57.png', 'https://st3.idealista.com/static/common/icons/60x60.png', 'https://st3.idealista.com/static/common/icons/76x76.png', 'https://st3.idealista.com/static/common/icons/96x96.png']
2026-04-29 00:31:06 [WARNING] scraper.idealista_scraper —   Clave 'idealista.com/' en script: ...dpoint: 'https://dd.idealista.com/js/'
          };
        ...
2026-04-29 00:31:06 [WARNING] scraper.idealista_scraper —   Clave 'idealista.com/' en script: ...ow.utagPath = '//dp.idealista.com/id-portal/prod/utag.js';
...
2026-04-29 00:31:06 [WARNING] scraper.idealista_scraper —   Clave 'idealista.com/' en script: ...seUri: 'https://st3.idealista.com/static',
        responseTime: '4',
        isFavourite: false,
        showContact: true,
        hasToShowRecommendations: false,
        auctionDepositTooltipTitle: "¿Cómo se calcula ...
2026-04-29 00:31:06 [WARNING] scraper.idealista_scraper —   Clave 'idealista.com/' en script: ...cript: 'https://st1.idealista.com/mortgages/static/release/IdForm/es/ad_detail/main.js?20260424132041',
        'interestType':1,
        'simulationType':1,
        'offsetPercentSavings':0
    };

    var mortgagesComp...
2026-04-29 00:31:06 [WARNING] scraper.idealista_scraper —   Clave 'idealista.com/' en script: ...4" src="https://st3.idealista.com/static/common/img/icons/ic-blocked-on-avatar.svg">
                        </div>
                    </div>
                    <div class="info">
                        <p class="user...
2026-04-29 00:31:06 [WARNING] scraper.idealista_scraper —   Clave 'idealista.com/' en script: ...a href="https://www.idealista.com/ayuda/articulos/politica-de-privacidad/"
						   target="_blank">política de privacidad</a>
					</span></span>
						
					
				</label>
		
	</div>

		
			<div id="recommenda...
2026-04-29 00:31:06 [WARNING] scraper.idealista_scraper —   Clave 'idealista.com/' en script: ...a href="https://www.idealista.com/ayuda/articulos/politica-de-privacidad/"
                                   target="_blank">política de privacidad</a>
                            </span></span>
                        ...
2026-04-29 00:31:06 [WARNING] scraper.idealista_scraper —   Clave '"gallery"' en script: ... contact-modal-type="gallery">
        <h3 class="module-contact_title h3-simulated">
            <strong>
                ¿Te interesa?
            </strong>
        </h3>

        
            
            
           ...
2026-04-29 00:31:06 [WARNING] scraper.idealista_scraper —   Clave 'idealista.com/' en script: ...a href="https://www.idealista.com/ayuda/articulos/politica-de-privacidad/" target="_blank">política de privacidad</a>
            </span>
        </span>
                
            
        </label>
    
    
</div>
...
2026-04-29 00:31:06 [WARNING] scraper.idealista_scraper —   Clave 'idealista.com/' en script: ...mg src="https://st3.idealista.com/a7/a2/09/inmobiliariavasanco.gif"
             class="agency-video__logo"
             data-ondemand-img="https://st3.idealista.com/a7/a2/09/inmobiliariavasanco.gif"
             alt="In...
2026-04-29 00:31:12 [INFO] scraper.idealista_scraper — --- Perfil: https://www.idealista.com/pro/raulgalisteo/ ---
2026-04-29 00:31:12 [INFO] scraper.idealista_scraper — Scrapeando perfil: https://www.idealista.com/pro/raulgalisteo/ (límite: 3)
2026-04-29 00:31:14 [WARNING] scraper.idealista_scraper — Scrape.do: 404 en https://www.idealista.com/pro/raulgalisteo — perfil inexistente, saltando
2026-04-29 00:31:17 [INFO] main — Propiedades scrapeadas: 3
2026-04-29 00:31:17 [INFO] main —   [110659138] Chalet pareado en venta en Cerrado de Calderón - Hacienda Paredes — 1.400.000€ — Este, Málaga
2026-04-29 00:31:17 [INFO] main —   [108901397] Piso en venta en Limonar — 890.000€ — Este, Málaga
2026-04-29 00:31:17 [INFO] main —   [110782952] Piso en venta en La Goleta - San Felipe Neri — 190.000€ — Centro, Málaga
2026-04-29 00:33:43 [INFO] main — Ejecutando ciclo único...
2026-04-29 00:33:43 [INFO] monitor.property_monitor — === Iniciando ciclo de scraping ===
2026-04-29 00:33:43 [INFO] scraper.idealista_scraper — Modo Scrape.do activo — sin navegador, sin captchas
2026-04-29 00:33:43 [INFO] scraper.idealista_scraper — --- Perfil: https://www.idealista.com/pro/inmobiliariavasanco/ ---
2026-04-29 00:33:43 [INFO] scraper.idealista_scraper — Scrapeando perfil: https://www.idealista.com/pro/inmobiliariavasanco/ (límite: 3)
2026-04-29 00:33:49 [INFO] scraper.idealista_scraper — Scrape.do OK [super=true&geoCode=ES]: https://www.idealista.com/pro/inmobiliariavasanco (367487 chars)
2026-04-29 00:33:49 [WARNING] scraper.idealista_scraper — JS eval fallo: 'NoneType' object has no attribute 'evaluate'
2026-04-29 00:33:49 [INFO] scraper.idealista_scraper —   -> Propiedad: https://www.idealista.com/pro/inmobiliariavasanco/inmueble/110659138/
2026-04-29 00:33:51 [INFO] scraper.idealista_scraper — Scrape.do OK [super=true&geoCode=ES]: https://www.idealista.com/pro/inmobiliariavasanco/inmueble/110659138/ (379892 chars)
2026-04-29 00:33:54 [INFO] scraper.idealista_scraper —   -> Propiedad: https://www.idealista.com/pro/inmobiliariavasanco/inmueble/108901397/
2026-04-29 00:33:56 [INFO] scraper.idealista_scraper — Scrape.do OK [super=true&geoCode=ES]: https://www.idealista.com/pro/inmobiliariavasanco/inmueble/108901397/ (360595 chars)
2026-04-29 00:34:01 [INFO] scraper.idealista_scraper —   -> Propiedad: https://www.idealista.com/pro/inmobiliariavasanco/inmueble/110782952/
2026-04-29 00:34:03 [INFO] scraper.idealista_scraper — Scrape.do OK [super=true&geoCode=ES]: https://www.idealista.com/pro/inmobiliariavasanco/inmueble/110782952/ (287677 chars)
2026-04-29 00:34:11 [INFO] scraper.idealista_scraper — --- Perfil: https://www.idealista.com/pro/raulgalisteo/ ---
2026-04-29 00:34:11 [INFO] scraper.idealista_scraper — Scrapeando perfil: https://www.idealista.com/pro/raulgalisteo/ (límite: 3)
2026-04-29 00:34:12 [WARNING] scraper.idealista_scraper — Scrape.do: 404 en https://www.idealista.com/pro/raulgalisteo — perfil inexistente, saltando
2026-04-29 00:34:16 [INFO] monitor.property_monitor — Propiedades encontradas en Idealista: 3
2026-04-29 00:34:16 [INFO] monitor.property_monitor — [NUEVA] 110659138 — Chalet pareado en venta en Cerrado de Calderón - H
2026-04-29 00:34:17 [INFO] photo_processor.photo_enhancer —   [ENHANCE 1/3] https://img4.idealista.com/blur/WEB_DETAIL_TOP-L-L/0/id.pro.es.image.master/06/c5/37/1412075561.webp
2026-04-29 00:34:18 [ERROR] photo_processor.kie_ai_client — Error polling tarea de9d6adb33cb9a61bcded8f2614ab7ff: 404 Client Error: Not Found for url: https://api.kie.ai/api/v1/jobs/getTaskDetail?taskId=de9d6adb33cb9a61bcded8f2614ab7ff
2026-04-29 00:34:18 [WARNING] photo_processor.photo_enhancer —   [FALLBACK] Kie.ai falló en foto 0. Usando original.
2026-04-29 00:34:19 [INFO] photo_processor.photo_enhancer —   [ENHANCE 2/3] https://img4.idealista.com/blur/WEB_DETAIL_TOP-L-L/0/id.pro.es.image.master/06/c5/37/1412075561.jpg
2026-04-29 00:34:19 [ERROR] photo_processor.kie_ai_client — Error polling tarea dc4412b1f147a7cc09d2b0af3383bdf9: 404 Client Error: Not Found for url: https://api.kie.ai/api/v1/jobs/getTaskDetail?taskId=dc4412b1f147a7cc09d2b0af3383bdf9
2026-04-29 00:34:19 [WARNING] photo_processor.photo_enhancer —   [FALLBACK] Kie.ai falló en foto 1. Usando original.
2026-04-29 00:34:20 [INFO] photo_processor.photo_enhancer —   [ENHANCE 3/3] https://img4.idealista.com/blur/WEB_DETAIL_TOP-L-L/0/id.pro.es.image.master/06/c5/37/1412075561.jpg
2026-04-29 00:34:21 [ERROR] photo_processor.kie_ai_client — Error polling tarea 49853340559a935cbe87c8f5aa37c04f: 404 Client Error: Not Found for url: https://api.kie.ai/api/v1/jobs/getTaskDetail?taskId=49853340559a935cbe87c8f5aa37c04f
2026-04-29 00:34:21 [WARNING] photo_processor.photo_enhancer —   [FALLBACK] Kie.ai falló en foto 2. Usando original.
2026-04-29 00:34:21 [INFO] photo_processor.photo_enhancer — Propiedad 110659138: 0 mejoradas | 3 fallback | 0 planos — raw: data\photos\110659138\raw | processed: data\photos\110659138\processed
2026-04-29 00:34:22 [ERROR] wordpress.wp_client — Error subiendo media data\photos\110659138\raw\photo_00.webp: 403 Client Error: Forbidden for url: https://lightblue-turtle-601986.hostingersite.com/wp-admin/wp-json/wp/v2/media
2026-04-29 00:34:22 [ERROR] wordpress.wp_client — Error subiendo media data\photos\110659138\raw\photo_01.jpg: 403 Client Error: Forbidden for url: https://lightblue-turtle-601986.hostingersite.com/wp-admin/wp-json/wp/v2/media
2026-04-29 00:34:22 [ERROR] wordpress.wp_client — Error subiendo media data\photos\110659138\raw\photo_02.jpg: 403 Client Error: Forbidden for url: https://lightblue-turtle-601986.hostingersite.com/wp-admin/wp-json/wp/v2/media
2026-04-29 00:34:23 [ERROR] wordpress.wp_client — Error con término 'For Sale' en 'property-status': 403 Client Error: Forbidden for url: https://lightblue-turtle-601986.hostingersite.com/wp-admin/wp-json/wp/v2/property-status?search=For+Sale
2026-04-29 00:34:23 [ERROR] wordpress.wp_client — Error con término 'Chalet' en 'property-type': 403 Client Error: Forbidden for url: https://lightblue-turtle-601986.hostingersite.com/wp-admin/wp-json/wp/v2/property-type?search=Chalet
2026-04-29 00:34:24 [ERROR] wordpress.wp_client — Error con término 'Este' en 'property-city': 403 Client Error: Forbidden for url: https://lightblue-turtle-601986.hostingersite.com/wp-admin/wp-json/wp/v2/property-city?search=Este
2026-04-29 00:34:24 [ERROR] wordpress.wp_client — Error con término 'Garaje / Parking' en 'property-feature': 403 Client Error: Forbidden for url: https://lightblue-turtle-601986.hostingersite.com/wp-admin/wp-json/wp/v2/property-feature?search=Garaje+%2F+Parking
2026-04-29 00:34:24 [ERROR] wordpress.wp_client — Error con término 'Piscina' en 'property-feature': 403 Client Error: Forbidden for url: https://lightblue-turtle-601986.hostingersite.com/wp-admin/wp-json/wp/v2/property-feature?search=Piscina
2026-04-29 00:34:25 [ERROR] wordpress.wp_client — Error con término 'Terraza' en 'property-feature': 403 Client Error: Forbidden for url: https://lightblue-turtle-601986.hostingersite.com/wp-admin/wp-json/wp/v2/property-feature?search=Terraza
2026-04-29 00:34:25 [ERROR] wordpress.property_publisher — Error publicando propiedad 110659138 en WP: 403 Client Error: Forbidden for url: https://lightblue-turtle-601986.hostingersite.com/wp-admin/wp-json/wp/v2/properties
2026-04-29 00:34:25 [INFO] monitor.property_monitor — [NUEVA] 108901397 — Piso en venta en Limonar
2026-04-29 00:34:26 [INFO] photo_processor.photo_enhancer —   [ENHANCE 1/3] https://img4.idealista.com/blur/WEB_DETAIL_TOP-L-L/0/id.pro.es.image.master/3b/55/66/1425218906.webp
2026-04-29 00:34:27 [ERROR] photo_processor.kie_ai_client — Error polling tarea a7c1b967f57124efff52cb1785b20bda: 404 Client Error: Not Found for url: https://api.kie.ai/api/v1/jobs/getTaskDetail?taskId=a7c1b967f57124efff52cb1785b20bda
2026-04-29 00:34:27 [WARNING] photo_processor.photo_enhancer —   [FALLBACK] Kie.ai falló en foto 0. Usando original.
2026-04-29 00:34:27 [INFO] photo_processor.photo_enhancer —   [ENHANCE 2/3] https://img4.idealista.com/blur/WEB_DETAIL_TOP-L-L/0/id.pro.es.image.master/3b/55/66/1425218906.jpg
2026-04-29 00:34:28 [ERROR] photo_processor.kie_ai_client — Error polling tarea 8324552208a846d800b9d9da20a2527b: 404 Client Error: Not Found for url: https://api.kie.ai/api/v1/jobs/getTaskDetail?taskId=8324552208a846d800b9d9da20a2527b
2026-04-29 00:34:28 [WARNING] photo_processor.photo_enhancer —   [FALLBACK] Kie.ai falló en foto 1. Usando original.
2026-04-29 00:34:28 [INFO] photo_processor.photo_enhancer —   [ENHANCE 3/3] https://img4.idealista.com/blur/WEB_DETAIL_TOP-L-L/0/id.pro.es.image.master/3b/55/66/1425218906.jpg
2026-04-29 00:34:29 [ERROR] photo_processor.kie_ai_client — Error polling tarea e7779fd7cf210f179bda130f743c38ad: 404 Client Error: Not Found for url: https://api.kie.ai/api/v1/jobs/getTaskDetail?taskId=e7779fd7cf210f179bda130f743c38ad
2026-04-29 00:34:29 [WARNING] photo_processor.photo_enhancer —   [FALLBACK] Kie.ai falló en foto 2. Usando original.
2026-04-29 00:34:29 [INFO] photo_processor.photo_enhancer — Propiedad 108901397: 0 mejoradas | 3 fallback | 0 planos — raw: data\photos\108901397\raw | processed: data\photos\108901397\processed
2026-04-29 00:34:29 [ERROR] wordpress.wp_client — Error subiendo media data\photos\108901397\raw\photo_00.webp: 403 Client Error: Forbidden for url: https://lightblue-turtle-601986.hostingersite.com/wp-admin/wp-json/wp/v2/media
2026-04-29 00:34:30 [ERROR] wordpress.wp_client — Error subiendo media data\photos\108901397\raw\photo_01.jpg: 403 Client Error: Forbidden for url: https://lightblue-turtle-601986.hostingersite.com/wp-admin/wp-json/wp/v2/media
2026-04-29 00:34:30 [ERROR] wordpress.wp_client — Error subiendo media data\photos\108901397\raw\photo_02.jpg: 403 Client Error: Forbidden for url: https://lightblue-turtle-601986.hostingersite.com/wp-admin/wp-json/wp/v2/media
2026-04-29 00:34:31 [ERROR] wordpress.wp_client — Error con término 'For Sale' en 'property-status': 403 Client Error: Forbidden for url: https://lightblue-turtle-601986.hostingersite.com/wp-admin/wp-json/wp/v2/property-status?search=For+Sale
2026-04-29 00:34:31 [ERROR] wordpress.wp_client — Error con término 'Piso' en 'property-type': 403 Client Error: Forbidden for url: https://lightblue-turtle-601986.hostingersite.com/wp-admin/wp-json/wp/v2/property-type?search=Piso
2026-04-29 00:34:32 [ERROR] wordpress.wp_client — Error con término 'Este' en 'property-city': 403 Client Error: Forbidden for url: https://lightblue-turtle-601986.hostingersite.com/wp-admin/wp-json/wp/v2/property-city?search=Este
2026-04-29 00:34:32 [ERROR] wordpress.wp_client — Error con término 'Garaje / Parking' en 'property-feature': 403 Client Error: Forbidden for url: https://lightblue-turtle-601986.hostingersite.com/wp-admin/wp-json/wp/v2/property-feature?search=Garaje+%2F+Parking
2026-04-29 00:34:32 [ERROR] wordpress.wp_client — Error con término 'Piscina' en 'property-feature': 403 Client Error: Forbidden for url: https://lightblue-turtle-601986.hostingersite.com/wp-admin/wp-json/wp/v2/property-feature?search=Piscina
2026-04-29 00:34:33 [ERROR] wordpress.wp_client — Error con término 'Terraza' en 'property-feature': 403 Client Error: Forbidden for url: https://lightblue-turtle-601986.hostingersite.com/wp-admin/wp-json/wp/v2/property-feature?search=Terraza
2026-04-29 00:34:33 [ERROR] wordpress.property_publisher — Error publicando propiedad 108901397 en WP: 403 Client Error: Forbidden for url: https://lightblue-turtle-601986.hostingersite.com/wp-admin/wp-json/wp/v2/properties
2026-04-29 00:34:33 [INFO] monitor.property_monitor — [NUEVA] 110782952 — Piso en venta en La Goleta - San Felipe Neri
2026-04-29 00:34:34 [INFO] photo_processor.photo_enhancer —   [ENHANCE 1/3] https://img4.idealista.com/blur/WEB_DETAIL_TOP-L-L/0/id.pro.es.image.master/ed/1f/fd/1415605894.webp
2026-04-29 00:34:34 [ERROR] photo_processor.kie_ai_client — Error polling tarea ec7bbc7eb7112152727eef72ab876cea: 404 Client Error: Not Found for url: https://api.kie.ai/api/v1/jobs/getTaskDetail?taskId=ec7bbc7eb7112152727eef72ab876cea
2026-04-29 00:34:34 [WARNING] photo_processor.photo_enhancer —   [FALLBACK] Kie.ai falló en foto 0. Usando original.
2026-04-29 00:34:35 [INFO] photo_processor.photo_enhancer —   [ENHANCE 2/3] https://img4.idealista.com/blur/WEB_DETAIL_TOP-L-L/0/id.pro.es.image.master/ed/1f/fd/1415605894.jpg
2026-04-29 00:34:35 [ERROR] photo_processor.kie_ai_client — Error polling tarea ae13b112c24c8b94d62f81c15e6663d7: 404 Client Error: Not Found for url: https://api.kie.ai/api/v1/jobs/getTaskDetail?taskId=ae13b112c24c8b94d62f81c15e6663d7
2026-04-29 00:34:35 [WARNING] photo_processor.photo_enhancer —   [FALLBACK] Kie.ai falló en foto 1. Usando original.
2026-04-29 00:34:36 [INFO] photo_processor.photo_enhancer —   [ENHANCE 3/3] https://img4.idealista.com/blur/WEB_DETAIL_TOP-L-L/0/id.pro.es.image.master/ed/1f/fd/1415605894.jpg
2026-04-29 00:34:36 [ERROR] photo_processor.kie_ai_client — Error polling tarea eda79e0cb1e1e82f3a223b589250b835: 404 Client Error: Not Found for url: https://api.kie.ai/api/v1/jobs/getTaskDetail?taskId=eda79e0cb1e1e82f3a223b589250b835
2026-04-29 00:34:36 [WARNING] photo_processor.photo_enhancer —   [FALLBACK] Kie.ai falló en foto 2. Usando original.
2026-04-29 00:34:36 [INFO] photo_processor.photo_enhancer — Propiedad 110782952: 0 mejoradas | 3 fallback | 0 planos — raw: data\photos\110782952\raw | processed: data\photos\110782952\processed
2026-04-29 00:34:37 [ERROR] wordpress.wp_client — Error subiendo media data\photos\110782952\raw\photo_00.webp: 403 Client Error: Forbidden for url: https://lightblue-turtle-601986.hostingersite.com/wp-admin/wp-json/wp/v2/media
2026-04-29 00:34:37 [ERROR] wordpress.wp_client — Error subiendo media data\photos\110782952\raw\photo_01.jpg: 403 Client Error: Forbidden for url: https://lightblue-turtle-601986.hostingersite.com/wp-admin/wp-json/wp/v2/media
2026-04-29 00:34:38 [ERROR] wordpress.wp_client — Error subiendo media data\photos\110782952\raw\photo_02.jpg: 403 Client Error: Forbidden for url: https://lightblue-turtle-601986.hostingersite.com/wp-admin/wp-json/wp/v2/media
2026-04-29 00:34:38 [ERROR] wordpress.wp_client — Error con término 'For Sale' en 'property-status': 403 Client Error: Forbidden for url: https://lightblue-turtle-601986.hostingersite.com/wp-admin/wp-json/wp/v2/property-status?search=For+Sale
2026-04-29 00:34:39 [ERROR] wordpress.wp_client — Error con término 'Piso' en 'property-type': 403 Client Error: Forbidden for url: https://lightblue-turtle-601986.hostingersite.com/wp-admin/wp-json/wp/v2/property-type?search=Piso
2026-04-29 00:34:39 [ERROR] wordpress.wp_client — Error con término 'Centro' en 'property-city': 403 Client Error: Forbidden for url: https://lightblue-turtle-601986.hostingersite.com/wp-admin/wp-json/wp/v2/property-city?search=Centro
2026-04-29 00:34:39 [ERROR] wordpress.property_publisher — Error publicando propiedad 110782952 en WP: 403 Client Error: Forbidden for url: https://lightblue-turtle-601986.hostingersite.com/wp-admin/wp-json/wp/v2/properties
2026-04-29 00:34:39 [INFO] monitor.property_monitor — === Ciclo finalizado === Nuevas: 3 | Actualizadas: 0 | Eliminadas: 0 | Errores: 0
2026-04-29 00:34:39 [INFO] main — Finalizado: RunStats(found=3, new=3, updated=0, removed=0, errors=0)
2026-04-29 00:37:58 [INFO] scraper.idealista_scraper — Modo Scrape.do activo — sin navegador, sin captchas
2026-04-29 00:37:58 [INFO] scraper.idealista_scraper — --- Perfil: https://www.idealista.com/pro/inmobiliariavasanco/ ---
2026-04-29 00:37:58 [INFO] scraper.idealista_scraper — Scrapeando perfil: https://www.idealista.com/pro/inmobiliariavasanco/ (límite: 3)
2026-04-29 00:38:00 [INFO] scraper.idealista_scraper — Scrape.do OK [super=true&geoCode=ES]: https://www.idealista.com/pro/inmobiliariavasanco (367487 chars)
2026-04-29 00:38:00 [WARNING] scraper.idealista_scraper — JS eval fallo: 'NoneType' object has no attribute 'evaluate'
2026-04-29 00:38:00 [INFO] scraper.idealista_scraper —   -> Propiedad: https://www.idealista.com/pro/inmobiliariavasanco/inmueble/110659138/
2026-04-29 00:38:03 [INFO] scraper.idealista_scraper — Scrape.do OK [super=true&geoCode=ES]: https://www.idealista.com/pro/inmobiliariavasanco/inmueble/110659138/ (379847 chars)
2026-04-29 00:38:08 [INFO] scraper.idealista_scraper —   -> Propiedad: https://www.idealista.com/pro/inmobiliariavasanco/inmueble/108901397/
2026-04-29 00:38:10 [INFO] scraper.idealista_scraper — Scrape.do OK [super=true&geoCode=ES]: https://www.idealista.com/pro/inmobiliariavasanco/inmueble/108901397/ (360707 chars)
2026-04-29 00:38:13 [INFO] scraper.idealista_scraper —   -> Propiedad: https://www.idealista.com/pro/inmobiliariavasanco/inmueble/110782952/
2026-04-29 00:38:15 [INFO] scraper.idealista_scraper — Scrape.do OK [super=true&geoCode=ES]: https://www.idealista.com/pro/inmobiliariavasanco/inmueble/110782952/ (287632 chars)
2026-04-29 00:38:23 [INFO] scraper.idealista_scraper — --- Perfil: https://www.idealista.com/pro/raulgalisteo/ ---
2026-04-29 00:38:23 [INFO] scraper.idealista_scraper — Scrapeando perfil: https://www.idealista.com/pro/raulgalisteo/ (límite: 3)
2026-04-29 00:38:24 [WARNING] scraper.idealista_scraper — Scrape.do: 404 en https://www.idealista.com/pro/raulgalisteo — perfil inexistente, saltando
2026-04-29 00:38:27 [INFO] main — Propiedades scrapeadas: 3
2026-04-29 00:38:27 [INFO] main —   [110659138] Chalet pareado en venta en Cerrado de Calderón - Hacienda Paredes — 1.400.000€ — Este, Málaga
2026-04-29 00:38:27 [INFO] main —   [108901397] Piso en venta en Limonar — 890.000€ — Este, Málaga
2026-04-29 00:38:27 [INFO] main —   [110782952] Piso en venta en La Goleta - San Felipe Neri — 190.000€ — Centro, Málaga
2026-04-29 21:58:04 [INFO] main — Ejecutando ciclo único...
2026-04-29 21:58:05 [INFO] monitor.property_monitor — === Iniciando ciclo de scraping ===
2026-04-29 21:58:05 [INFO] scraper.idealista_scraper — Modo Scrape.do activo — sin navegador, sin captchas
2026-04-29 21:58:05 [INFO] scraper.idealista_scraper — --- Perfil: https://www.idealista.com/pro/inmobiliariavasanco/ ---
2026-04-29 21:58:05 [INFO] scraper.idealista_scraper — Scrapeando perfil: https://www.idealista.com/pro/inmobiliariavasanco/ (límite: 3)
2026-04-29 21:59:05 [ERROR] scraper.idealista_scraper — Scrape.do [super=true&geoCode=ES] error (intento 1): HTTPSConnectionPool(host='api.scrape.do', port=443): Read timed out. (read timeout=60)
2026-04-29 21:59:14 [INFO] scraper.idealista_scraper — Scrape.do OK [super=true&geoCode=ES]: https://www.idealista.com/pro/inmobiliariavasanco (367597 chars)
2026-04-29 21:59:14 [WARNING] scraper.idealista_scraper — JS eval fallo: 'NoneType' object has no attribute 'evaluate'
2026-04-29 21:59:14 [INFO] scraper.idealista_scraper —   -> Propiedad: https://www.idealista.com/pro/inmobiliariavasanco/inmueble/110659138/
2026-04-29 21:59:16 [INFO] scraper.idealista_scraper — Scrape.do OK [super=true&geoCode=ES]: https://www.idealista.com/pro/inmobiliariavasanco/inmueble/110659138/ (380103 chars)
2026-04-29 21:59:21 [INFO] scraper.idealista_scraper —   -> Propiedad: https://www.idealista.com/pro/inmobiliariavasanco/inmueble/108901397/
2026-04-29 21:59:23 [INFO] scraper.idealista_scraper — Scrape.do OK [super=true&geoCode=ES]: https://www.idealista.com/pro/inmobiliariavasanco/inmueble/108901397/ (360912 chars)
2026-04-29 21:59:26 [INFO] scraper.idealista_scraper —   -> Propiedad: https://www.idealista.com/pro/inmobiliariavasanco/inmueble/106971678/
2026-04-29 21:59:28 [INFO] scraper.idealista_scraper — Scrape.do OK [super=true&geoCode=ES]: https://www.idealista.com/pro/inmobiliariavasanco/inmueble/106971678/ (328555 chars)
2026-04-29 21:59:35 [INFO] scraper.idealista_scraper — --- Perfil: https://www.idealista.com/pro/raulgalisteo/ ---
2026-04-29 21:59:35 [INFO] scraper.idealista_scraper — Scrapeando perfil: https://www.idealista.com/pro/raulgalisteo/ (límite: 3)
2026-04-29 21:59:37 [WARNING] scraper.idealista_scraper — Scrape.do: 404 en https://www.idealista.com/pro/raulgalisteo — perfil inexistente, saltando
2026-04-29 21:59:41 [INFO] monitor.property_monitor — Propiedades en Idealista: 3 total (3 nuevas)
2026-04-29 21:59:42 [INFO] monitor.property_monitor — [NUEVA] 110659138 — Chalet pareado en venta en Cerrado de Calderón - H
2026-04-29 21:59:43 [INFO] photo_processor.photo_enhancer —   [ENHANCE 1/1] https://img4.idealista.com/blur/WEB_DETAIL_TOP-L-L/0/id.pro.es.image.master/06/c5/37/1412075561.webp
2026-04-29 22:00:55 [INFO] photo_processor.photo_enhancer — Propiedad 110659138: 1 mejoradas | 0 fallback | 0 planos — raw: data\photos\110659138\raw | processed: data\photos\110659138\processed
2026-04-29 22:01:17 [ERROR] wordpress.wp_client — Error subiendo media data\photos\110659138\processed\photo_00_enhanced.png: 403 Client Error: Forbidden for url: https://lightblue-turtle-601986.hostingersite.com/wp-admin/wp-json/wp/v2/media
2026-04-29 22:01:17 [ERROR] wordpress.wp_client — Error con término 'For Sale' en 'property-status': 403 Client Error: Forbidden for url: https://lightblue-turtle-601986.hostingersite.com/wp-admin/wp-json/wp/v2/property-status?search=For+Sale
2026-04-29 22:01:18 [ERROR] wordpress.wp_client — Error con término 'Chalet' en 'property-type': 403 Client Error: Forbidden for url: https://lightblue-turtle-601986.hostingersite.com/wp-admin/wp-json/wp/v2/property-type?search=Chalet
2026-04-29 22:01:18 [ERROR] wordpress.wp_client — Error con término 'Este' en 'property-city': 403 Client Error: Forbidden for url: https://lightblue-turtle-601986.hostingersite.com/wp-admin/wp-json/wp/v2/property-city?search=Este
2026-04-29 22:01:19 [ERROR] wordpress.wp_client — Error con término 'Garaje / Parking' en 'property-feature': 403 Client Error: Forbidden for url: https://lightblue-turtle-601986.hostingersite.com/wp-admin/wp-json/wp/v2/property-feature?search=Garaje+%2F+Parking
2026-04-29 22:01:20 [ERROR] wordpress.wp_client — Error con término 'Piscina' en 'property-feature': 403 Client Error: Forbidden for url: https://lightblue-turtle-601986.hostingersite.com/wp-admin/wp-json/wp/v2/property-feature?search=Piscina
2026-04-29 22:01:20 [ERROR] wordpress.wp_client — Error con término 'Terraza' en 'property-feature': 403 Client Error: Forbidden for url: https://lightblue-turtle-601986.hostingersite.com/wp-admin/wp-json/wp/v2/property-feature?search=Terraza
2026-04-29 22:01:20 [ERROR] wordpress.property_publisher — Error publicando propiedad 110659138 en WP: 403 Client Error: Forbidden for url: https://lightblue-turtle-601986.hostingersite.com/wp-admin/wp-json/wp/v2/properties
2026-04-29 22:01:21 [INFO] monitor.property_monitor — [NUEVA] 108901397 — Piso en venta en Limonar
2026-04-29 22:01:22 [INFO] photo_processor.photo_enhancer —   [ENHANCE 1/1] https://img4.idealista.com/blur/WEB_DETAIL_TOP-L-L/0/id.pro.es.image.master/3b/55/66/1425218906.webp
2026-04-29 22:02:50 [INFO] photo_processor.photo_enhancer — Propiedad 108901397: 1 mejoradas | 0 fallback | 0 planos — raw: data\photos\108901397\raw | processed: data\photos\108901397\processed
2026-04-29 22:03:20 [ERROR] wordpress.wp_client — Error subiendo media data\photos\108901397\processed\photo_00_enhanced.png: HTTPSConnectionPool(host='lightblue-turtle-601986.hostingersite.com', port=443): Max retries exceeded with url: /wp-admin/wp-json/wp/v2/media (Caused by SSLError(SSLEOFError(8, 'EOF occurred in violation of protocol (_ssl.c:2427)')))
2026-04-29 22:03:21 [ERROR] wordpress.wp_client — Error con término 'For Sale' en 'property-status': 403 Client Error: Forbidden for url: https://lightblue-turtle-601986.hostingersite.com/wp-admin/wp-json/wp/v2/property-status?search=For+Sale
2026-04-29 22:03:21 [ERROR] wordpress.wp_client — Error con término 'Piso' en 'property-type': 403 Client Error: Forbidden for url: https://lightblue-turtle-601986.hostingersite.com/wp-admin/wp-json/wp/v2/property-type?search=Piso
2026-04-29 22:03:22 [ERROR] wordpress.wp_client — Error con término 'Este' en 'property-city': 403 Client Error: Forbidden for url: https://lightblue-turtle-601986.hostingersite.com/wp-admin/wp-json/wp/v2/property-city?search=Este
2026-04-29 22:03:23 [ERROR] wordpress.wp_client — Error con término 'Garaje / Parking' en 'property-feature': 403 Client Error: Forbidden for url: https://lightblue-turtle-601986.hostingersite.com/wp-admin/wp-json/wp/v2/property-feature?search=Garaje+%2F+Parking
2026-04-29 22:03:23 [ERROR] wordpress.wp_client — Error con término 'Piscina' en 'property-feature': 403 Client Error: Forbidden for url: https://lightblue-turtle-601986.hostingersite.com/wp-admin/wp-json/wp/v2/property-feature?search=Piscina
2026-04-29 22:03:24 [ERROR] wordpress.wp_client — Error con término 'Terraza' en 'property-feature': 403 Client Error: Forbidden for url: https://lightblue-turtle-601986.hostingersite.com/wp-admin/wp-json/wp/v2/property-feature?search=Terraza
2026-04-29 22:03:24 [ERROR] wordpress.property_publisher — Error publicando propiedad 108901397 en WP: 403 Client Error: Forbidden for url: https://lightblue-turtle-601986.hostingersite.com/wp-admin/wp-json/wp/v2/properties
2026-04-29 22:03:24 [INFO] monitor.property_monitor — [NUEVA] 106971678 — Piso en venta en Camino Santa Paula
2026-04-29 22:03:25 [INFO] photo_processor.photo_enhancer —   [ENHANCE 1/1] https://img4.idealista.com/blur/WEB_DETAIL_TOP-XL-L/0/id.pro.es.image.master/95/88/4b/1299433537.webp
2026-04-29 22:04:12 [INFO] photo_processor.photo_enhancer — Propiedad 106971678: 1 mejoradas | 0 fallback | 0 planos — raw: data\photos\106971678\raw | processed: data\photos\106971678\processed
2026-04-29 22:04:26 [ERROR] wordpress.wp_client — Error subiendo media data\photos\106971678\processed\photo_00_enhanced.png: 403 Client Error: Forbidden for url: https://lightblue-turtle-601986.hostingersite.com/wp-admin/wp-json/wp/v2/media
2026-04-29 22:04:27 [ERROR] wordpress.wp_client — Error con término 'For Sale' en 'property-status': 403 Client Error: Forbidden for url: https://lightblue-turtle-601986.hostingersite.com/wp-admin/wp-json/wp/v2/property-status?search=For+Sale
2026-04-29 22:04:27 [ERROR] wordpress.wp_client — Error con término 'Piso' en 'property-type': 403 Client Error: Forbidden for url: https://lightblue-turtle-601986.hostingersite.com/wp-admin/wp-json/wp/v2/property-type?search=Piso
2026-04-29 22:04:28 [ERROR] wordpress.wp_client — Error con término 'Parque Clavero' en 'property-city': 403 Client Error: Forbidden for url: https://lightblue-turtle-601986.hostingersite.com/wp-admin/wp-json/wp/v2/property-city?search=Parque+Clavero
2026-04-29 22:04:28 [ERROR] wordpress.wp_client — Error con término 'Garaje / Parking' en 'property-feature': 403 Client Error: Forbidden for url: https://lightblue-turtle-601986.hostingersite.com/wp-admin/wp-json/wp/v2/property-feature?search=Garaje+%2F+Parking
2026-04-29 22:04:28 [ERROR] wordpress.wp_client — Error con término 'Terraza' en 'property-feature': 403 Client Error: Forbidden for url: https://lightblue-turtle-601986.hostingersite.com/wp-admin/wp-json/wp/v2/property-feature?search=Terraza
2026-04-29 22:04:29 [ERROR] wordpress.property_publisher — Error publicando propiedad 106971678 en WP: 403 Client Error: Forbidden for url: https://lightblue-turtle-601986.hostingersite.com/wp-admin/wp-json/wp/v2/properties
2026-04-29 22:04:29 [INFO] monitor.property_monitor — === Ciclo finalizado === Nuevas: 3 | Actualizadas: 0 | Eliminadas: 0 | Errores: 0
2026-04-29 22:04:29 [INFO] main — Finalizado: RunStats(found=3, new=3, updated=0, removed=0, errors=0)
2026-04-29 22:27:59 [INFO] main — Ejecutando ciclo único...
2026-04-29 22:27:59 [INFO] monitor.property_monitor — Propiedades ya en BD: 3 — solo se scrapearan las nuevas
2026-04-29 22:27:59 [INFO] monitor.property_monitor — === Iniciando ciclo de scraping ===
2026-04-29 22:27:59 [INFO] scraper.idealista_scraper — Modo Scrape.do activo — sin navegador, sin captchas
2026-04-29 22:27:59 [INFO] scraper.idealista_scraper — --- Perfil: https://www.idealista.com/pro/inmobiliariavasanco/ ---
2026-04-29 22:27:59 [INFO] scraper.idealista_scraper — Scrapeando perfil: https://www.idealista.com/pro/inmobiliariavasanco/ (límite: 3)
2026-04-29 22:28:05 [INFO] scraper.idealista_scraper — Scrape.do OK [super=true&geoCode=ES]: https://www.idealista.com/pro/inmobiliariavasanco (367595 chars)
2026-04-29 22:28:05 [WARNING] scraper.idealista_scraper — JS eval fallo: 'NoneType' object has no attribute 'evaluate'
2026-04-29 22:28:08 [INFO] scraper.idealista_scraper — --- Perfil: https://www.idealista.com/pro/raulgalisteo/ ---
2026-04-29 22:28:08 [INFO] scraper.idealista_scraper — Scrapeando perfil: https://www.idealista.com/pro/raulgalisteo/ (límite: 3)
2026-04-29 22:28:10 [WARNING] scraper.idealista_scraper — Scrape.do: 404 en https://www.idealista.com/pro/raulgalisteo — perfil inexistente, saltando
2026-04-29 22:28:14 [INFO] monitor.property_monitor — Propiedades en Idealista: 3 total (0 nuevas)
2026-04-29 22:28:14 [INFO] monitor.property_monitor — === Ciclo finalizado === Nuevas: 0 | Actualizadas: 0 | Eliminadas: 0 | Errores: 0
2026-04-29 22:28:14 [INFO] main — Finalizado: RunStats(found=3, new=0, updated=0, removed=0, errors=0)
2026-04-29 22:34:48 [INFO] main — Ejecutando ciclo único...
2026-04-29 22:34:48 [INFO] monitor.property_monitor — === Iniciando ciclo de scraping ===
2026-04-29 22:34:48 [INFO] scraper.idealista_scraper — Modo Scrape.do activo — sin navegador, sin captchas
2026-04-29 22:34:48 [INFO] scraper.idealista_scraper — --- Perfil: https://www.idealista.com/pro/inmobiliariavasanco/ ---
2026-04-29 22:34:48 [INFO] scraper.idealista_scraper — Scrapeando perfil: https://www.idealista.com/pro/inmobiliariavasanco/ (límite: 3)
2026-04-29 22:34:51 [INFO] scraper.idealista_scraper — Scrape.do OK [super=true&geoCode=ES]: https://www.idealista.com/pro/inmobiliariavasanco (367595 chars)
2026-04-29 22:34:52 [WARNING] scraper.idealista_scraper — JS eval fallo: 'NoneType' object has no attribute 'evaluate'
2026-04-29 22:34:52 [INFO] scraper.idealista_scraper —   -> Propiedad: https://www.idealista.com/pro/inmobiliariavasanco/inmueble/110659138/
2026-04-29 22:34:54 [INFO] scraper.idealista_scraper — Scrape.do OK [super=true&geoCode=ES]: https://www.idealista.com/pro/inmobiliariavasanco/inmueble/110659138/ (380207 chars)
2026-04-29 22:34:57 [INFO] scraper.idealista_scraper —   -> Propiedad: https://www.idealista.com/pro/inmobiliariavasanco/inmueble/108901397/
2026-04-29 22:34:59 [INFO] scraper.idealista_scraper — Scrape.do OK [super=true&geoCode=ES]: https://www.idealista.com/pro/inmobiliariavasanco/inmueble/108901397/ (360910 chars)
2026-04-29 22:35:03 [INFO] scraper.idealista_scraper —   -> Propiedad: https://www.idealista.com/pro/inmobiliariavasanco/inmueble/106971678/
2026-04-29 22:35:05 [INFO] scraper.idealista_scraper — Scrape.do OK [super=true&geoCode=ES]: https://www.idealista.com/pro/inmobiliariavasanco/inmueble/106971678/ (328553 chars)
2026-04-29 22:35:11 [INFO] scraper.idealista_scraper — --- Perfil: https://www.idealista.com/pro/raulgalisteo/ ---
2026-04-29 22:35:11 [INFO] scraper.idealista_scraper — Scrapeando perfil: https://www.idealista.com/pro/raulgalisteo/ (límite: 3)
2026-04-29 22:35:13 [WARNING] scraper.idealista_scraper — Scrape.do: 404 en https://www.idealista.com/pro/raulgalisteo — perfil inexistente, saltando
2026-04-29 22:35:15 [INFO] monitor.property_monitor — Propiedades en Idealista: 3 total (3 nuevas)
2026-04-29 22:35:15 [INFO] monitor.property_monitor — [NUEVA] 110659138 — Chalet pareado en venta en Cerrado de Calderón - H
2026-04-29 22:35:17 [INFO] photo_processor.photo_enhancer — Enviando 1 fotos a KIE.AI en paralelo...
2026-04-29 22:36:28 [INFO] photo_processor.photo_enhancer —   [OK] foto 0 mejorada
2026-04-29 22:36:28 [INFO] photo_processor.photo_enhancer — Propiedad 110659138: 1 mejoradas | 0 fallback | 0 planos
2026-04-29 22:36:46 [ERROR] wordpress.wp_client — Error subiendo media data\photos\110659138\processed\photo_00_enhanced.png: 403 Client Error: Forbidden for url: https://lightblue-turtle-601986.hostingersite.com/wp-json/wp/v2/media
2026-04-29 22:36:47 [ERROR] wordpress.wp_client — Error con término 'For Sale' en 'property-status': 403 Client Error: Forbidden for url: https://lightblue-turtle-601986.hostingersite.com/wp-json/wp/v2/property-status?search=For+Sale
2026-04-29 22:36:48 [ERROR] wordpress.wp_client — Error con término 'Chalet' en 'property-type': 403 Client Error: Forbidden for url: https://lightblue-turtle-601986.hostingersite.com/wp-json/wp/v2/property-type?search=Chalet
2026-04-29 22:36:48 [ERROR] wordpress.wp_client — Error con término 'Este' en 'property-city': 403 Client Error: Forbidden for url: https://lightblue-turtle-601986.hostingersite.com/wp-json/wp/v2/property-city?search=Este
2026-04-29 22:36:48 [ERROR] wordpress.wp_client — Error con término 'Garaje / Parking' en 'property-feature': 403 Client Error: Forbidden for url: https://lightblue-turtle-601986.hostingersite.com/wp-json/wp/v2/property-feature?search=Garaje+%2F+Parking
2026-04-29 22:36:49 [ERROR] wordpress.wp_client — Error con término 'Piscina' en 'property-feature': 403 Client Error: Forbidden for url: https://lightblue-turtle-601986.hostingersite.com/wp-json/wp/v2/property-feature?search=Piscina
2026-04-29 22:36:49 [ERROR] wordpress.wp_client — Error con término 'Terraza' en 'property-feature': 403 Client Error: Forbidden for url: https://lightblue-turtle-601986.hostingersite.com/wp-json/wp/v2/property-feature?search=Terraza
2026-04-29 22:36:49 [ERROR] wordpress.property_publisher — Error publicando propiedad 110659138 en WP: 403 Client Error: Forbidden for url: https://lightblue-turtle-601986.hostingersite.com/wp-json/wp/v2/properties
2026-04-29 22:36:49 [INFO] monitor.property_monitor — [NUEVA] 108901397 — Piso en venta en Limonar
2026-04-29 22:36:51 [INFO] photo_processor.photo_enhancer — Enviando 1 fotos a KIE.AI en paralelo...
2026-04-29 22:38:02 [INFO] photo_processor.photo_enhancer —   [OK] foto 0 mejorada
2026-04-29 22:38:02 [INFO] photo_processor.photo_enhancer — Propiedad 108901397: 1 mejoradas | 0 fallback | 0 planos
2026-04-29 22:38:24 [ERROR] wordpress.wp_client — Error subiendo media data\photos\108901397\processed\photo_00_enhanced.png: 403 Client Error: Forbidden for url: https://lightblue-turtle-601986.hostingersite.com/wp-json/wp/v2/media
2026-04-29 22:38:24 [ERROR] wordpress.wp_client — Error con término 'For Sale' en 'property-status': 403 Client Error: Forbidden for url: https://lightblue-turtle-601986.hostingersite.com/wp-json/wp/v2/property-status?search=For+Sale
2026-04-29 22:38:24 [ERROR] wordpress.wp_client — Error con término 'Piso' en 'property-type': 403 Client Error: Forbidden for url: https://lightblue-turtle-601986.hostingersite.com/wp-json/wp/v2/property-type?search=Piso
2026-04-29 22:38:25 [ERROR] wordpress.wp_client — Error con término 'Este' en 'property-city': 403 Client Error: Forbidden for url: https://lightblue-turtle-601986.hostingersite.com/wp-json/wp/v2/property-city?search=Este
2026-04-29 22:38:25 [ERROR] wordpress.wp_client — Error con término 'Garaje / Parking' en 'property-feature': 403 Client Error: Forbidden for url: https://lightblue-turtle-601986.hostingersite.com/wp-json/wp/v2/property-feature?search=Garaje+%2F+Parking
2026-04-29 22:38:25 [ERROR] wordpress.wp_client — Error con término 'Piscina' en 'property-feature': 403 Client Error: Forbidden for url: https://lightblue-turtle-601986.hostingersite.com/wp-json/wp/v2/property-feature?search=Piscina
2026-04-29 22:38:26 [ERROR] wordpress.wp_client — Error con término 'Terraza' en 'property-feature': 403 Client Error: Forbidden for url: https://lightblue-turtle-601986.hostingersite.com/wp-json/wp/v2/property-feature?search=Terraza
2026-04-29 22:38:26 [ERROR] wordpress.property_publisher — Error publicando propiedad 108901397 en WP: 403 Client Error: Forbidden for url: https://lightblue-turtle-601986.hostingersite.com/wp-json/wp/v2/properties
2026-04-29 22:38:26 [INFO] monitor.property_monitor — [NUEVA] 106971678 — Piso en venta en Camino Santa Paula
2026-04-29 22:38:27 [INFO] photo_processor.photo_enhancer — Enviando 1 fotos a KIE.AI en paralelo...
2026-04-29 22:39:53 [INFO] photo_processor.photo_enhancer —   [OK] foto 0 mejorada
2026-04-29 22:39:53 [INFO] photo_processor.photo_enhancer — Propiedad 106971678: 1 mejoradas | 0 fallback | 0 planos
2026-04-29 22:40:07 [ERROR] wordpress.wp_client — Error subiendo media data\photos\106971678\processed\photo_00_enhanced.png: 403 Client Error: Forbidden for url: https://lightblue-turtle-601986.hostingersite.com/wp-json/wp/v2/media
2026-04-29 22:40:07 [ERROR] wordpress.wp_client — Error con término 'For Sale' en 'property-status': 403 Client Error: Forbidden for url: https://lightblue-turtle-601986.hostingersite.com/wp-json/wp/v2/property-status?search=For+Sale
2026-04-29 22:40:07 [ERROR] wordpress.wp_client — Error con término 'Piso' en 'property-type': 403 Client Error: Forbidden for url: https://lightblue-turtle-601986.hostingersite.com/wp-json/wp/v2/property-type?search=Piso
2026-04-29 22:40:08 [ERROR] wordpress.wp_client — Error con término 'Parque Clavero' en 'property-city': 403 Client Error: Forbidden for url: https://lightblue-turtle-601986.hostingersite.com/wp-json/wp/v2/property-city?search=Parque+Clavero
2026-04-29 22:40:08 [ERROR] wordpress.wp_client — Error con término 'Garaje / Parking' en 'property-feature': 403 Client Error: Forbidden for url: https://lightblue-turtle-601986.hostingersite.com/wp-json/wp/v2/property-feature?search=Garaje+%2F+Parking
2026-04-29 22:40:08 [ERROR] wordpress.wp_client — Error con término 'Terraza' en 'property-feature': 403 Client Error: Forbidden for url: https://lightblue-turtle-601986.hostingersite.com/wp-json/wp/v2/property-feature?search=Terraza
2026-04-29 22:40:09 [ERROR] wordpress.property_publisher — Error publicando propiedad 106971678 en WP: 403 Client Error: Forbidden for url: https://lightblue-turtle-601986.hostingersite.com/wp-json/wp/v2/properties
2026-04-29 22:40:09 [INFO] monitor.property_monitor — === Ciclo finalizado === Nuevas: 3 | Actualizadas: 0 | Eliminadas: 0 | Errores: 0
2026-04-29 22:40:09 [INFO] main — Finalizado: RunStats(found=3, new=3, updated=0, removed=0, errors=0)
2026-05-01 12:30:55 [INFO] main — Ejecutando ciclo único...
2026-05-01 12:30:56 [INFO] monitor.property_monitor — Propiedades ya en BD: 3 — solo se scrapearan las nuevas
2026-05-01 12:30:56 [INFO] monitor.property_monitor — === Iniciando ciclo de scraping ===
2026-05-01 12:30:56 [INFO] scraper.idealista_scraper — Modo Scrape.do activo — sin navegador, sin captchas
2026-05-01 12:30:56 [INFO] scraper.idealista_scraper — --- Perfil: https://www.idealista.com/pro/inmobiliariavasanco/ ---
2026-05-01 12:30:56 [INFO] scraper.idealista_scraper — Scrapeando perfil: https://www.idealista.com/pro/inmobiliariavasanco/ (límite: 3)
2026-05-01 12:30:59 [INFO] scraper.idealista_scraper — Scrape.do OK [super=true&geoCode=ES]: https://www.idealista.com/pro/inmobiliariavasanco (361859 chars)
2026-05-01 12:30:59 [WARNING] scraper.idealista_scraper — JS eval fallo: 'NoneType' object has no attribute 'evaluate'
2026-05-01 12:31:03 [INFO] scraper.idealista_scraper — --- Perfil: https://www.idealista.com/pro/raulgalisteo/ ---
2026-05-01 12:31:03 [INFO] scraper.idealista_scraper — Scrapeando perfil: https://www.idealista.com/pro/raulgalisteo/ (límite: 3)
2026-05-01 12:31:04 [WARNING] scraper.idealista_scraper — Scrape.do: 404 en https://www.idealista.com/pro/raulgalisteo — perfil inexistente, saltando
2026-05-01 12:31:08 [INFO] scraper.idealista_scraper — --- Perfil: https://www.idealista.com/pro/gestion-freshlanding/ ---
2026-05-01 12:31:08 [INFO] scraper.idealista_scraper — Scrapeando perfil: https://www.idealista.com/pro/gestion-freshlanding/ (límite: 3)
2026-05-01 12:31:11 [INFO] scraper.idealista_scraper — Scrape.do OK [super=true&geoCode=ES]: https://www.idealista.com/pro/gestion-freshlanding (322890 chars)
2026-05-01 12:31:11 [WARNING] scraper.idealista_scraper — JS eval fallo: 'NoneType' object has no attribute 'evaluate'
2026-05-01 12:31:11 [INFO] scraper.idealista_scraper —   -> Propiedad: https://www.idealista.com/pro/gestion-freshlanding/inmueble/110435987/
2026-05-01 12:31:13 [INFO] scraper.idealista_scraper — Scrape.do OK [super=true&geoCode=ES]: https://www.idealista.com/pro/gestion-freshlanding/inmueble/110435987/ (296742 chars)
2026-05-01 12:31:18 [INFO] scraper.idealista_scraper —   -> Propiedad: https://www.idealista.com/pro/gestion-freshlanding/inmueble/111003024/
2026-05-01 12:31:20 [INFO] scraper.idealista_scraper — Scrape.do OK [super=true&geoCode=ES]: https://www.idealista.com/pro/gestion-freshlanding/inmueble/111003024/ (306384 chars)
2026-05-01 12:31:23 [INFO] scraper.idealista_scraper —   -> Propiedad: https://www.idealista.com/pro/gestion-freshlanding/inmueble/110674654/
2026-05-01 12:31:25 [INFO] scraper.idealista_scraper — Scrape.do OK [super=true&geoCode=ES]: https://www.idealista.com/pro/gestion-freshlanding/inmueble/110674654/ (308599 chars)
2026-05-01 12:31:33 [INFO] monitor.property_monitor — Propiedades en Idealista: 6 total (3 nuevas)
2026-05-01 12:31:33 [INFO] monitor.property_monitor — [NUEVA] 110435987 — Piso en venta en CL Martinez De La Rosa, 39
2026-05-01 12:31:35 [INFO] photo_processor.photo_enhancer — Enviando 2 fotos a KIE.AI en paralelo...
2026-05-01 12:31:35 [ERROR] photo_processor.kie_ai_client — Kie.ai create error 500: quality is not within the range of allowed options
2026-05-01 12:31:35 [ERROR] photo_processor.kie_ai_client — Kie.ai create error 500: quality is not within the range of allowed options
2026-05-01 12:31:35 [WARNING] photo_processor.photo_enhancer —   [FALLBACK] foto 0 — usando original
2026-05-01 12:31:35 [WARNING] photo_processor.photo_enhancer —   [FALLBACK] foto 1 — usando original
2026-05-01 12:31:35 [INFO] photo_processor.photo_enhancer — Propiedad 110435987: 0 mejoradas | 2 fallback | 0 planos
2026-05-01 12:31:39 [ERROR] wordpress.wp_client — Error subiendo media data\photos\110435987\raw\photo_00_172c43ddd7.webp: 401 Client Error: Unauthorized for url: https://lightblue-turtle-601986.hostingersite.com/wp-json/wp/v2/media
2026-05-01 12:31:40 [ERROR] wordpress.wp_client — Error subiendo media data\photos\110435987\raw\photo_01_0c3d1c0688.jpg: 401 Client Error: Unauthorized for url: https://lightblue-turtle-601986.hostingersite.com/wp-json/wp/v2/media
2026-05-01 12:31:40 [ERROR] wordpress.wp_client — Error con término 'For Sale' en 'property-status': 404 Client Error: Not Found for url: https://lightblue-turtle-601986.hostingersite.com/wp-json/wp/v2/property-status?search=For+Sale
2026-05-01 12:31:41 [ERROR] wordpress.wp_client — Error con término 'Piso' en 'property-type': 404 Client Error: Not Found for url: https://lightblue-turtle-601986.hostingersite.com/wp-json/wp/v2/property-type?search=Piso
2026-05-01 12:31:41 [ERROR] wordpress.wp_client — Error con término 'Los Castillejos - La Trinidad' en 'property-city': 404 Client Error: Not Found for url: https://lightblue-turtle-601986.hostingersite.com/wp-json/wp/v2/property-city?search=Los+Castillejos+-+La+Trinidad
2026-05-01 12:31:41 [ERROR] wordpress.wp_client — Error con término 'Terraza' en 'property-feature': 404 Client Error: Not Found for url: https://lightblue-turtle-601986.hostingersite.com/wp-json/wp/v2/property-feature?search=Terraza
2026-05-01 12:31:42 [ERROR] wordpress.property_publisher — Error publicando propiedad 110435987 en WP: 404 Client Error: Not Found for url: https://lightblue-turtle-601986.hostingersite.com/wp-json/wp/v2/properties
2026-05-01 12:31:42 [INFO] monitor.property_monitor — [NUEVA] 111003024 — Ático en venta en Pasillo de Santa Isabel
2026-05-01 12:31:43 [INFO] photo_processor.photo_enhancer — Enviando 2 fotos a KIE.AI en paralelo...
2026-05-01 12:31:43 [ERROR] photo_processor.kie_ai_client — Kie.ai create error 500: quality is not within the range of allowed options
2026-05-01 12:31:43 [ERROR] photo_processor.kie_ai_client — Kie.ai create error 500: quality is not within the range of allowed options
2026-05-01 12:31:43 [WARNING] photo_processor.photo_enhancer —   [FALLBACK] foto 0 — usando original
2026-05-01 12:31:43 [WARNING] photo_processor.photo_enhancer —   [FALLBACK] foto 1 — usando original
2026-05-01 12:31:43 [INFO] photo_processor.photo_enhancer — Propiedad 111003024: 0 mejoradas | 2 fallback | 0 planos
2026-05-01 12:31:44 [ERROR] wordpress.wp_client — Error subiendo media data\photos\111003024\raw\photo_00_a14800e0b0.webp: 401 Client Error: Unauthorized for url: https://lightblue-turtle-601986.hostingersite.com/wp-json/wp/v2/media
2026-05-01 12:31:46 [ERROR] wordpress.wp_client — Error subiendo media data\photos\111003024\raw\photo_01_0c3d1c0688.jpg: 401 Client Error: Unauthorized for url: https://lightblue-turtle-601986.hostingersite.com/wp-json/wp/v2/media
2026-05-01 12:31:46 [ERROR] wordpress.wp_client — Error con término 'For Sale' en 'property-status': 404 Client Error: Not Found for url: https://lightblue-turtle-601986.hostingersite.com/wp-json/wp/v2/property-status?search=For+Sale
2026-05-01 12:31:47 [ERROR] wordpress.wp_client — Error con término 'Ático' en 'property-type': 404 Client Error: Not Found for url: https://lightblue-turtle-601986.hostingersite.com/wp-json/wp/v2/property-type?search=%C3%81tico
2026-05-01 12:31:47 [ERROR] wordpress.wp_client — Error con término 'Centro Histórico' en 'property-city': 404 Client Error: Not Found for url: https://lightblue-turtle-601986.hostingersite.com/wp-json/wp/v2/property-city?search=Centro+Hist%C3%B3rico
2026-05-01 12:31:47 [ERROR] wordpress.property_publisher — Error publicando propiedad 111003024 en WP: 404 Client Error: Not Found for url: https://lightblue-turtle-601986.hostingersite.com/wp-json/wp/v2/properties
2026-05-01 12:31:47 [INFO] monitor.property_monitor — [NUEVA] 110674654 — Piso en venta en CL Duquesa De Parcent
2026-05-01 12:31:48 [INFO] photo_processor.photo_enhancer — Enviando 2 fotos a KIE.AI en paralelo...
2026-05-01 12:31:49 [ERROR] photo_processor.kie_ai_client — Kie.ai create error 500: quality is not within the range of allowed options
2026-05-01 12:31:49 [ERROR] photo_processor.kie_ai_client — Kie.ai create error 500: quality is not within the range of allowed options
2026-05-01 12:31:49 [WARNING] photo_processor.photo_enhancer —   [FALLBACK] foto 0 — usando original
2026-05-01 12:31:49 [WARNING] photo_processor.photo_enhancer —   [FALLBACK] foto 1 — usando original
2026-05-01 12:31:49 [INFO] photo_processor.photo_enhancer — Propiedad 110674654: 0 mejoradas | 2 fallback | 0 planos
2026-05-01 12:31:50 [ERROR] wordpress.wp_client — Error subiendo media data\photos\110674654\raw\photo_00_4b94e8b768.webp: 401 Client Error: Unauthorized for url: https://lightblue-turtle-601986.hostingersite.com/wp-json/wp/v2/media
2026-05-01 12:31:50 [ERROR] wordpress.wp_client — Error subiendo media data\photos\110674654\raw\photo_01_0c3d1c0688.jpg: 401 Client Error: Unauthorized for url: https://lightblue-turtle-601986.hostingersite.com/wp-json/wp/v2/media
2026-05-01 12:31:51 [ERROR] wordpress.wp_client — Error con término 'For Sale' en 'property-status': 404 Client Error: Not Found for url: https://lightblue-turtle-601986.hostingersite.com/wp-json/wp/v2/property-status?search=For+Sale
2026-05-01 12:31:51 [ERROR] wordpress.wp_client — Error con término 'Piso' en 'property-type': 404 Client Error: Not Found for url: https://lightblue-turtle-601986.hostingersite.com/wp-json/wp/v2/property-type?search=Piso
2026-05-01 12:31:51 [ERROR] wordpress.wp_client — Error con término 'Ensanche Centro - Soho' en 'property-city': 404 Client Error: Not Found for url: https://lightblue-turtle-601986.hostingersite.com/wp-json/wp/v2/property-city?search=Ensanche+Centro+-+Soho
2026-05-01 12:31:51 [ERROR] wordpress.wp_client — Error con término 'Terraza' en 'property-feature': 404 Client Error: Not Found for url: https://lightblue-turtle-601986.hostingersite.com/wp-json/wp/v2/property-feature?search=Terraza
2026-05-01 12:31:52 [ERROR] wordpress.property_publisher — Error publicando propiedad 110674654 en WP: 404 Client Error: Not Found for url: https://lightblue-turtle-601986.hostingersite.com/wp-json/wp/v2/properties
2026-05-01 12:31:52 [INFO] monitor.property_monitor — === Ciclo finalizado === Nuevas: 3 | Actualizadas: 0 | Eliminadas: 0 | Errores: 0
2026-05-01 12:31:52 [INFO] main — Finalizado: RunStats(found=6, new=3, updated=0, removed=0, errors=0)
2026-05-01 12:39:55 [INFO] main — Ejecutando ciclo único...
2026-05-01 12:39:56 [INFO] monitor.property_monitor — Propiedades ya en BD: 3 — solo se scrapearan las nuevas
2026-05-01 12:39:56 [INFO] monitor.property_monitor — === Iniciando ciclo de scraping ===
2026-05-01 12:39:56 [INFO] scraper.idealista_scraper — Modo Scrape.do activo — sin navegador, sin captchas
2026-05-01 12:39:56 [INFO] scraper.idealista_scraper — --- Perfil: https://www.idealista.com/pro/inmobiliariavasanco/ ---
2026-05-01 12:39:56 [INFO] scraper.idealista_scraper — Scrapeando perfil: https://www.idealista.com/pro/inmobiliariavasanco/ (límite: 3)
2026-05-01 12:39:58 [INFO] scraper.idealista_scraper — Scrape.do OK [super=true&geoCode=ES]: https://www.idealista.com/pro/inmobiliariavasanco (361814 chars)
2026-05-01 12:39:58 [WARNING] scraper.idealista_scraper — JS eval fallo: 'NoneType' object has no attribute 'evaluate'
2026-05-01 12:40:00 [INFO] scraper.idealista_scraper — --- Perfil: https://www.idealista.com/pro/raulgalisteo/ ---
2026-05-01 12:40:00 [INFO] scraper.idealista_scraper — Scrapeando perfil: https://www.idealista.com/pro/raulgalisteo/ (límite: 3)
2026-05-01 12:40:04 [WARNING] scraper.idealista_scraper — Scrape.do: 404 en https://www.idealista.com/pro/raulgalisteo — perfil inexistente, saltando
2026-05-01 12:40:08 [INFO] scraper.idealista_scraper — --- Perfil: https://www.idealista.com/pro/gestion-freshlanding/ ---
2026-05-01 12:40:08 [INFO] scraper.idealista_scraper — Scrapeando perfil: https://www.idealista.com/pro/gestion-freshlanding/ (límite: 3)
2026-05-01 12:40:11 [INFO] scraper.idealista_scraper — Scrape.do OK [super=true&geoCode=ES]: https://www.idealista.com/pro/gestion-freshlanding (312424 chars)
2026-05-01 12:40:11 [WARNING] scraper.idealista_scraper — JS eval fallo: 'NoneType' object has no attribute 'evaluate'
2026-05-01 12:40:11 [INFO] scraper.idealista_scraper —   -> Propiedad: https://www.idealista.com/pro/gestion-freshlanding/inmueble/110720855/
2026-05-01 12:40:16 [INFO] scraper.idealista_scraper — Scrape.do OK [super=true&geoCode=ES]: https://www.idealista.com/pro/gestion-freshlanding/inmueble/110720855/ (293148 chars)
2026-05-01 12:40:20 [INFO] scraper.idealista_scraper —   -> Propiedad: https://www.idealista.com/pro/gestion-freshlanding/inmueble/107205397/
2026-05-01 12:40:22 [INFO] scraper.idealista_scraper — Scrape.do OK [super=true&geoCode=ES]: https://www.idealista.com/pro/gestion-freshlanding/inmueble/107205397/ (298767 chars)
2026-05-01 12:40:26 [INFO] scraper.idealista_scraper —   -> Propiedad: https://www.idealista.com/pro/gestion-freshlanding/inmueble/106055570/
2026-05-01 12:40:30 [INFO] scraper.idealista_scraper — Scrape.do OK [super=true&geoCode=ES]: https://www.idealista.com/pro/gestion-freshlanding/inmueble/106055570/ (274753 chars)
2026-05-01 12:40:36 [INFO] monitor.property_monitor — Propiedades en Idealista: 6 total (3 nuevas)
2026-05-01 12:40:36 [INFO] monitor.property_monitor — [NUEVA] 110720855 — Alquiler de dúplex en Calle Granada
2026-05-01 12:40:40 [INFO] photo_processor.photo_enhancer — Enviando 2 fotos a KIE.AI en paralelo...
2026-05-01 12:40:40 [ERROR] photo_processor.kie_ai_client — Kie.ai create error 500: This field is required
2026-05-01 12:40:40 [ERROR] photo_processor.kie_ai_client — Kie.ai create error 500: This field is required
2026-05-01 12:40:40 [WARNING] photo_processor.photo_enhancer —   [FALLBACK] foto 0 — usando original
2026-05-01 12:40:40 [WARNING] photo_processor.photo_enhancer —   [FALLBACK] foto 1 — usando original
2026-05-01 12:40:40 [INFO] photo_processor.photo_enhancer — Propiedad 110720855: 0 mejoradas | 2 fallback | 0 planos
2026-05-01 12:40:52 [ERROR] wordpress.wp_client — Error con término 'For Sale' en 'property-status': 404 Client Error: Not Found for url: https://lightblue-turtle-601986.hostingersite.com/wp-json/wp/v2/property-status?search=For+Sale
2026-05-01 12:40:53 [ERROR] wordpress.wp_client — Error con término 'Propiedad' en 'property-type': 404 Client Error: Not Found for url: https://lightblue-turtle-601986.hostingersite.com/wp-json/wp/v2/property-type?search=Propiedad
2026-05-01 12:40:53 [ERROR] wordpress.wp_client — Error con término 'Centro Histórico' en 'property-city': 404 Client Error: Not Found for url: https://lightblue-turtle-601986.hostingersite.com/wp-json/wp/v2/property-city?search=Centro+Hist%C3%B3rico
2026-05-01 12:40:54 [ERROR] wordpress.wp_client — Error con término 'Terraza' en 'property-feature': 404 Client Error: Not Found for url: https://lightblue-turtle-601986.hostingersite.com/wp-json/wp/v2/property-feature?search=Terraza
2026-05-01 12:40:55 [ERROR] wordpress.property_publisher — Error publicando propiedad 110720855 en WP: 404 Client Error: Not Found for url: https://lightblue-turtle-601986.hostingersite.com/wp-json/wp/v2/properties
2026-05-01 12:40:55 [INFO] monitor.property_monitor — [NUEVA] 107205397 — Alquiler de piso en Calle Martínez Campos
2026-05-01 12:40:56 [INFO] photo_processor.photo_enhancer — Enviando 1 fotos a KIE.AI en paralelo...
2026-05-01 12:40:56 [ERROR] photo_processor.kie_ai_client — Kie.ai create error 500: This field is required
2026-05-01 12:40:56 [WARNING] photo_processor.photo_enhancer —   [FALLBACK] foto 0 — usando original
2026-05-01 12:40:56 [INFO] photo_processor.photo_enhancer — Propiedad 107205397: 0 mejoradas | 1 fallback | 0 planos
2026-05-01 12:41:04 [ERROR] wordpress.wp_client — Error con término 'For Sale' en 'property-status': 404 Client Error: Not Found for url: https://lightblue-turtle-601986.hostingersite.com/wp-json/wp/v2/property-status?search=For+Sale
2026-05-01 12:41:04 [ERROR] wordpress.wp_client — Error con término 'Piso' en 'property-type': 404 Client Error: Not Found for url: https://lightblue-turtle-601986.hostingersite.com/wp-json/wp/v2/property-type?search=Piso
2026-05-01 12:41:04 [ERROR] wordpress.wp_client — Error con término 'Ensanche Centro - Soho' en 'property-city': 404 Client Error: Not Found for url: https://lightblue-turtle-601986.hostingersite.com/wp-json/wp/v2/property-city?search=Ensanche+Centro+-+Soho
2026-05-01 12:41:05 [ERROR] wordpress.property_publisher — Error publicando propiedad 107205397 en WP: 404 Client Error: Not Found for url: https://lightblue-turtle-601986.hostingersite.com/wp-json/wp/v2/properties
2026-05-01 12:41:05 [INFO] monitor.property_monitor — [NUEVA] 106055570 — Alquiler de piso en Calle Barrera de la Trinidad
2026-05-01 12:41:09 [INFO] photo_processor.photo_enhancer — Enviando 2 fotos a KIE.AI en paralelo...
2026-05-01 12:41:09 [ERROR] photo_processor.kie_ai_client — Kie.ai create error 500: This field is required
2026-05-01 12:41:09 [ERROR] photo_processor.kie_ai_client — Kie.ai create error 500: This field is required
2026-05-01 12:41:09 [WARNING] photo_processor.photo_enhancer —   [FALLBACK] foto 0 — usando original
2026-05-01 12:41:09 [WARNING] photo_processor.photo_enhancer —   [FALLBACK] foto 1 — usando original
2026-05-01 12:41:09 [INFO] photo_processor.photo_enhancer — Propiedad 106055570: 0 mejoradas | 2 fallback | 0 planos
2026-05-01 12:41:15 [ERROR] wordpress.wp_client — Error con término 'For Sale' en 'property-status': 404 Client Error: Not Found for url: https://lightblue-turtle-601986.hostingersite.com/wp-json/wp/v2/property-status?search=For+Sale
2026-05-01 12:41:16 [ERROR] wordpress.wp_client — Error con término 'Piso' en 'property-type': 404 Client Error: Not Found for url: https://lightblue-turtle-601986.hostingersite.com/wp-json/wp/v2/property-type?search=Piso
2026-05-01 12:41:16 [ERROR] wordpress.wp_client — Error con término 'La Trinidad' en 'property-city': 404 Client Error: Not Found for url: https://lightblue-turtle-601986.hostingersite.com/wp-json/wp/v2/property-city?search=La+Trinidad
2026-05-01 12:41:17 [ERROR] wordpress.wp_client — Error con término 'Garaje / Parking' en 'property-feature': 404 Client Error: Not Found for url: https://lightblue-turtle-601986.hostingersite.com/wp-json/wp/v2/property-feature?search=Garaje+%2F+Parking
2026-05-01 12:41:17 [ERROR] wordpress.property_publisher — Error publicando propiedad 106055570 en WP: 404 Client Error: Not Found for url: https://lightblue-turtle-601986.hostingersite.com/wp-json/wp/v2/properties
2026-05-01 12:41:17 [INFO] monitor.property_monitor — === Ciclo finalizado === Nuevas: 3 | Actualizadas: 0 | Eliminadas: 0 | Errores: 0
2026-05-01 12:41:17 [INFO] main — Finalizado: RunStats(found=6, new=3, updated=0, removed=0, errors=0)
2026-05-01 17:20:37 [INFO] main — Ejecutando ciclo único...
2026-05-01 17:20:38 [INFO] monitor.property_monitor — Propiedades ya en BD: 3 — solo se scrapearan las nuevas
2026-05-01 17:20:38 [INFO] monitor.property_monitor — === Iniciando ciclo de scraping ===
2026-05-01 17:20:38 [INFO] scraper.idealista_scraper — Modo Scrape.do activo — sin navegador, sin captchas
2026-05-01 17:20:38 [INFO] scraper.idealista_scraper — --- Perfil: https://www.idealista.com/pro/inmobiliariavasanco/ ---
2026-05-01 17:20:38 [INFO] scraper.idealista_scraper — Scrapeando perfil: https://www.idealista.com/pro/inmobiliariavasanco/ (límite: 3)
2026-05-01 17:20:40 [INFO] scraper.idealista_scraper — Scrape.do OK [super=true&geoCode=ES]: https://www.idealista.com/pro/inmobiliariavasanco (361859 chars)
2026-05-01 17:20:41 [WARNING] scraper.idealista_scraper — JS eval fallo: 'NoneType' object has no attribute 'evaluate'
2026-05-01 17:20:43 [INFO] scraper.idealista_scraper — --- Perfil: https://www.idealista.com/pro/raulgalisteo/ ---
2026-05-01 17:20:43 [INFO] scraper.idealista_scraper — Scrapeando perfil: https://www.idealista.com/pro/raulgalisteo/ (límite: 3)
2026-05-01 17:20:46 [WARNING] scraper.idealista_scraper — Scrape.do: 404 en https://www.idealista.com/pro/raulgalisteo — perfil inexistente, saltando
2026-05-01 17:20:49 [INFO] scraper.idealista_scraper — --- Perfil: https://www.idealista.com/pro/gestion-freshlanding/ ---
2026-05-01 17:20:49 [INFO] scraper.idealista_scraper — Scrapeando perfil: https://www.idealista.com/pro/gestion-freshlanding/ (límite: 3)
2026-05-01 17:20:52 [INFO] scraper.idealista_scraper — Scrape.do OK [super=true&geoCode=ES]: https://www.idealista.com/pro/gestion-freshlanding (322784 chars)
2026-05-01 17:20:52 [WARNING] scraper.idealista_scraper — JS eval fallo: 'NoneType' object has no attribute 'evaluate'
2026-05-01 17:20:52 [INFO] scraper.idealista_scraper —   -> Propiedad: https://www.idealista.com/pro/gestion-freshlanding/inmueble/110435987/
2026-05-01 17:20:54 [INFO] scraper.idealista_scraper — Scrape.do OK [super=true&geoCode=ES]: https://www.idealista.com/pro/gestion-freshlanding/inmueble/110435987/ (296742 chars)
2026-05-01 17:20:58 [INFO] scraper.idealista_scraper —   -> Propiedad: https://www.idealista.com/pro/gestion-freshlanding/inmueble/111003024/
2026-05-01 17:21:00 [INFO] scraper.idealista_scraper — Scrape.do OK [super=true&geoCode=ES]: https://www.idealista.com/pro/gestion-freshlanding/inmueble/111003024/ (306384 chars)
2026-05-01 17:21:03 [INFO] scraper.idealista_scraper —   -> Propiedad: https://www.idealista.com/pro/gestion-freshlanding/inmueble/110674654/
2026-05-01 17:21:19 [WARNING] scraper.idealista_scraper — Scrape.do [super=true&geoCode=ES] intento 1: status=502 body={"URL":"https://www.idealista.com/pro/gestion-freshlanding/inmueble/110674654/","StatusCode":502,"ErrorCode":90,"Message":["Error: cannot connect target url","Request failed and not charged. Please tr
2026-05-01 17:21:26 [INFO] scraper.idealista_scraper — Scrape.do OK [super=true&geoCode=ES]: https://www.idealista.com/pro/gestion-freshlanding/inmueble/110674654/ (308554 chars)
2026-05-01 17:21:34 [INFO] monitor.property_monitor — Propiedades en Idealista: 6 total (3 nuevas)
2026-05-01 17:21:34 [INFO] monitor.property_monitor — [NUEVA] 110435987 — Piso en venta en CL Martinez De La Rosa, 39
2026-05-01 17:21:35 [INFO] photo_processor.photo_enhancer — Enviando 2 fotos a KIE.AI en paralelo...
2026-05-01 17:22:46 [INFO] photo_processor.photo_enhancer —   [OK] foto 0 mejorada
2026-05-01 17:22:47 [INFO] photo_processor.photo_enhancer —   [OK] foto 1 mejorada
2026-05-01 17:22:47 [INFO] photo_processor.photo_enhancer — Propiedad 110435987: 2 mejoradas | 0 fallback | 0 planos
2026-05-01 17:23:00 [ERROR] wordpress.wp_client — Error subiendo media data\photos\110435987\processed\photo_00_172c43ddd7_enhanced.jpg: 403 Client Error: Forbidden for url: https://lightblue-turtle-601986.hostingersite.com/wp-json/wp/v2/media
2026-05-01 17:23:09 [ERROR] wordpress.wp_client — Error subiendo media data\photos\110435987\processed\photo_01_0c3d1c0688_enhanced.jpg: 403 Client Error: Forbidden for url: https://lightblue-turtle-601986.hostingersite.com/wp-json/wp/v2/media
2026-05-01 17:23:09 [ERROR] wordpress.wp_client — Error con término 'For Sale' en 'property-status': 403 Client Error: Forbidden for url: https://lightblue-turtle-601986.hostingersite.com/wp-json/wp/v2/property-status?search=For+Sale
2026-05-01 17:23:10 [ERROR] wordpress.wp_client — Error con término 'Piso' en 'property-type': 403 Client Error: Forbidden for url: https://lightblue-turtle-601986.hostingersite.com/wp-json/wp/v2/property-type?search=Piso
2026-05-01 17:23:10 [ERROR] wordpress.wp_client — Error con término 'Los Castillejos - La Trinidad' en 'property-city': 403 Client Error: Forbidden for url: https://lightblue-turtle-601986.hostingersite.com/wp-json/wp/v2/property-city?search=Los+Castillejos+-+La+Trinidad
2026-05-01 17:23:11 [ERROR] wordpress.wp_client — Error con término 'Terraza' en 'property-feature': 403 Client Error: Forbidden for url: https://lightblue-turtle-601986.hostingersite.com/wp-json/wp/v2/property-feature?search=Terraza
2026-05-01 17:23:11 [ERROR] wordpress.property_publisher — Error publicando propiedad 110435987 en WP: 403 Client Error: Forbidden for url: https://lightblue-turtle-601986.hostingersite.com/wp-json/wp/v2/properties
2026-05-01 17:23:12 [INFO] monitor.property_monitor — [NUEVA] 111003024 — Ático en venta en Pasillo de Santa Isabel
2026-05-01 17:23:13 [INFO] photo_processor.photo_enhancer — Enviando 2 fotos a KIE.AI en paralelo...
2026-05-01 17:24:24 [INFO] photo_processor.photo_enhancer —   [OK] foto 0 mejorada
2026-05-01 17:24:25 [INFO] photo_processor.photo_enhancer —   [OK] foto 1 mejorada
2026-05-01 17:24:25 [INFO] photo_processor.photo_enhancer — Propiedad 111003024: 2 mejoradas | 0 fallback | 0 planos
2026-05-01 17:24:41 [ERROR] wordpress.wp_client — Error subiendo media data\photos\111003024\processed\photo_00_a14800e0b0_enhanced.jpg: 403 Client Error: Forbidden for url: https://lightblue-turtle-601986.hostingersite.com/wp-json/wp/v2/media
2026-05-01 17:24:47 [ERROR] wordpress.wp_client — Error subiendo media data\photos\111003024\processed\photo_01_0c3d1c0688_enhanced.jpg: 403 Client Error: Forbidden for url: https://lightblue-turtle-601986.hostingersite.com/wp-json/wp/v2/media
2026-05-01 17:24:47 [ERROR] wordpress.wp_client — Error con término 'For Sale' en 'property-status': 403 Client Error: Forbidden for url: https://lightblue-turtle-601986.hostingersite.com/wp-json/wp/v2/property-status?search=For+Sale
2026-05-01 17:24:48 [ERROR] wordpress.wp_client — Error con término 'Ático' en 'property-type': 403 Client Error: Forbidden for url: https://lightblue-turtle-601986.hostingersite.com/wp-json/wp/v2/property-type?search=%C3%81tico
2026-05-01 17:24:48 [ERROR] wordpress.wp_client — Error con término 'Centro Histórico' en 'property-city': 403 Client Error: Forbidden for url: https://lightblue-turtle-601986.hostingersite.com/wp-json/wp/v2/property-city?search=Centro+Hist%C3%B3rico
2026-05-01 17:24:48 [ERROR] wordpress.property_publisher — Error publicando propiedad 111003024 en WP: 403 Client Error: Forbidden for url: https://lightblue-turtle-601986.hostingersite.com/wp-json/wp/v2/properties
2026-05-01 17:24:48 [INFO] monitor.property_monitor — [NUEVA] 110674654 — Piso en venta en CL Duquesa De Parcent
2026-05-01 17:24:50 [INFO] photo_processor.photo_enhancer — Enviando 2 fotos a KIE.AI en paralelo...
2026-05-01 17:26:00 [INFO] photo_processor.photo_enhancer —   [OK] foto 0 mejorada
2026-05-01 17:26:01 [INFO] photo_processor.photo_enhancer —   [OK] foto 1 mejorada
2026-05-01 17:26:01 [INFO] photo_processor.photo_enhancer — Propiedad 110674654: 2 mejoradas | 0 fallback | 0 planos
2026-05-01 17:26:31 [ERROR] wordpress.wp_client — Error subiendo media data\photos\110674654\processed\photo_00_4b94e8b768_enhanced.jpg: 403 Client Error: Forbidden for url: https://lightblue-turtle-601986.hostingersite.com/wp-json/wp/v2/media
2026-05-01 17:26:43 [ERROR] wordpress.wp_client — Error subiendo media data\photos\110674654\processed\photo_01_0c3d1c0688_enhanced.jpg: 403 Client Error: Forbidden for url: https://lightblue-turtle-601986.hostingersite.com/wp-json/wp/v2/media
2026-05-01 17:26:43 [ERROR] wordpress.wp_client — Error con término 'For Sale' en 'property-status': 403 Client Error: Forbidden for url: https://lightblue-turtle-601986.hostingersite.com/wp-json/wp/v2/property-status?search=For+Sale
2026-05-01 17:26:44 [ERROR] wordpress.wp_client — Error con término 'Piso' en 'property-type': 403 Client Error: Forbidden for url: https://lightblue-turtle-601986.hostingersite.com/wp-json/wp/v2/property-type?search=Piso
2026-05-01 17:26:44 [ERROR] wordpress.wp_client — Error con término 'Ensanche Centro - Soho' en 'property-city': 403 Client Error: Forbidden for url: https://lightblue-turtle-601986.hostingersite.com/wp-json/wp/v2/property-city?search=Ensanche+Centro+-+Soho
2026-05-01 17:26:45 [ERROR] wordpress.wp_client — Error con término 'Terraza' en 'property-feature': 403 Client Error: Forbidden for url: https://lightblue-turtle-601986.hostingersite.com/wp-json/wp/v2/property-feature?search=Terraza
2026-05-01 17:26:45 [ERROR] wordpress.property_publisher — Error publicando propiedad 110674654 en WP: 403 Client Error: Forbidden for url: https://lightblue-turtle-601986.hostingersite.com/wp-json/wp/v2/properties
2026-05-01 17:26:45 [INFO] monitor.property_monitor — === Ciclo finalizado === Nuevas: 3 | Actualizadas: 0 | Eliminadas: 0 | Errores: 0
2026-05-01 17:26:45 [INFO] main — Finalizado: RunStats(found=6, new=3, updated=0, removed=0, errors=0)
2026-05-01 17:33:00 [INFO] main — Ejecutando ciclo único...
2026-05-01 17:33:00 [INFO] monitor.property_monitor — Propiedades ya en BD: 3 — solo se scrapearan las nuevas
2026-05-01 17:33:00 [INFO] monitor.property_monitor — === Iniciando ciclo de scraping ===
2026-05-01 17:33:00 [INFO] scraper.idealista_scraper — Modo Scrape.do activo — sin navegador, sin captchas
2026-05-01 17:33:00 [INFO] scraper.idealista_scraper — --- Perfil: https://www.idealista.com/pro/inmobiliariavasanco/ ---
2026-05-01 17:33:00 [INFO] scraper.idealista_scraper — Scrapeando perfil: https://www.idealista.com/pro/inmobiliariavasanco/ (límite: 3)
2026-05-01 17:33:03 [INFO] scraper.idealista_scraper — Scrape.do OK [super=true&geoCode=ES]: https://www.idealista.com/pro/inmobiliariavasanco (361859 chars)
2026-05-01 17:33:03 [WARNING] scraper.idealista_scraper — JS eval fallo: 'NoneType' object has no attribute 'evaluate'
2026-05-01 17:33:05 [INFO] scraper.idealista_scraper — --- Perfil: https://www.idealista.com/pro/raulgalisteo/ ---
2026-05-01 17:33:05 [INFO] scraper.idealista_scraper — Scrapeando perfil: https://www.idealista.com/pro/raulgalisteo/ (límite: 3)
2026-05-01 17:33:07 [WARNING] scraper.idealista_scraper — Scrape.do: 404 en https://www.idealista.com/pro/raulgalisteo — perfil inexistente, saltando
2026-05-01 17:33:09 [INFO] scraper.idealista_scraper — --- Perfil: https://www.idealista.com/pro/gestion-freshlanding/ ---
2026-05-01 17:33:09 [INFO] scraper.idealista_scraper — Scrapeando perfil: https://www.idealista.com/pro/gestion-freshlanding/ (límite: 3)
2026-05-01 17:33:12 [INFO] scraper.idealista_scraper — Scrape.do OK [super=true&geoCode=ES]: https://www.idealista.com/pro/gestion-freshlanding (312323 chars)
2026-05-01 17:33:12 [WARNING] scraper.idealista_scraper — JS eval fallo: 'NoneType' object has no attribute 'evaluate'
2026-05-01 17:33:12 [INFO] scraper.idealista_scraper —   -> Propiedad: https://www.idealista.com/pro/gestion-freshlanding/inmueble/110720855/
2026-05-01 17:33:13 [INFO] scraper.idealista_scraper — Scrape.do OK [super=true&geoCode=ES]: https://www.idealista.com/pro/gestion-freshlanding/inmueble/110720855/ (293103 chars)
2026-05-01 17:33:17 [INFO] scraper.idealista_scraper —   -> Propiedad: https://www.idealista.com/pro/gestion-freshlanding/inmueble/107205397/
2026-05-01 17:33:19 [INFO] scraper.idealista_scraper — Scrape.do OK [super=true&geoCode=ES]: https://www.idealista.com/pro/gestion-freshlanding/inmueble/107205397/ (298767 chars)
2026-05-01 17:33:24 [INFO] scraper.idealista_scraper —   -> Propiedad: https://www.idealista.com/pro/gestion-freshlanding/inmueble/110540829/
2026-05-01 17:33:25 [INFO] scraper.idealista_scraper — Scrape.do OK [super=true&geoCode=ES]: https://www.idealista.com/pro/gestion-freshlanding/inmueble/110540829/ (281271 chars)
2026-05-01 17:33:33 [INFO] monitor.property_monitor — Propiedades en Idealista: 6 total (3 nuevas)
2026-05-01 17:33:33 [INFO] monitor.property_monitor — [NUEVA] 110720855 — Alquiler de dúplex en Calle Granada
2026-05-01 17:33:35 [INFO] photo_processor.photo_enhancer — Enviando 1 fotos a KIE.AI en paralelo...
2026-05-01 17:34:47 [INFO] photo_processor.photo_enhancer —   [OK] foto 0 mejorada
2026-05-01 17:34:47 [INFO] photo_processor.photo_enhancer — Propiedad 110720855: 1 mejoradas | 0 fallback | 0 planos
2026-05-01 17:35:05 [ERROR] wordpress.wp_client — Error subiendo media data\photos\Alquiler de dúplex en Calle Granada - gestion-freshlanding\processed\photo_00_5a47818b62_enhanced.jpg: 403 Client Error: Forbidden for url: https://lightblue-turtle-601986.hostingersite.com/wp-json/wp/v2/media
2026-05-01 17:35:06 [ERROR] wordpress.wp_client — Error con término 'For Sale' en 'property-status': 403 Client Error: Forbidden for url: https://lightblue-turtle-601986.hostingersite.com/wp-json/wp/v2/property-status?search=For+Sale
2026-05-01 17:35:06 [ERROR] wordpress.wp_client — Error con término 'Propiedad' en 'property-type': 403 Client Error: Forbidden for url: https://lightblue-turtle-601986.hostingersite.com/wp-json/wp/v2/property-type?search=Propiedad
2026-05-01 17:35:06 [ERROR] wordpress.wp_client — Error con término 'Centro Histórico' en 'property-city': 403 Client Error: Forbidden for url: https://lightblue-turtle-601986.hostingersite.com/wp-json/wp/v2/property-city?search=Centro+Hist%C3%B3rico
2026-05-01 17:35:07 [ERROR] wordpress.wp_client — Error con término 'Terraza' en 'property-feature': 403 Client Error: Forbidden for url: https://lightblue-turtle-601986.hostingersite.com/wp-json/wp/v2/property-feature?search=Terraza
2026-05-01 17:35:07 [ERROR] wordpress.property_publisher — Error publicando propiedad 110720855 en WP: 403 Client Error: Forbidden for url: https://lightblue-turtle-601986.hostingersite.com/wp-json/wp/v2/properties
2026-05-01 17:35:07 [INFO] monitor.property_monitor — [NUEVA] 107205397 — Alquiler de piso en Calle Martínez Campos
2026-05-01 17:35:08 [INFO] photo_processor.photo_enhancer — Enviando 1 fotos a KIE.AI en paralelo...
2026-05-01 17:36:19 [INFO] photo_processor.photo_enhancer —   [OK] foto 0 mejorada
2026-05-01 17:36:19 [INFO] photo_processor.photo_enhancer — Propiedad 107205397: 1 mejoradas | 0 fallback | 0 planos
2026-05-01 17:36:39 [ERROR] wordpress.wp_client — Error subiendo media data\photos\Alquiler de piso en Calle Martínez Campos - gestion-freshlanding\processed\photo_00_50e491d3d0_enhanced.jpg: 403 Client Error: Forbidden for url: https://lightblue-turtle-601986.hostingersite.com/wp-json/wp/v2/media
2026-05-01 17:36:39 [ERROR] wordpress.wp_client — Error con término 'For Sale' en 'property-status': 403 Client Error: Forbidden for url: https://lightblue-turtle-601986.hostingersite.com/wp-json/wp/v2/property-status?search=For+Sale
2026-05-01 17:36:40 [ERROR] wordpress.wp_client — Error con término 'Piso' en 'property-type': 403 Client Error: Forbidden for url: https://lightblue-turtle-601986.hostingersite.com/wp-json/wp/v2/property-type?search=Piso
2026-05-01 17:36:40 [ERROR] wordpress.wp_client — Error con término 'Ensanche Centro - Soho' en 'property-city': 403 Client Error: Forbidden for url: https://lightblue-turtle-601986.hostingersite.com/wp-json/wp/v2/property-city?search=Ensanche+Centro+-+Soho
2026-05-01 17:36:40 [ERROR] wordpress.property_publisher — Error publicando propiedad 107205397 en WP: 403 Client Error: Forbidden for url: https://lightblue-turtle-601986.hostingersite.com/wp-json/wp/v2/properties
2026-05-01 17:36:41 [INFO] monitor.property_monitor — [NUEVA] 110540829 — Alquiler de piso en Ps Maritimo Rey De España, 7
2026-05-01 17:36:42 [INFO] photo_processor.photo_enhancer — Enviando 1 fotos a KIE.AI en paralelo...
2026-05-01 17:37:53 [INFO] photo_processor.photo_enhancer —   [OK] foto 0 mejorada
2026-05-01 17:37:53 [INFO] photo_processor.photo_enhancer — Propiedad 110540829: 1 mejoradas | 0 fallback | 0 planos
2026-05-01 17:38:10 [ERROR] wordpress.wp_client — Error subiendo media data\photos\Alquiler de piso en Ps Maritimo Rey De España, 7 - gestion-freshlanding\processed\photo_00_8f3a4beb32_enhanced.jpg: 403 Client Error: Forbidden for url: https://lightblue-turtle-601986.hostingersite.com/wp-json/wp/v2/media
2026-05-01 17:38:11 [ERROR] wordpress.wp_client — Error con término 'For Sale' en 'property-status': 403 Client Error: Forbidden for url: https://lightblue-turtle-601986.hostingersite.com/wp-json/wp/v2/property-status?search=For+Sale
2026-05-01 17:38:11 [ERROR] wordpress.wp_client — Error con término 'Piso' en 'property-type': 403 Client Error: Forbidden for url: https://lightblue-turtle-601986.hostingersite.com/wp-json/wp/v2/property-type?search=Piso
2026-05-01 17:38:12 [ERROR] wordpress.wp_client — Error con término 'Zona Puerto Deportivo' en 'property-city': 403 Client Error: Forbidden for url: https://lightblue-turtle-601986.hostingersite.com/wp-json/wp/v2/property-city?search=Zona+Puerto+Deportivo
2026-05-01 17:38:12 [ERROR] wordpress.wp_client — Error con término 'Garaje / Parking' en 'property-feature': 403 Client Error: Forbidden for url: https://lightblue-turtle-601986.hostingersite.com/wp-json/wp/v2/property-feature?search=Garaje+%2F+Parking
2026-05-01 17:38:12 [ERROR] wordpress.wp_client — Error con término 'Terraza' en 'property-feature': 403 Client Error: Forbidden for url: https://lightblue-turtle-601986.hostingersite.com/wp-json/wp/v2/property-feature?search=Terraza
2026-05-01 17:38:12 [ERROR] wordpress.property_publisher — Error publicando propiedad 110540829 en WP: 403 Client Error: Forbidden for url: https://lightblue-turtle-601986.hostingersite.com/wp-json/wp/v2/properties
2026-05-01 17:38:12 [INFO] monitor.property_monitor — === Ciclo finalizado === Nuevas: 3 | Actualizadas: 0 | Eliminadas: 0 | Errores: 0
2026-05-01 17:38:13 [INFO] main — Finalizado: RunStats(found=6, new=3, updated=0, removed=0, errors=0)
2026-05-01 17:56:55 [INFO] main — Ejecutando ciclo único...
2026-05-01 17:56:56 [INFO] monitor.property_monitor — === Iniciando ciclo de scraping ===
2026-05-01 17:56:56 [INFO] scraper.idealista_scraper — Modo Scrape.do activo — sin navegador, sin captchas
2026-05-01 17:56:56 [INFO] scraper.idealista_scraper — --- Perfil: https://www.idealista.com/pro/inmobiliariavasanco/ ---
2026-05-01 17:56:56 [INFO] scraper.idealista_scraper — Scrapeando perfil: https://www.idealista.com/pro/inmobiliariavasanco/ (límite: 3)
2026-05-01 17:56:59 [INFO] scraper.idealista_scraper — Scrape.do OK [super=true&geoCode=ES]: https://www.idealista.com/pro/inmobiliariavasanco (361859 chars)
2026-05-01 17:56:59 [WARNING] scraper.idealista_scraper — JS eval fallo: 'NoneType' object has no attribute 'evaluate'
2026-05-01 17:56:59 [INFO] scraper.idealista_scraper —   -> Propiedad: https://www.idealista.com/pro/inmobiliariavasanco/inmueble/110659138/
2026-05-01 17:57:01 [INFO] scraper.idealista_scraper — Scrape.do OK [super=true&geoCode=ES]: https://www.idealista.com/pro/inmobiliariavasanco/inmueble/110659138/ (380564 chars)
2026-05-01 17:57:04 [INFO] scraper.idealista_scraper —   -> Propiedad: https://www.idealista.com/pro/inmobiliariavasanco/inmueble/108901397/
2026-05-01 17:57:05 [INFO] scraper.idealista_scraper — Scrape.do OK [super=true&geoCode=ES]: https://www.idealista.com/pro/inmobiliariavasanco/inmueble/108901397/ (361222 chars)
2026-05-01 17:57:10 [INFO] scraper.idealista_scraper —   -> Propiedad: https://www.idealista.com/pro/inmobiliariavasanco/inmueble/106971678/
2026-05-01 17:57:12 [INFO] scraper.idealista_scraper — Scrape.do OK [super=true&geoCode=ES]: https://www.idealista.com/pro/inmobiliariavasanco/inmueble/106971678/ (328911 chars)
2026-05-01 17:57:19 [INFO] scraper.idealista_scraper — --- Perfil: https://www.idealista.com/pro/raulgalisteo/ ---
2026-05-01 17:57:19 [INFO] scraper.idealista_scraper — Scrapeando perfil: https://www.idealista.com/pro/raulgalisteo/ (límite: 3)
2026-05-01 17:57:21 [WARNING] scraper.idealista_scraper — Scrape.do: 404 en https://www.idealista.com/pro/raulgalisteo — perfil inexistente, saltando
2026-05-01 17:57:23 [INFO] scraper.idealista_scraper — --- Perfil: https://www.idealista.com/pro/gestion-freshlanding/ ---
2026-05-01 17:57:23 [INFO] scraper.idealista_scraper — Scrapeando perfil: https://www.idealista.com/pro/gestion-freshlanding/ (límite: 3)
2026-05-01 17:57:26 [INFO] scraper.idealista_scraper — Scrape.do OK [super=true&geoCode=ES]: https://www.idealista.com/pro/gestion-freshlanding (312368 chars)
2026-05-01 17:57:26 [WARNING] scraper.idealista_scraper — JS eval fallo: 'NoneType' object has no attribute 'evaluate'
2026-05-01 17:57:26 [INFO] scraper.idealista_scraper —   -> Propiedad: https://www.idealista.com/pro/gestion-freshlanding/inmueble/110720855/
2026-05-01 17:57:27 [INFO] scraper.idealista_scraper — Scrape.do OK [super=true&geoCode=ES]: https://www.idealista.com/pro/gestion-freshlanding/inmueble/110720855/ (292986 chars)
2026-05-01 17:57:32 [INFO] scraper.idealista_scraper —   -> Propiedad: https://www.idealista.com/pro/gestion-freshlanding/inmueble/107205397/
2026-05-01 17:57:33 [INFO] scraper.idealista_scraper — Scrape.do OK [super=true&geoCode=ES]: https://www.idealista.com/pro/gestion-freshlanding/inmueble/107205397/ (298767 chars)
2026-05-01 17:57:36 [INFO] scraper.idealista_scraper —   -> Propiedad: https://www.idealista.com/pro/gestion-freshlanding/inmueble/110540829/
2026-05-01 17:57:39 [INFO] scraper.idealista_scraper — Scrape.do OK [super=true&geoCode=ES]: https://www.idealista.com/pro/gestion-freshlanding/inmueble/110540829/ (281226 chars)
2026-05-01 17:57:46 [INFO] monitor.property_monitor — Propiedades en Idealista: 6 total (6 nuevas)
2026-05-01 17:57:46 [INFO] monitor.property_monitor — [NUEVA] 110659138 — Chalet pareado en venta en Cerrado de Calderón - H
2026-05-01 17:57:46 [INFO] photo_processor.photo_enhancer — Limitando a 5 fotos (63 descartadas). Planos/videos: 1
2026-05-01 17:57:52 [INFO] photo_processor.photo_enhancer — Enviando 5 fotos a KIE.AI en paralelo...
2026-05-01 17:58:40 [ERROR] photo_processor.kie_ai_client — Tarea Kie.ai fallida: 422 — Director: unexpected error handling prediction (E9243)
2026-05-01 17:58:40 [ERROR] photo_processor.kie_ai_client — Tarea Kie.ai fallida: 422 — Director: unexpected error handling prediction (E9243)
2026-05-01 17:59:04 [INFO] photo_processor.photo_enhancer —   [OK] foto 0 mejorada
2026-05-01 17:59:06 [INFO] photo_processor.photo_enhancer —   [OK] foto 1 mejorada
2026-05-01 17:59:09 [INFO] photo_processor.photo_enhancer —   [OK] foto 2 mejorada
2026-05-01 17:59:09 [WARNING] photo_processor.photo_enhancer —   [FALLBACK] foto 3 — usando original
2026-05-01 17:59:09 [WARNING] photo_processor.photo_enhancer —   [FALLBACK] foto 4 — usando original
2026-05-01 17:59:09 [INFO] photo_processor.photo_enhancer — Propiedad 110659138: 3 mejoradas | 2 fallback | 1 planos
2026-05-01 17:59:31 [ERROR] wordpress.wp_client — Error subiendo media data\photos\Chalet pareado en venta en Cerrado de Calderón - Hacienda Pa - inmobiliariavasan\processed\img_1_bb9d11b009_enhanced.jpg: 403 Client Error: Forbidden for url: https://lightblue-turtle-601986.hostingersite.com/wp-json/wp/v2/media
2026-05-01 17:59:55 [ERROR] wordpress.wp_client — Error subiendo media data\photos\Chalet pareado en venta en Cerrado de Calderón - Hacienda Pa - inmobiliariavasan\processed\img_2_78221ba690_enhanced.jpg: 403 Client Error: Forbidden for url: https://lightblue-turtle-601986.hostingersite.com/wp-json/wp/v2/media
2026-05-01 18:00:19 [ERROR] wordpress.wp_client — Error subiendo media data\photos\Chalet pareado en venta en Cerrado de Calderón - Hacienda Pa - inmobiliariavasan\processed\img_3_53596f9cad_enhanced.jpg: 403 Client Error: Forbidden for url: https://lightblue-turtle-601986.hostingersite.com/wp-json/wp/v2/media
2026-05-01 18:00:20 [ERROR] wordpress.wp_client — Error subiendo media data\photos\Chalet pareado en venta en Cerrado de Calderón - Hacienda Pa - inmobiliariavasan\raw\img_4_8368ae0a05.webp: 403 Client Error: Forbidden for url: https://lightblue-turtle-601986.hostingersite.com/wp-json/wp/v2/media
2026-05-01 18:00:21 [ERROR] wordpress.wp_client — Error subiendo media data\photos\Chalet pareado en venta en Cerrado de Calderón - Hacienda Pa - inmobiliariavasan\raw\img_5_37f3615d31.webp: 403 Client Error: Forbidden for url: https://lightblue-turtle-601986.hostingersite.com/wp-json/wp/v2/media
2026-05-01 18:00:22 [ERROR] wordpress.wp_client — Error subiendo media data\photos\Chalet pareado en venta en Cerrado de Calderón - Hacienda Pa - inmobiliariavasan\raw\plano_6_0ebc72706e.webp: 403 Client Error: Forbidden for url: https://lightblue-turtle-601986.hostingersite.com/wp-json/wp/v2/media
2026-05-01 18:00:22 [ERROR] wordpress.wp_client — Error con término 'For Sale' en 'property-status': 403 Client Error: Forbidden for url: https://lightblue-turtle-601986.hostingersite.com/wp-json/wp/v2/property-status?search=For+Sale
2026-05-01 18:00:23 [ERROR] wordpress.wp_client — Error con término 'Chalet' en 'property-type': 403 Client Error: Forbidden for url: https://lightblue-turtle-601986.hostingersite.com/wp-json/wp/v2/property-type?search=Chalet
2026-05-01 18:00:23 [ERROR] wordpress.wp_client — Error con término 'Este' en 'property-city': 403 Client Error: Forbidden for url: https://lightblue-turtle-601986.hostingersite.com/wp-json/wp/v2/property-city?search=Este
2026-05-01 18:00:23 [ERROR] wordpress.wp_client — Error con término 'Garaje / Parking' en 'property-feature': 403 Client Error: Forbidden for url: https://lightblue-turtle-601986.hostingersite.com/wp-json/wp/v2/property-feature?search=Garaje+%2F+Parking
2026-05-01 18:00:24 [ERROR] wordpress.wp_client — Error con término 'Piscina' en 'property-feature': 403 Client Error: Forbidden for url: https://lightblue-turtle-601986.hostingersite.com/wp-json/wp/v2/property-feature?search=Piscina
2026-05-01 18:00:24 [ERROR] wordpress.wp_client — Error con término 'Terraza' en 'property-feature': 403 Client Error: Forbidden for url: https://lightblue-turtle-601986.hostingersite.com/wp-json/wp/v2/property-feature?search=Terraza
2026-05-01 18:00:25 [ERROR] wordpress.property_publisher — Error publicando propiedad 110659138 en WP: 403 Client Error: Forbidden for url: https://lightblue-turtle-601986.hostingersite.com/wp-json/wp/v2/properties
2026-05-01 18:00:25 [INFO] monitor.property_monitor — [NUEVA] 108901397 — Piso en venta en Limonar
2026-05-01 18:00:25 [INFO] photo_processor.photo_enhancer — Limitando a 5 fotos (56 descartadas). Planos/videos: 2
2026-05-01 18:00:32 [INFO] photo_processor.photo_enhancer — Enviando 5 fotos a KIE.AI en paralelo...
2026-05-01 18:02:50 [INFO] photo_processor.photo_enhancer —   [OK] foto 0 mejorada
2026-05-01 18:02:52 [INFO] photo_processor.photo_enhancer —   [OK] foto 1 mejorada
2026-05-01 18:02:56 [INFO] photo_processor.photo_enhancer —   [OK] foto 2 mejorada
2026-05-01 18:02:58 [INFO] photo_processor.photo_enhancer —   [OK] foto 3 mejorada
2026-05-01 18:03:01 [INFO] photo_processor.photo_enhancer —   [OK] foto 4 mejorada
2026-05-01 18:03:01 [INFO] photo_processor.photo_enhancer — Propiedad 108901397: 5 mejoradas | 0 fallback | 2 planos
2026-05-01 18:03:20 [ERROR] wordpress.wp_client — Error subiendo media data\photos\Piso en venta en Limonar - inmobiliariavasanco\processed\img_1_aab44c2c54_enhanced.jpg: 403 Client Error: Forbidden for url: https://lightblue-turtle-601986.hostingersite.com/wp-json/wp/v2/media
2026-05-01 18:03:49 [ERROR] wordpress.wp_client — Error subiendo media data\photos\Piso en venta en Limonar - inmobiliariavasanco\processed\img_2_04edf321d2_enhanced.jpg: 403 Client Error: Forbidden for url: https://lightblue-turtle-601986.hostingersite.com/wp-json/wp/v2/media
2026-05-01 18:04:11 [ERROR] wordpress.wp_client — Error subiendo media data\photos\Piso en venta en Limonar - inmobiliariavasanco\processed\img_3_0754dea6aa_enhanced.jpg: 403 Client Error: Forbidden for url: https://lightblue-turtle-601986.hostingersite.com/wp-json/wp/v2/media
2026-05-01 18:04:28 [ERROR] wordpress.wp_client — Error subiendo media data\photos\Piso en venta en Limonar - inmobiliariavasanco\processed\img_4_02daa45fc7_enhanced.jpg: 403 Client Error: Forbidden for url: https://lightblue-turtle-601986.hostingersite.com/wp-json/wp/v2/media
2026-05-01 18:04:50 [ERROR] wordpress.wp_client — Error subiendo media data\photos\Piso en venta en Limonar - inmobiliariavasanco\processed\img_5_f87ab775ed_enhanced.jpg: 403 Client Error: Forbidden for url: https://lightblue-turtle-601986.hostingersite.com/wp-json/wp/v2/media
2026-05-01 18:04:50 [ERROR] wordpress.wp_client — Error subiendo media data\photos\Piso en venta en Limonar - inmobiliariavasanco\raw\plano_6_b2e0d08f92.webp: 403 Client Error: Forbidden for url: https://lightblue-turtle-601986.hostingersite.com/wp-json/wp/v2/media
2026-05-01 18:04:51 [ERROR] wordpress.wp_client — Error subiendo media data\photos\Piso en venta en Limonar - inmobiliariavasanco\raw\plano_7_21b997cc0e.webp: 403 Client Error: Forbidden for url: https://lightblue-turtle-601986.hostingersite.com/wp-json/wp/v2/media
2026-05-01 18:04:51 [ERROR] wordpress.wp_client — Error con término 'For Sale' en 'property-status': 403 Client Error: Forbidden for url: https://lightblue-turtle-601986.hostingersite.com/wp-json/wp/v2/property-status?search=For+Sale
2026-05-01 18:04:52 [ERROR] wordpress.wp_client — Error con término 'Piso' en 'property-type': 403 Client Error: Forbidden for url: https://lightblue-turtle-601986.hostingersite.com/wp-json/wp/v2/property-type?search=Piso
2026-05-01 18:04:52 [ERROR] wordpress.wp_client — Error con término 'Este' en 'property-city': 403 Client Error: Forbidden for url: https://lightblue-turtle-601986.hostingersite.com/wp-json/wp/v2/property-city?search=Este
2026-05-01 18:04:52 [ERROR] wordpress.wp_client — Error con término 'Garaje / Parking' en 'property-feature': 403 Client Error: Forbidden for url: https://lightblue-turtle-601986.hostingersite.com/wp-json/wp/v2/property-feature?search=Garaje+%2F+Parking
2026-05-01 18:04:53 [ERROR] wordpress.wp_client — Error con término 'Piscina' en 'property-feature': 403 Client Error: Forbidden for url: https://lightblue-turtle-601986.hostingersite.com/wp-json/wp/v2/property-feature?search=Piscina
2026-05-01 18:04:53 [ERROR] wordpress.wp_client — Error con término 'Terraza' en 'property-feature': 403 Client Error: Forbidden for url: https://lightblue-turtle-601986.hostingersite.com/wp-json/wp/v2/property-feature?search=Terraza
2026-05-01 18:04:53 [ERROR] wordpress.property_publisher — Error publicando propiedad 108901397 en WP: 403 Client Error: Forbidden for url: https://lightblue-turtle-601986.hostingersite.com/wp-json/wp/v2/properties
2026-05-01 18:04:54 [INFO] monitor.property_monitor — [NUEVA] 106971678 — Piso en venta en Camino Santa Paula
2026-05-01 18:04:54 [INFO] photo_processor.photo_enhancer — Limitando a 5 fotos (35 descartadas). Planos/videos: 1
2026-05-01 18:04:59 [INFO] photo_processor.photo_enhancer — Enviando 5 fotos a KIE.AI en paralelo...
2026-05-01 18:07:16 [INFO] photo_processor.photo_enhancer —   [OK] foto 0 mejorada
2026-05-01 18:07:18 [INFO] photo_processor.photo_enhancer —   [OK] foto 1 mejorada
2026-05-01 18:07:20 [INFO] photo_processor.photo_enhancer —   [OK] foto 2 mejorada
2026-05-01 18:07:22 [INFO] photo_processor.photo_enhancer —   [OK] foto 3 mejorada
2026-05-01 18:07:24 [INFO] photo_processor.photo_enhancer —   [OK] foto 4 mejorada
2026-05-01 18:07:24 [INFO] photo_processor.photo_enhancer — Propiedad 106971678: 5 mejoradas | 0 fallback | 1 planos
2026-05-01 18:07:36 [ERROR] wordpress.wp_client — Error subiendo media data\photos\Piso en venta en Camino Santa Paula - inmobiliariavasanco\processed\img_1_01798ee5d1_enhanced.jpg: 403 Client Error: Forbidden for url: https://lightblue-turtle-601986.hostingersite.com/wp-json/wp/v2/media
2026-05-01 18:07:51 [ERROR] wordpress.wp_client — Error subiendo media data\photos\Piso en venta en Camino Santa Paula - inmobiliariavasanco\processed\img_2_f704c1647b_enhanced.jpg: 403 Client Error: Forbidden for url: https://lightblue-turtle-601986.hostingersite.com/wp-json/wp/v2/media
2026-05-01 18:08:18 [ERROR] wordpress.wp_client — Error subiendo media data\photos\Piso en venta en Camino Santa Paula - inmobiliariavasanco\processed\img_3_19231a5b01_enhanced.jpg: 403 Client Error: Forbidden for url: https://lightblue-turtle-601986.hostingersite.com/wp-json/wp/v2/media
2026-05-01 18:08:37 [ERROR] wordpress.wp_client — Error subiendo media data\photos\Piso en venta en Camino Santa Paula - inmobiliariavasanco\processed\img_4_e8e447ffc4_enhanced.jpg: 403 Client Error: Forbidden for url: https://lightblue-turtle-601986.hostingersite.com/wp-json/wp/v2/media
2026-05-01 18:08:56 [ERROR] wordpress.wp_client — Error subiendo media data\photos\Piso en venta en Camino Santa Paula - inmobiliariavasanco\processed\img_5_d1f903389d_enhanced.jpg: 403 Client Error: Forbidden for url: https://lightblue-turtle-601986.hostingersite.com/wp-json/wp/v2/media
2026-05-01 18:08:56 [ERROR] wordpress.wp_client — Error subiendo media data\photos\Piso en venta en Camino Santa Paula - inmobiliariavasanco\raw\plano_6_b2444ced4d.webp: 403 Client Error: Forbidden for url: https://lightblue-turtle-601986.hostingersite.com/wp-json/wp/v2/media
2026-05-01 18:08:56 [ERROR] wordpress.wp_client — Error con término 'For Sale' en 'property-status': 403 Client Error: Forbidden for url: https://lightblue-turtle-601986.hostingersite.com/wp-json/wp/v2/property-status?search=For+Sale
2026-05-01 18:08:57 [ERROR] wordpress.wp_client — Error con término 'Piso' en 'property-type': 403 Client Error: Forbidden for url: https://lightblue-turtle-601986.hostingersite.com/wp-json/wp/v2/property-type?search=Piso
2026-05-01 18:08:57 [ERROR] wordpress.wp_client — Error con término 'Parque Clavero' en 'property-city': 403 Client Error: Forbidden for url: https://lightblue-turtle-601986.hostingersite.com/wp-json/wp/v2/property-city?search=Parque+Clavero
2026-05-01 18:08:57 [ERROR] wordpress.wp_client — Error con término 'Garaje / Parking' en 'property-feature': 403 Client Error: Forbidden for url: https://lightblue-turtle-601986.hostingersite.com/wp-json/wp/v2/property-feature?search=Garaje+%2F+Parking
2026-05-01 18:08:58 [ERROR] wordpress.wp_client — Error con término 'Terraza' en 'property-feature': 403 Client Error: Forbidden for url: https://lightblue-turtle-601986.hostingersite.com/wp-json/wp/v2/property-feature?search=Terraza
2026-05-01 18:08:58 [ERROR] wordpress.property_publisher — Error publicando propiedad 106971678 en WP: 403 Client Error: Forbidden for url: https://lightblue-turtle-601986.hostingersite.com/wp-json/wp/v2/properties
2026-05-01 18:08:58 [INFO] monitor.property_monitor — [NUEVA] 110720855 — Alquiler de dúplex en Calle Granada
2026-05-01 18:08:58 [INFO] photo_processor.photo_enhancer — Limitando a 5 fotos (17 descartadas). Planos/videos: 0
2026-05-01 18:09:02 [INFO] photo_processor.photo_enhancer — Enviando 5 fotos a KIE.AI en paralelo...
2026-05-01 18:16:39 [INFO] main — Ejecutando ciclo único...
2026-05-01 18:16:40 [INFO] monitor.property_monitor — === Iniciando ciclo de scraping ===
2026-05-01 18:16:40 [INFO] scraper.idealista_scraper — Modo Scrape.do activo — sin navegador, sin captchas
2026-05-01 18:16:40 [INFO] scraper.idealista_scraper — --- Perfil: https://www.idealista.com/pro/inmobiliariavasanco/ ---
2026-05-01 18:16:40 [INFO] scraper.idealista_scraper — Scrapeando perfil: https://www.idealista.com/pro/inmobiliariavasanco/ (límite: 3)
2026-05-01 18:16:43 [INFO] scraper.idealista_scraper — Scrape.do OK [super=true&geoCode=ES]: https://www.idealista.com/pro/inmobiliariavasanco (361914 chars)
2026-05-01 18:16:43 [WARNING] scraper.idealista_scraper — JS eval fallo: 'NoneType' object has no attribute 'evaluate'
2026-05-01 18:16:43 [INFO] scraper.idealista_scraper —   -> Propiedad: https://www.idealista.com/pro/inmobiliariavasanco/inmueble/110659138/
2026-05-01 18:16:45 [INFO] scraper.idealista_scraper — Scrape.do OK [super=true&geoCode=ES]: https://www.idealista.com/pro/inmobiliariavasanco/inmueble/110659138/ (380563 chars)
2026-05-01 18:16:48 [INFO] scraper.idealista_scraper —   -> Propiedad: https://www.idealista.com/pro/inmobiliariavasanco/inmueble/108901397/
2026-05-01 18:16:50 [INFO] scraper.idealista_scraper — Scrape.do OK [super=true&geoCode=ES]: https://www.idealista.com/pro/inmobiliariavasanco/inmueble/108901397/ (361160 chars)
2026-05-01 18:16:53 [INFO] scraper.idealista_scraper —   -> Propiedad: https://www.idealista.com/pro/inmobiliariavasanco/inmueble/106971678/
2026-05-01 18:16:55 [INFO] scraper.idealista_scraper — Scrape.do OK [super=true&geoCode=ES]: https://www.idealista.com/pro/inmobiliariavasanco/inmueble/106971678/ (328804 chars)
2026-05-01 18:17:00 [INFO] scraper.idealista_scraper — --- Perfil: https://www.idealista.com/pro/raulgalisteo/ ---
2026-05-01 18:17:00 [INFO] scraper.idealista_scraper — Scrapeando perfil: https://www.idealista.com/pro/raulgalisteo/ (límite: 3)
2026-05-01 18:17:02 [WARNING] scraper.idealista_scraper — Scrape.do: 404 en https://www.idealista.com/pro/raulgalisteo — perfil inexistente, saltando
2026-05-01 18:17:05 [INFO] scraper.idealista_scraper — --- Perfil: https://www.idealista.com/pro/gestion-freshlanding/ ---
2026-05-01 18:17:05 [INFO] scraper.idealista_scraper — Scrapeando perfil: https://www.idealista.com/pro/gestion-freshlanding/ (límite: 3)
2026-05-01 18:17:08 [INFO] scraper.idealista_scraper — Scrape.do OK [super=true&geoCode=ES]: https://www.idealista.com/pro/gestion-freshlanding (322889 chars)
2026-05-01 18:17:08 [WARNING] scraper.idealista_scraper — JS eval fallo: 'NoneType' object has no attribute 'evaluate'
2026-05-01 18:17:08 [INFO] scraper.idealista_scraper —   -> Propiedad: https://www.idealista.com/pro/gestion-freshlanding/inmueble/110435987/
2026-05-01 18:17:10 [INFO] scraper.idealista_scraper — Scrape.do OK [super=true&geoCode=ES]: https://www.idealista.com/pro/gestion-freshlanding/inmueble/110435987/ (296635 chars)
2026-05-01 18:17:12 [INFO] scraper.idealista_scraper —   -> Propiedad: https://www.idealista.com/pro/gestion-freshlanding/inmueble/110674654/
2026-05-01 18:17:15 [INFO] scraper.idealista_scraper — Scrape.do OK [super=true&geoCode=ES]: https://www.idealista.com/pro/gestion-freshlanding/inmueble/110674654/ (308598 chars)
2026-05-01 18:17:18 [INFO] scraper.idealista_scraper —   -> Propiedad: https://www.idealista.com/pro/gestion-freshlanding/inmueble/111003024/
2026-05-01 18:17:20 [INFO] scraper.idealista_scraper — Scrape.do OK [super=true&geoCode=ES]: https://www.idealista.com/pro/gestion-freshlanding/inmueble/111003024/ (306383 chars)
2026-05-01 18:17:29 [INFO] monitor.property_monitor — Propiedades en Idealista: 6 total (6 nuevas)
2026-05-01 18:17:30 [INFO] monitor.property_monitor — [NUEVA] 110659138 — Chalet pareado en venta en Cerrado de Calderón - H
2026-05-01 18:17:30 [INFO] photo_processor.photo_enhancer — Limitando a 5 fotos regulares (63 descartadas, 1 planos/videos ignorados)
2026-05-01 18:17:33 [INFO] photo_processor.photo_enhancer — Enviando 5 fotos a KIE.AI en paralelo...
2026-05-01 18:19:52 [INFO] photo_processor.photo_enhancer —   [OK] foto 0 mejorada
2026-05-01 18:19:55 [INFO] photo_processor.photo_enhancer —   [OK] foto 1 mejorada
2026-05-01 18:19:58 [INFO] photo_processor.photo_enhancer —   [OK] foto 2 mejorada
2026-05-01 18:20:01 [INFO] photo_processor.photo_enhancer —   [OK] foto 3 mejorada
2026-05-01 18:20:03 [INFO] photo_processor.photo_enhancer —   [OK] foto 4 mejorada
2026-05-01 18:20:03 [INFO] photo_processor.photo_enhancer — Propiedad 110659138: 5 mejoradas | 0 fallback | 0 planos
2026-05-01 18:20:04 [INFO] monitor.property_monitor — SKIP_WORDPRESS=true — publicación en WP omitida para 110659138
2026-05-01 18:20:04 [INFO] monitor.property_monitor — [NUEVA] 108901397 — Piso en venta en Limonar
2026-05-01 18:20:04 [INFO] photo_processor.photo_enhancer — Limitando a 5 fotos regulares (56 descartadas, 2 planos/videos ignorados)
2026-05-01 18:20:07 [INFO] photo_processor.photo_enhancer — Enviando 5 fotos a KIE.AI en paralelo...
2026-05-01 18:22:39 [INFO] photo_processor.photo_enhancer —   [OK] foto 0 mejorada
2026-05-01 18:22:50 [INFO] photo_processor.photo_enhancer —   [OK] foto 1 mejorada
2026-05-01 18:23:03 [INFO] photo_processor.photo_enhancer —   [OK] foto 2 mejorada
2026-05-01 18:23:06 [INFO] photo_processor.photo_enhancer —   [OK] foto 3 mejorada
2026-05-01 18:23:08 [INFO] photo_processor.photo_enhancer —   [OK] foto 4 mejorada
2026-05-01 18:23:08 [INFO] photo_processor.photo_enhancer — Propiedad 108901397: 5 mejoradas | 0 fallback | 0 planos
2026-05-01 18:23:09 [INFO] monitor.property_monitor — SKIP_WORDPRESS=true — publicación en WP omitida para 108901397
2026-05-01 18:23:09 [INFO] monitor.property_monitor — [NUEVA] 106971678 — Piso en venta en Camino Santa Paula
2026-05-01 18:23:09 [INFO] photo_processor.photo_enhancer — Limitando a 5 fotos regulares (35 descartadas, 1 planos/videos ignorados)
2026-05-01 18:23:11 [INFO] photo_processor.photo_enhancer — Enviando 5 fotos a KIE.AI en paralelo...
2026-05-01 18:25:34 [INFO] photo_processor.photo_enhancer —   [OK] foto 0 mejorada
2026-05-01 18:25:38 [INFO] photo_processor.photo_enhancer —   [OK] foto 1 mejorada
2026-05-01 18:25:46 [INFO] photo_processor.photo_enhancer —   [OK] foto 2 mejorada
2026-05-01 18:25:55 [INFO] photo_processor.photo_enhancer —   [OK] foto 3 mejorada
2026-05-01 18:26:00 [INFO] photo_processor.photo_enhancer —   [OK] foto 4 mejorada
2026-05-01 18:26:00 [INFO] photo_processor.photo_enhancer — Propiedad 106971678: 5 mejoradas | 0 fallback | 0 planos
2026-05-01 18:26:00 [INFO] monitor.property_monitor — SKIP_WORDPRESS=true — publicación en WP omitida para 106971678
2026-05-01 18:26:00 [INFO] monitor.property_monitor — [NUEVA] 110435987 — Piso en venta en CL Martinez De La Rosa, 39
2026-05-01 18:26:00 [INFO] photo_processor.photo_enhancer — Limitando a 5 fotos regulares (15 descartadas, 0 planos/videos ignorados)
2026-05-01 18:26:06 [INFO] photo_processor.photo_enhancer — Enviando 5 fotos a KIE.AI en paralelo...
2026-05-01 18:28:24 [INFO] photo_processor.photo_enhancer —   [OK] foto 0 mejorada
2026-05-01 18:28:26 [INFO] photo_processor.photo_enhancer —   [OK] foto 1 mejorada
2026-05-01 18:28:37 [INFO] photo_processor.photo_enhancer —   [OK] foto 2 mejorada
2026-05-01 18:28:48 [INFO] photo_processor.photo_enhancer —   [OK] foto 3 mejorada
2026-05-01 18:28:56 [INFO] photo_processor.photo_enhancer —   [OK] foto 4 mejorada
2026-05-01 18:28:56 [INFO] photo_processor.photo_enhancer — Propiedad 110435987: 5 mejoradas | 0 fallback | 0 planos
2026-05-01 18:28:56 [INFO] monitor.property_monitor — SKIP_WORDPRESS=true — publicación en WP omitida para 110435987
2026-05-01 18:28:56 [INFO] monitor.property_monitor — [NUEVA] 110674654 — Piso en venta en CL Duquesa De Parcent
2026-05-01 18:28:56 [INFO] photo_processor.photo_enhancer — Limitando a 5 fotos regulares (23 descartadas, 0 planos/videos ignorados)
2026-05-01 18:29:01 [INFO] photo_processor.photo_enhancer — Enviando 5 fotos a KIE.AI en paralelo...
2026-05-01 18:31:19 [INFO] photo_processor.photo_enhancer —   [OK] foto 0 mejorada
2026-05-01 18:31:21 [INFO] photo_processor.photo_enhancer —   [OK] foto 1 mejorada
2026-05-01 18:31:23 [INFO] photo_processor.photo_enhancer —   [OK] foto 2 mejorada
2026-05-01 18:31:25 [INFO] photo_processor.photo_enhancer —   [OK] foto 3 mejorada
2026-05-01 18:31:26 [INFO] photo_processor.photo_enhancer —   [OK] foto 4 mejorada
2026-05-01 18:31:26 [INFO] photo_processor.photo_enhancer — Propiedad 110674654: 5 mejoradas | 0 fallback | 0 planos
2026-05-01 18:31:27 [INFO] monitor.property_monitor — SKIP_WORDPRESS=true — publicación en WP omitida para 110674654
2026-05-01 18:31:27 [INFO] monitor.property_monitor — [NUEVA] 111003024 — Ático en venta en Pasillo de Santa Isabel
2026-05-01 18:31:27 [INFO] photo_processor.photo_enhancer — Limitando a 5 fotos regulares (22 descartadas, 0 planos/videos ignorados)
2026-05-01 18:31:31 [INFO] photo_processor.photo_enhancer — Enviando 5 fotos a KIE.AI en paralelo...
2026-05-01 18:33:50 [INFO] photo_processor.photo_enhancer —   [OK] foto 0 mejorada
2026-05-01 18:33:52 [INFO] photo_processor.photo_enhancer —   [OK] foto 1 mejorada
2026-05-01 18:33:55 [INFO] photo_processor.photo_enhancer —   [OK] foto 2 mejorada
2026-05-01 18:33:57 [INFO] photo_processor.photo_enhancer —   [OK] foto 3 mejorada
2026-05-01 18:33:59 [INFO] photo_processor.photo_enhancer —   [OK] foto 4 mejorada
2026-05-01 18:33:59 [INFO] photo_processor.photo_enhancer — Propiedad 111003024: 5 mejoradas | 0 fallback | 0 planos
2026-05-01 18:33:59 [INFO] monitor.property_monitor — SKIP_WORDPRESS=true — publicación en WP omitida para 111003024
2026-05-01 18:33:59 [INFO] monitor.property_monitor — === Ciclo finalizado === Nuevas: 6 | Actualizadas: 0 | Eliminadas: 0 | Errores: 0
2026-05-01 18:33:59 [INFO] main — Finalizado: RunStats(found=6, new=6, updated=0, removed=0, errors=0)
2026-05-02 11:16:50 [INFO] main — Ejecutando ciclo único...
2026-05-02 11:16:52 [INFO] monitor.property_monitor — === Iniciando ciclo de scraping ===
2026-05-02 11:16:52 [INFO] scraper.idealista_scraper — Modo Scrape.do activo — sin navegador, sin captchas
2026-05-02 11:16:52 [INFO] scraper.idealista_scraper — --- Perfil: https://www.idealista.com/pro/inmobiliariavasanco/ ---
2026-05-02 11:16:52 [INFO] scraper.idealista_scraper — Scrapeando perfil: https://www.idealista.com/pro/inmobiliariavasanco/ (límite: 3)
2026-05-02 11:16:55 [INFO] scraper.idealista_scraper — Scrape.do OK [super=true&geoCode=ES]: https://www.idealista.com/pro/inmobiliariavasanco (361814 chars)
2026-05-02 11:16:55 [WARNING] scraper.idealista_scraper — JS eval fallo: 'NoneType' object has no attribute 'evaluate'
2026-05-02 11:16:55 [INFO] scraper.idealista_scraper —   -> Propiedad: https://www.idealista.com/pro/inmobiliariavasanco/inmueble/110659138/
2026-05-02 11:16:57 [INFO] scraper.idealista_scraper — Scrape.do OK [super=true&geoCode=ES]: https://www.idealista.com/pro/inmobiliariavasanco/inmueble/110659138/ (380458 chars)
2026-05-02 11:17:01 [INFO] scraper.idealista_scraper —   -> Propiedad: https://www.idealista.com/pro/inmobiliariavasanco/inmueble/108901397/
2026-05-02 11:17:03 [INFO] scraper.idealista_scraper — Scrape.do OK [super=true&geoCode=ES]: https://www.idealista.com/pro/inmobiliariavasanco/inmueble/108901397/ (361222 chars)
2026-05-02 11:17:06 [INFO] scraper.idealista_scraper —   -> Propiedad: https://www.idealista.com/pro/inmobiliariavasanco/inmueble/106971678/
2026-05-02 11:17:08 [INFO] scraper.idealista_scraper — Scrape.do OK [super=true&geoCode=ES]: https://www.idealista.com/pro/inmobiliariavasanco/inmueble/106971678/ (328866 chars)
2026-05-02 11:17:17 [INFO] scraper.idealista_scraper — --- Perfil: https://www.idealista.com/pro/raulgalisteo/ ---
2026-05-02 11:17:17 [INFO] scraper.idealista_scraper — Scrapeando perfil: https://www.idealista.com/pro/raulgalisteo/ (límite: 3)
2026-05-02 11:17:17 [WARNING] scraper.idealista_scraper — Scrape.do [super=true&geoCode=ES] intento 1: status=401 body={"URL":"https://dashboard.scrape.do","StatusCode":401,"Message":["Monthly request limit exceeded. You should be wait new monthly period or you can upgrade your plan."],"PossibleCauses":["Please check 
2026-05-02 11:17:23 [WARNING] scraper.idealista_scraper — Scrape.do [super=true&geoCode=ES] intento 2: status=401 body={"URL":"https://dashboard.scrape.do","StatusCode":401,"Message":["Monthly request limit exceeded. You should be wait new monthly period or you can upgrade your plan."],"PossibleCauses":["Please check 
2026-05-02 11:17:34 [WARNING] scraper.idealista_scraper — Scrape.do [super=true&geoCode=ES] intento 3: status=401 body={"URL":"https://dashboard.scrape.do","StatusCode":401,"Message":["Monthly request limit exceeded. You should be wait new monthly period or you can upgrade your plan."],"PossibleCauses":["Please check 
2026-05-02 11:17:35 [WARNING] scraper.idealista_scraper — Scrape.do [render=true&geoCode=ES] intento 1: status=401 body={"URL":"https://dashboard.scrape.do","StatusCode":401,"Message":["Monthly request limit exceeded. You should be wait new monthly period or you can upgrade your plan."],"PossibleCauses":["Please check 
2026-05-02 11:17:41 [WARNING] scraper.idealista_scraper — Scrape.do [render=true&geoCode=ES] intento 2: status=401 body={"URL":"https://dashboard.scrape.do","StatusCode":401,"Message":["Monthly request limit exceeded. You should be wait new monthly period or you can upgrade your plan."],"PossibleCauses":["Please check 
2026-05-02 11:17:53 [WARNING] scraper.idealista_scraper — Scrape.do [render=true&geoCode=ES] intento 3: status=401 body={"URL":"https://dashboard.scrape.do","StatusCode":401,"Message":["Monthly request limit exceeded. You should be wait new monthly period or you can upgrade your plan."],"PossibleCauses":["Please check 
2026-05-02 11:17:53 [WARNING] scraper.idealista_scraper — Scrape.do [render=true] intento 1: status=401 body={"URL":"https://dashboard.scrape.do","StatusCode":401,"Message":["Monthly request limit exceeded. You should be wait new monthly period or you can upgrade your plan."],"PossibleCauses":["Please check 
2026-05-02 11:18:00 [WARNING] scraper.idealista_scraper — Scrape.do [render=true] intento 2: status=401 body={"URL":"https://dashboard.scrape.do","StatusCode":401,"Message":["Monthly request limit exceeded. You should be wait new monthly period or you can upgrade your plan."],"PossibleCauses":["Please check 
2026-05-02 11:18:11 [WARNING] scraper.idealista_scraper — Scrape.do [render=true] intento 3: status=401 body={"URL":"https://dashboard.scrape.do","StatusCode":401,"Message":["Monthly request limit exceeded. You should be wait new monthly period or you can upgrade your plan."],"PossibleCauses":["Please check 
2026-05-02 11:18:13 [INFO] scraper.idealista_scraper — --- Perfil: https://www.idealista.com/pro/gestion-freshlanding/ ---
2026-05-02 11:18:13 [INFO] scraper.idealista_scraper — Scrapeando perfil: https://www.idealista.com/pro/gestion-freshlanding/ (límite: 3)
2026-05-02 11:18:14 [WARNING] scraper.idealista_scraper — Scrape.do [super=true&geoCode=ES] intento 1: status=401 body={"URL":"https://dashboard.scrape.do","StatusCode":401,"Message":["Monthly request limit exceeded. You should be wait new monthly period or you can upgrade your plan."],"PossibleCauses":["Please check 
2026-05-02 11:18:20 [WARNING] scraper.idealista_scraper — Scrape.do [super=true&geoCode=ES] intento 2: status=401 body={"URL":"https://dashboard.scrape.do","StatusCode":401,"Message":["Monthly request limit exceeded. You should be wait new monthly period or you can upgrade your plan."],"PossibleCauses":["Please check 
2026-05-02 11:18:30 [WARNING] scraper.idealista_scraper — Scrape.do [super=true&geoCode=ES] intento 3: status=401 body={"URL":"https://dashboard.scrape.do","StatusCode":401,"Message":["Monthly request limit exceeded. You should be wait new monthly period or you can upgrade your plan."],"PossibleCauses":["Please check 
2026-05-02 11:18:31 [WARNING] scraper.idealista_scraper — Scrape.do [render=true&geoCode=ES] intento 1: status=401 body={"URL":"https://dashboard.scrape.do","StatusCode":401,"Message":["Monthly request limit exceeded. You should be wait new monthly period or you can upgrade your plan."],"PossibleCauses":["Please check 
2026-05-02 11:18:37 [WARNING] scraper.idealista_scraper — Scrape.do [render=true&geoCode=ES] intento 2: status=401 body={"URL":"https://dashboard.scrape.do","StatusCode":401,"Message":["Monthly request limit exceeded. You should be wait new monthly period or you can upgrade your plan."],"PossibleCauses":["Please check 
2026-05-02 11:18:48 [WARNING] scraper.idealista_scraper — Scrape.do [render=true&geoCode=ES] intento 3: status=401 body={"URL":"https://dashboard.scrape.do","StatusCode":401,"Message":["Monthly request limit exceeded. You should be wait new monthly period or you can upgrade your plan."],"PossibleCauses":["Please check 
2026-05-02 11:18:48 [WARNING] scraper.idealista_scraper — Scrape.do [render=true] intento 1: status=401 body={"URL":"https://dashboard.scrape.do","StatusCode":401,"Message":["Monthly request limit exceeded. You should be wait new monthly period or you can upgrade your plan."],"PossibleCauses":["Please check 
2026-05-02 11:18:54 [WARNING] scraper.idealista_scraper — Scrape.do [render=true] intento 2: status=401 body={"URL":"https://dashboard.scrape.do","StatusCode":401,"Message":["Monthly request limit exceeded. You should be wait new monthly period or you can upgrade your plan."],"PossibleCauses":["Please check 
2026-05-02 11:19:05 [WARNING] scraper.idealista_scraper — Scrape.do [render=true] intento 3: status=401 body={"URL":"https://dashboard.scrape.do","StatusCode":401,"Message":["Monthly request limit exceeded. You should be wait new monthly period or you can upgrade your plan."],"PossibleCauses":["Please check 
2026-05-02 11:19:08 [INFO] monitor.property_monitor — Propiedades en Idealista: 3 total (3 nuevas)
2026-05-02 11:19:08 [INFO] monitor.property_monitor — [NUEVA] 110659138 — Chalet pareado en venta en Cerrado de Calderón - H
2026-05-02 11:19:08 [INFO] photo_processor.photo_enhancer — Limitando a 5 fotos regulares (63 descartadas, 1 planos/videos ignorados)
2026-05-02 11:19:11 [INFO] photo_processor.photo_enhancer — Enviando 5 fotos a KIE.AI en paralelo...
2026-05-02 11:21:32 [INFO] photo_processor.photo_enhancer —   [OK] foto 0 mejorada
2026-05-02 11:21:34 [INFO] photo_processor.photo_enhancer —   [OK] foto 1 mejorada
2026-05-02 11:21:37 [INFO] photo_processor.photo_enhancer —   [OK] foto 2 mejorada
2026-05-02 11:21:39 [INFO] photo_processor.photo_enhancer —   [OK] foto 3 mejorada
2026-05-02 11:21:42 [INFO] photo_processor.photo_enhancer —   [OK] foto 4 mejorada
2026-05-02 11:21:42 [INFO] photo_processor.photo_enhancer — Propiedad 110659138: 5 mejoradas | 0 fallback | 0 planos
2026-05-02 11:27:44 [INFO] main — Ejecutando ciclo único...
2026-05-02 11:27:45 [INFO] wordpress.wp_client — WAF detectado — usando Playwright para obtener cookies de sesión...
2026-05-16 23:14:54 [INFO] main — Ejecutando ciclo único...
2026-05-16 23:14:55 [INFO] monitor.property_monitor — Propiedades ya en BD: 1 — solo se scrapearan las nuevas
2026-05-16 23:14:55 [INFO] monitor.property_monitor — === Iniciando ciclo de scraping ===
2026-05-16 23:14:55 [INFO] scraper.idealista_scraper — Modo Scrape.do activo — sin navegador, sin captchas
2026-05-16 23:14:55 [INFO] scraper.idealista_scraper — --- Perfil: https://www.idealista.com/pro/inmobiliariavasanco/ ---
2026-05-16 23:14:55 [INFO] scraper.idealista_scraper — Scrapeando perfil: https://www.idealista.com/pro/inmobiliariavasanco/ (límite: 1)
2026-05-16 23:14:56 [INFO] scraper.idealista_scraper — Scrape.do OK [super=true&geoCode=ES]: https://www.idealista.com/pro/inmobiliariavasanco (376062 chars)
2026-05-16 23:14:56 [WARNING] scraper.idealista_scraper — JS eval fallo: 'NoneType' object has no attribute 'evaluate'
2026-05-16 23:14:56 [INFO] scraper.idealista_scraper —   -> Propiedad: https://www.idealista.com/pro/inmobiliariavasanco/inmueble/110782952/
2026-05-16 23:14:58 [INFO] scraper.idealista_scraper — Scrape.do OK [super=true&geoCode=ES]: https://www.idealista.com/pro/inmobiliariavasanco/inmueble/110782952/ (289964 chars)
2026-05-16 23:15:02 [INFO] scraper.idealista_scraper — --- Perfil: https://www.idealista.com/pro/raulgalisteo/ ---
2026-05-16 23:15:02 [INFO] scraper.idealista_scraper — Scrapeando perfil: https://www.idealista.com/pro/raulgalisteo/ (límite: 1)
2026-05-16 23:15:04 [WARNING] scraper.idealista_scraper — Scrape.do: 404 en https://www.idealista.com/pro/raulgalisteo — perfil inexistente, saltando
2026-05-16 23:15:08 [INFO] scraper.idealista_scraper — --- Perfil: https://www.idealista.com/pro/gestion-freshlanding/ ---
2026-05-16 23:15:08 [INFO] scraper.idealista_scraper — Scrapeando perfil: https://www.idealista.com/pro/gestion-freshlanding/ (límite: 1)
2026-05-16 23:15:10 [INFO] scraper.idealista_scraper — Scrape.do OK [super=true&geoCode=ES]: https://www.idealista.com/pro/gestion-freshlanding (318312 chars)
2026-05-16 23:15:10 [WARNING] scraper.idealista_scraper — JS eval fallo: 'NoneType' object has no attribute 'evaluate'
2026-05-16 23:15:10 [INFO] scraper.idealista_scraper —   -> Propiedad: https://www.idealista.com/pro/gestion-freshlanding/inmueble/110674654/
2026-05-16 23:15:11 [INFO] scraper.idealista_scraper — Scrape.do OK [super=true&geoCode=ES]: https://www.idealista.com/pro/gestion-freshlanding/inmueble/110674654/ (313870 chars)
2026-05-16 23:15:16 [INFO] monitor.property_monitor — Propiedades en Idealista: 2 total (2 nuevas)
2026-05-16 23:15:16 [INFO] monitor.property_monitor — [ELIMINADA] 110659138 — borrada de WP y marcada como inactiva
2026-05-16 23:15:16 [INFO] monitor.property_monitor — [NUEVA] 110782952 — Piso en venta en Calle Molinillo del Aceite
2026-05-16 23:15:16 [INFO] photo_processor.photo_classifier — Clasificando 17 fotos con OpenRouter vision...
2026-05-16 23:15:29 [INFO] photo_processor.photo_classifier — Fotos seleccionadas por estancia: {'fachada': 0, 'salon': 2, 'cocina': 1, 'dormitorio': 2, 'bano': 0, 'terraza': 0, 'exterior': 0} (total: 5)
2026-05-16 23:15:30 [INFO] photo_processor.photo_enhancer — Enviando 5 fotos a KIE.AI en paralelo...
2026-05-16 23:16:38 [INFO] photo_processor.photo_enhancer —   [OK] foto 0 mejorada
2026-05-16 23:16:38 [INFO] photo_processor.photo_enhancer —   [OK] foto 1 mejorada
2026-05-16 23:16:39 [INFO] photo_processor.photo_enhancer —   [OK] foto 2 mejorada
2026-05-16 23:16:39 [INFO] photo_processor.photo_enhancer —   [OK] foto 3 mejorada
2026-05-16 23:16:39 [INFO] photo_processor.photo_enhancer —   [OK] foto 4 mejorada
2026-05-16 23:16:39 [INFO] photo_processor.photo_enhancer — Propiedad 110782952: 5 mejoradas | 0 fallback | 0 planos
2026-05-16 23:16:48 [INFO] wordpress.property_publisher —   [WP] Foto 1 subida (media ID 45579)
2026-05-16 23:16:58 [INFO] wordpress.property_publisher —   [WP] Foto 2 subida (media ID 45580)
2026-05-16 23:17:06 [INFO] wordpress.property_publisher —   [WP] Foto 3 subida (media ID 45581)
2026-05-16 23:17:15 [INFO] wordpress.property_publisher —   [WP] Foto 4 subida (media ID 45582)
2026-05-16 23:17:23 [INFO] wordpress.property_publisher —   [WP] Foto 5 subida (media ID 45583)
2026-05-16 23:17:28 [INFO] wordpress.property_publisher — Descripción reescrita con IA (621 → 985 chars)
2026-05-16 23:17:29 [ERROR] wordpress.property_publisher — Error publicando propiedad 110782952 en WP: 404 Client Error: Not Found for url: http://www.inmo4you.com/wp-json/wp/v2/properties
2026-05-16 23:17:29 [INFO] monitor.property_monitor — [NUEVA] 110674654 — Piso en venta en CL Duquesa De Parcent
2026-05-16 23:17:29 [INFO] photo_processor.photo_classifier — Clasificando 31 fotos con OpenRouter vision...
2026-05-16 23:17:46 [INFO] photo_processor.photo_classifier — Fotos seleccionadas por estancia: {'fachada': 0, 'salon': 2, 'cocina': 1, 'dormitorio': 2, 'bano': 0, 'terraza': 0, 'exterior': 0} (total: 5)
2026-05-16 23:17:46 [INFO] photo_processor.photo_enhancer — Enviando 5 fotos a KIE.AI en paralelo...
2026-05-16 23:21:53 [INFO] main — Ejecutando ciclo único...
2026-05-16 23:21:54 [INFO] monitor.property_monitor — Propiedades ya en BD: 2 — solo se scrapearan las nuevas
2026-05-16 23:21:54 [INFO] monitor.property_monitor — === Iniciando ciclo de scraping ===
2026-05-16 23:21:54 [INFO] scraper.idealista_scraper — Modo Scrape.do activo — sin navegador, sin captchas
2026-05-16 23:21:54 [INFO] scraper.idealista_scraper — --- Perfil: https://www.idealista.com/pro/inmobiliariavasanco/ ---
2026-05-16 23:21:54 [INFO] scraper.idealista_scraper — Scrapeando perfil: https://www.idealista.com/pro/inmobiliariavasanco/ (límite: 1)
2026-05-16 23:21:58 [INFO] scraper.idealista_scraper — Scrape.do OK [super=true&geoCode=ES]: https://www.idealista.com/pro/inmobiliariavasanco (376017 chars)
2026-05-16 23:21:58 [WARNING] scraper.idealista_scraper — JS eval fallo: 'NoneType' object has no attribute 'evaluate'
2026-05-16 23:22:01 [INFO] scraper.idealista_scraper — --- Perfil: https://www.idealista.com/pro/raulgalisteo/ ---
2026-05-16 23:22:01 [INFO] scraper.idealista_scraper — Scrapeando perfil: https://www.idealista.com/pro/raulgalisteo/ (límite: 1)
2026-05-16 23:22:02 [WARNING] scraper.idealista_scraper — Scrape.do: 404 en https://www.idealista.com/pro/raulgalisteo — perfil inexistente, saltando
2026-05-16 23:22:05 [INFO] scraper.idealista_scraper — --- Perfil: https://www.idealista.com/pro/gestion-freshlanding/ ---
2026-05-16 23:22:05 [INFO] scraper.idealista_scraper — Scrapeando perfil: https://www.idealista.com/pro/gestion-freshlanding/ (límite: 1)
2026-05-16 23:22:06 [INFO] scraper.idealista_scraper — Scrape.do OK [super=true&geoCode=ES]: https://www.idealista.com/pro/gestion-freshlanding (318312 chars)
2026-05-16 23:22:06 [WARNING] scraper.idealista_scraper — JS eval fallo: 'NoneType' object has no attribute 'evaluate'
2026-05-16 23:22:09 [INFO] monitor.property_monitor — Propiedades en Idealista: 2 total (0 nuevas)
2026-05-16 23:22:09 [INFO] monitor.property_monitor — === Ciclo finalizado === Nuevas: 0 | Actualizadas: 0 | Eliminadas: 0 | Errores: 0
2026-05-16 23:22:09 [INFO] main — Finalizado: RunStats(found=2, new=0, updated=0, removed=0, errors=0)
2026-05-16 23:23:16 [INFO] main — Ejecutando ciclo único...
2026-05-16 23:23:17 [INFO] monitor.property_monitor — === Iniciando ciclo de scraping ===
2026-05-16 23:23:17 [INFO] scraper.idealista_scraper — Modo Scrape.do activo — sin navegador, sin captchas
2026-05-16 23:23:17 [INFO] scraper.idealista_scraper — --- Perfil: https://www.idealista.com/pro/inmobiliariavasanco/ ---
2026-05-16 23:23:17 [INFO] scraper.idealista_scraper — Scrapeando perfil: https://www.idealista.com/pro/inmobiliariavasanco/ (límite: 1)
2026-05-16 23:23:19 [INFO] scraper.idealista_scraper — Scrape.do OK [super=true&geoCode=ES]: https://www.idealista.com/pro/inmobiliariavasanco (376062 chars)
2026-05-16 23:23:19 [WARNING] scraper.idealista_scraper — JS eval fallo: 'NoneType' object has no attribute 'evaluate'
2026-05-16 23:23:19 [INFO] scraper.idealista_scraper —   -> Propiedad: https://www.idealista.com/pro/inmobiliariavasanco/inmueble/110782952/
2026-05-16 23:23:21 [INFO] scraper.idealista_scraper — Scrape.do OK [super=true&geoCode=ES]: https://www.idealista.com/pro/inmobiliariavasanco/inmueble/110782952/ (289858 chars)
2026-05-16 23:23:26 [INFO] scraper.idealista_scraper — --- Perfil: https://www.idealista.com/pro/raulgalisteo/ ---
2026-05-16 23:23:26 [INFO] scraper.idealista_scraper — Scrapeando perfil: https://www.idealista.com/pro/raulgalisteo/ (límite: 1)
2026-05-16 23:23:27 [WARNING] scraper.idealista_scraper — Scrape.do: 404 en https://www.idealista.com/pro/raulgalisteo — perfil inexistente, saltando
2026-05-16 23:23:31 [INFO] scraper.idealista_scraper — --- Perfil: https://www.idealista.com/pro/gestion-freshlanding/ ---
2026-05-16 23:23:31 [INFO] scraper.idealista_scraper — Scrapeando perfil: https://www.idealista.com/pro/gestion-freshlanding/ (límite: 1)
2026-05-16 23:23:33 [INFO] scraper.idealista_scraper — Scrape.do OK [super=true&geoCode=ES]: https://www.idealista.com/pro/gestion-freshlanding (318312 chars)
2026-05-16 23:23:33 [WARNING] scraper.idealista_scraper — JS eval fallo: 'NoneType' object has no attribute 'evaluate'
2026-05-16 23:23:33 [INFO] scraper.idealista_scraper —   -> Propiedad: https://www.idealista.com/pro/gestion-freshlanding/inmueble/110674654/
2026-05-16 23:23:34 [INFO] scraper.idealista_scraper — Scrape.do OK [super=true&geoCode=ES]: https://www.idealista.com/pro/gestion-freshlanding/inmueble/110674654/ (313870 chars)
2026-05-16 23:23:40 [INFO] monitor.property_monitor — Propiedades en Idealista: 2 total (2 nuevas)
2026-05-16 23:23:40 [INFO] monitor.property_monitor — [NUEVA] 110782952 — Piso en venta en Calle Molinillo del Aceite
2026-05-16 23:23:40 [INFO] photo_processor.photo_classifier — Clasificando 17 fotos con OpenRouter vision...
2026-05-16 23:23:52 [INFO] photo_processor.photo_classifier — Fotos seleccionadas por estancia: {'fachada': 0, 'salon': 2, 'cocina': 1, 'dormitorio': 2, 'bano': 0, 'terraza': 0, 'exterior': 0} (total: 5)
2026-05-16 23:23:52 [INFO] photo_processor.photo_enhancer — Propiedad 110782952: 5 mejoradas | 0 fallback | 0 planos
2026-05-16 23:24:01 [INFO] wordpress.property_publisher —   [WP] Foto 1 subida (media ID 45588)
2026-05-16 23:24:10 [INFO] wordpress.property_publisher —   [WP] Foto 2 subida (media ID 45589)
2026-05-16 23:24:19 [INFO] wordpress.property_publisher —   [WP] Foto 3 subida (media ID 45590)
2026-05-16 23:24:27 [INFO] wordpress.property_publisher —   [WP] Foto 4 subida (media ID 45591)
2026-05-16 23:24:35 [INFO] wordpress.property_publisher —   [WP] Foto 5 subida (media ID 45592)
2026-05-16 23:24:41 [INFO] wordpress.property_publisher — Descripción reescrita con IA (621 → 1023 chars)
2026-05-16 23:24:42 [INFO] wordpress.property_publisher — Propiedad 110782952 creada en WP (ID 45593)
2026-05-16 23:24:42 [INFO] monitor.property_monitor — [NUEVA] 110674654 — Piso en venta en CL Duquesa De Parcent
2026-05-16 23:24:42 [INFO] photo_processor.photo_classifier — Clasificando 31 fotos con OpenRouter vision...
2026-05-16 23:24:56 [INFO] photo_processor.photo_classifier — Fotos seleccionadas por estancia: {'fachada': 0, 'salon': 2, 'cocina': 1, 'dormitorio': 2, 'bano': 0, 'terraza': 0, 'exterior': 0} (total: 5)
2026-05-16 23:24:56 [INFO] photo_processor.photo_enhancer — Enviando 5 fotos a KIE.AI en paralelo...
2026-05-16 23:26:04 [INFO] photo_processor.photo_enhancer —   [OK] foto 0 mejorada
2026-05-16 23:26:04 [INFO] photo_processor.photo_enhancer —   [OK] foto 1 mejorada
2026-05-16 23:26:05 [INFO] photo_processor.photo_enhancer —   [OK] foto 2 mejorada
2026-05-16 23:26:05 [INFO] photo_processor.photo_enhancer —   [OK] foto 3 mejorada
2026-05-16 23:26:06 [INFO] photo_processor.photo_enhancer —   [OK] foto 4 mejorada
2026-05-16 23:26:06 [INFO] photo_processor.photo_enhancer — Propiedad 110674654: 5 mejoradas | 0 fallback | 0 planos
2026-05-16 23:26:14 [INFO] wordpress.property_publisher —   [WP] Foto 1 subida (media ID 45594)
2026-05-16 23:26:22 [INFO] wordpress.property_publisher —   [WP] Foto 2 subida (media ID 45595)
2026-05-16 23:26:31 [INFO] wordpress.property_publisher —   [WP] Foto 3 subida (media ID 45596)
2026-05-16 23:26:40 [INFO] wordpress.property_publisher —   [WP] Foto 4 subida (media ID 45597)
2026-05-16 23:26:48 [INFO] wordpress.property_publisher —   [WP] Foto 5 subida (media ID 45598)
2026-05-16 23:26:54 [INFO] wordpress.property_publisher — Descripción reescrita con IA (1144 → 1244 chars)
2026-05-16 23:26:55 [INFO] wordpress.property_publisher — Propiedad 110674654 creada en WP (ID 45599)
2026-05-16 23:26:55 [INFO] monitor.property_monitor — === Ciclo finalizado === Nuevas: 2 | Actualizadas: 0 | Eliminadas: 0 | Errores: 0
2026-05-16 23:26:55 [INFO] main — Finalizado: RunStats(found=2, new=2, updated=0, removed=0, errors=0)
2026-05-17 01:06:11 [INFO] main — Ejecutando ciclo único...
2026-05-17 01:06:12 [INFO] monitor.property_monitor — === Iniciando ciclo de scraping ===
2026-05-17 01:06:12 [INFO] scraper.idealista_scraper — Modo Scrape.do activo — sin navegador, sin captchas
2026-05-17 01:06:12 [INFO] scraper.idealista_scraper — --- Perfil: https://www.idealista.com/pro/inmobiliariavasanco/ ---
2026-05-17 01:06:12 [INFO] scraper.idealista_scraper — Scrapeando perfil: https://www.idealista.com/pro/inmobiliariavasanco/ (límite: 1)
2026-05-17 01:06:14 [INFO] scraper.idealista_scraper — Scrape.do OK [super=true&geoCode=ES]: https://www.idealista.com/pro/inmobiliariavasanco (376117 chars)
2026-05-17 01:06:14 [WARNING] scraper.idealista_scraper — JS eval fallo: 'NoneType' object has no attribute 'evaluate'
2026-05-17 01:06:14 [INFO] scraper.idealista_scraper —   -> Propiedad: https://www.idealista.com/pro/inmobiliariavasanco/inmueble/110782952/
2026-05-17 01:06:15 [INFO] scraper.idealista_scraper — Scrape.do OK [super=true&geoCode=ES]: https://www.idealista.com/pro/inmobiliariavasanco/inmueble/110782952/ (289857 chars)
2026-05-17 01:06:21 [INFO] scraper.idealista_scraper — --- Perfil: https://www.idealista.com/pro/raulgalisteo/ ---
2026-05-17 01:06:21 [INFO] scraper.idealista_scraper — Scrapeando perfil: https://www.idealista.com/pro/raulgalisteo/ (límite: 1)
2026-05-17 01:06:21 [WARNING] scraper.idealista_scraper — Scrape.do [super=true&geoCode=ES] intento 1: status=401 body={"URL":"https://dashboard.scrape.do","StatusCode":401,"Message":["Monthly request limit exceeded. You should be wait new monthly period or you can upgrade your plan."],"PossibleCauses":["Please check 
2026-05-17 01:06:26 [WARNING] scraper.idealista_scraper — Scrape.do [super=true&geoCode=ES] intento 2: status=401 body={"URL":"https://dashboard.scrape.do","StatusCode":401,"Message":["Monthly request limit exceeded. You should be wait new monthly period or you can upgrade your plan."],"PossibleCauses":["Please check 
2026-05-17 01:06:36 [WARNING] scraper.idealista_scraper — Scrape.do [super=true&geoCode=ES] intento 3: status=401 body={"URL":"https://dashboard.scrape.do","StatusCode":401,"Message":["Monthly request limit exceeded. You should be wait new monthly period or you can upgrade your plan."],"PossibleCauses":["Please check 
2026-05-17 01:06:36 [WARNING] scraper.idealista_scraper — Scrape.do [render=true&geoCode=ES] intento 1: status=401 body={"URL":"https://dashboard.scrape.do","StatusCode":401,"Message":["Monthly request limit exceeded. You should be wait new monthly period or you can upgrade your plan."],"PossibleCauses":["Please check 
2026-05-17 01:06:41 [WARNING] scraper.idealista_scraper — Scrape.do [render=true&geoCode=ES] intento 2: status=401 body={"URL":"https://dashboard.scrape.do","StatusCode":401,"Message":["Monthly request limit exceeded. You should be wait new monthly period or you can upgrade your plan."],"PossibleCauses":["Please check 
2026-05-17 01:06:51 [WARNING] scraper.idealista_scraper — Scrape.do [render=true&geoCode=ES] intento 3: status=401 body={"URL":"https://dashboard.scrape.do","StatusCode":401,"Message":["Monthly request limit exceeded. You should be wait new monthly period or you can upgrade your plan."],"PossibleCauses":["Please check 
2026-05-17 01:06:52 [WARNING] scraper.idealista_scraper — Scrape.do [render=true] intento 1: status=401 body={"URL":"https://dashboard.scrape.do","StatusCode":401,"Message":["Monthly request limit exceeded. You should be wait new monthly period or you can upgrade your plan."],"PossibleCauses":["Please check 
2026-05-17 01:06:57 [WARNING] scraper.idealista_scraper — Scrape.do [render=true] intento 2: status=401 body={"URL":"https://dashboard.scrape.do","StatusCode":401,"Message":["Monthly request limit exceeded. You should be wait new monthly period or you can upgrade your plan."],"PossibleCauses":["Please check 
2026-05-17 01:07:07 [WARNING] scraper.idealista_scraper — Scrape.do [render=true] intento 3: status=401 body={"URL":"https://dashboard.scrape.do","StatusCode":401,"Message":["Monthly request limit exceeded. You should be wait new monthly period or you can upgrade your plan."],"PossibleCauses":["Please check 
2026-05-17 01:07:10 [INFO] scraper.idealista_scraper — --- Perfil: https://www.idealista.com/pro/gestion-freshlanding/ ---
2026-05-17 01:07:10 [INFO] scraper.idealista_scraper — Scrapeando perfil: https://www.idealista.com/pro/gestion-freshlanding/ (límite: 1)
2026-05-17 01:07:11 [WARNING] scraper.idealista_scraper — Scrape.do [super=true&geoCode=ES] intento 1: status=401 body={"URL":"https://dashboard.scrape.do","StatusCode":401,"Message":["Monthly request limit exceeded. You should be wait new monthly period or you can upgrade your plan."],"PossibleCauses":["Please check 
2026-05-17 01:07:16 [WARNING] scraper.idealista_scraper — Scrape.do [super=true&geoCode=ES] intento 2: status=401 body={"URL":"https://dashboard.scrape.do","StatusCode":401,"Message":["Monthly request limit exceeded. You should be wait new monthly period or you can upgrade your plan."],"PossibleCauses":["Please check 
2026-05-17 01:07:26 [WARNING] scraper.idealista_scraper — Scrape.do [super=true&geoCode=ES] intento 3: status=401 body={"URL":"https://dashboard.scrape.do","StatusCode":401,"Message":["Monthly request limit exceeded. You should be wait new monthly period or you can upgrade your plan."],"PossibleCauses":["Please check 
2026-05-17 01:07:26 [WARNING] scraper.idealista_scraper — Scrape.do [render=true&geoCode=ES] intento 1: status=401 body={"URL":"https://dashboard.scrape.do","StatusCode":401,"Message":["Monthly request limit exceeded. You should be wait new monthly period or you can upgrade your plan."],"PossibleCauses":["Please check 
2026-05-17 01:07:31 [WARNING] scraper.idealista_scraper — Scrape.do [render=true&geoCode=ES] intento 2: status=401 body={"URL":"https://dashboard.scrape.do","StatusCode":401,"Message":["Monthly request limit exceeded. You should be wait new monthly period or you can upgrade your plan."],"PossibleCauses":["Please check 
2026-05-17 01:07:41 [WARNING] scraper.idealista_scraper — Scrape.do [render=true&geoCode=ES] intento 3: status=401 body={"URL":"https://dashboard.scrape.do","StatusCode":401,"Message":["Monthly request limit exceeded. You should be wait new monthly period or you can upgrade your plan."],"PossibleCauses":["Please check 
2026-05-17 01:07:41 [WARNING] scraper.idealista_scraper — Scrape.do [render=true] intento 1: status=401 body={"URL":"https://dashboard.scrape.do","StatusCode":401,"Message":["Monthly request limit exceeded. You should be wait new monthly period or you can upgrade your plan."],"PossibleCauses":["Please check 
2026-05-17 01:07:46 [WARNING] scraper.idealista_scraper — Scrape.do [render=true] intento 2: status=401 body={"URL":"https://dashboard.scrape.do","StatusCode":401,"Message":["Monthly request limit exceeded. You should be wait new monthly period or you can upgrade your plan."],"PossibleCauses":["Please check 
2026-05-17 01:07:56 [WARNING] scraper.idealista_scraper — Scrape.do [render=true] intento 3: status=401 body={"URL":"https://dashboard.scrape.do","StatusCode":401,"Message":["Monthly request limit exceeded. You should be wait new monthly period or you can upgrade your plan."],"PossibleCauses":["Please check 
2026-05-17 01:08:00 [INFO] monitor.property_monitor — Propiedades en Idealista: 1 total (1 nuevas)
2026-05-17 01:08:00 [INFO] monitor.property_monitor — [NUEVA] 110782952 — Piso en venta en Calle Molinillo del Aceite
2026-05-17 01:08:00 [INFO] photo_processor.photo_classifier — Clasificando 17 fotos con OpenRouter vision...
2026-05-17 01:08:10 [INFO] photo_processor.photo_classifier — Fotos seleccionadas por estancia: {'fachada': 0, 'salon': 2, 'cocina': 1, 'dormitorio': 2, 'bano': 0, 'terraza': 0, 'exterior': 0} (total: 5)
2026-05-17 01:08:10 [INFO] photo_processor.photo_enhancer — Propiedad 110782952: 5 mejoradas | 0 fallback | 0 planos
2026-05-17 01:08:19 [INFO] wordpress.property_publisher —   [WP] Foto 1 subida (media ID 45603)
2026-05-17 01:08:28 [INFO] wordpress.property_publisher —   [WP] Foto 2 subida (media ID 45604)
2026-05-17 01:08:36 [INFO] wordpress.property_publisher —   [WP] Foto 3 subida (media ID 45605)
2026-05-17 01:08:44 [INFO] wordpress.property_publisher —   [WP] Foto 4 subida (media ID 45606)
2026-05-17 01:08:52 [INFO] wordpress.property_publisher —   [WP] Foto 5 subida (media ID 45607)
2026-05-17 01:08:57 [INFO] wordpress.property_publisher — Descripción reescrita con IA (621 → 981 chars)
2026-05-17 01:08:58 [INFO] wordpress.property_publisher — Propiedad 110782952 creada en WP (ID 45608)
2026-05-17 01:08:58 [INFO] monitor.property_monitor — === Ciclo finalizado === Nuevas: 1 | Actualizadas: 0 | Eliminadas: 0 | Errores: 0
2026-05-17 01:08:58 [INFO] main — Finalizado: RunStats(found=1, new=1, updated=0, removed=0, errors=0)
2026-05-17 02:45:19 [INFO] main — Ejecutando ciclo único...
2026-05-17 02:45:20 [INFO] monitor.property_monitor — === Iniciando ciclo de scraping ===
2026-05-17 02:45:20 [INFO] scraper.idealista_scraper — Modo Scrape.do activo — sin navegador, sin captchas
2026-05-17 02:45:20 [INFO] scraper.idealista_scraper — --- Perfil: https://www.idealista.com/pro/inmobiliariavasanco/ ---
2026-05-17 02:45:20 [INFO] scraper.idealista_scraper — Scrapeando perfil: https://www.idealista.com/pro/inmobiliariavasanco/ (límite: 1)
2026-05-17 02:45:22 [INFO] scraper.idealista_scraper — Scrape.do OK [token1/super=true&geoCode=ES]: https://www.idealista.com/pro/inmobiliariavasanco (375956 chars)
2026-05-17 02:45:22 [WARNING] scraper.idealista_scraper — JS eval fallo: 'NoneType' object has no attribute 'evaluate'
2026-05-17 02:45:22 [INFO] scraper.idealista_scraper —   -> Propiedad: https://www.idealista.com/pro/inmobiliariavasanco/inmueble/110782952/
2026-05-17 02:45:23 [INFO] scraper.idealista_scraper — Scrape.do OK [token1/super=true&geoCode=ES]: https://www.idealista.com/pro/inmobiliariavasanco/inmueble/110782952/ (289970 chars)
2026-05-17 02:45:30 [INFO] scraper.idealista_scraper — --- Perfil: https://www.idealista.com/pro/raulgalisteo/ ---
2026-05-17 02:45:30 [INFO] scraper.idealista_scraper — Scrapeando perfil: https://www.idealista.com/pro/raulgalisteo/ (límite: 1)
2026-05-17 02:45:31 [WARNING] scraper.idealista_scraper — Scrape.do: 404 en https://www.idealista.com/pro/raulgalisteo — perfil inexistente, saltando
2026-05-17 02:45:33 [INFO] scraper.idealista_scraper — --- Perfil: https://www.idealista.com/pro/gestion-freshlanding/ ---
2026-05-17 02:45:33 [INFO] scraper.idealista_scraper — Scrapeando perfil: https://www.idealista.com/pro/gestion-freshlanding/ (límite: 1)
2026-05-17 02:45:35 [INFO] scraper.idealista_scraper — Scrape.do OK [token1/super=true&geoCode=ES]: https://www.idealista.com/pro/gestion-freshlanding (318312 chars)
2026-05-17 02:45:35 [WARNING] scraper.idealista_scraper — JS eval fallo: 'NoneType' object has no attribute 'evaluate'
2026-05-17 02:45:35 [INFO] scraper.idealista_scraper —   -> Propiedad: https://www.idealista.com/pro/gestion-freshlanding/inmueble/110674654/
2026-05-17 02:45:36 [INFO] scraper.idealista_scraper — Scrape.do OK [token1/super=true&geoCode=ES]: https://www.idealista.com/pro/gestion-freshlanding/inmueble/110674654/ (313870 chars)
2026-05-17 02:45:42 [INFO] monitor.property_monitor — Propiedades en Idealista: 2 total (2 nuevas)
2026-05-17 02:45:42 [INFO] monitor.property_monitor — [NUEVA] 110782952 — Piso en venta en Calle Molinillo del Aceite
2026-05-17 02:45:42 [INFO] photo_processor.photo_classifier — Clasificando 17 fotos con OpenRouter vision...
2026-05-17 02:45:52 [INFO] photo_processor.photo_classifier — Fotos seleccionadas por estancia: {'fachada': 0, 'salon': 2, 'cocina': 1, 'dormitorio': 2, 'bano': 0, 'terraza': 0, 'exterior': 0} (total: 5)
2026-05-17 02:45:52 [INFO] photo_processor.photo_enhancer — Propiedad 110782952: 5 mejoradas | 0 fallback | 0 planos
2026-05-17 02:46:00 [INFO] wordpress.property_publisher —   [WP] Foto 1 subida (media ID 45610)
2026-05-17 02:46:09 [INFO] wordpress.property_publisher —   [WP] Foto 2 subida (media ID 45611)
2026-05-17 02:46:16 [INFO] wordpress.property_publisher —   [WP] Foto 3 subida (media ID 45612)
2026-05-17 02:46:24 [INFO] wordpress.property_publisher —   [WP] Foto 4 subida (media ID 45613)
2026-05-17 02:46:30 [INFO] wordpress.property_publisher —   [WP] Foto 5 subida (media ID 45614)
2026-05-17 02:46:34 [INFO] wordpress.property_publisher — Descripción reescrita con IA (621 → 1024 chars)
2026-05-17 02:46:35 [INFO] wordpress.property_publisher — Propiedad 110782952 creada en WP (ID 45615)
2026-05-17 02:46:35 [INFO] monitor.property_monitor — [NUEVA] 110674654 — Piso en venta en CL Duquesa De Parcent
2026-05-17 02:46:35 [INFO] photo_processor.photo_classifier — Clasificando 31 fotos con OpenRouter vision...
2026-05-17 02:46:49 [INFO] photo_processor.photo_classifier — Fotos seleccionadas por estancia: {'fachada': 0, 'salon': 2, 'cocina': 1, 'dormitorio': 2, 'bano': 0, 'terraza': 0, 'exterior': 0} (total: 5)
2026-05-17 02:46:49 [INFO] photo_processor.photo_enhancer — Propiedad 110674654: 5 mejoradas | 0 fallback | 0 planos
2026-05-17 02:46:57 [INFO] wordpress.property_publisher —   [WP] Foto 1 subida (media ID 45616)
2026-05-17 02:47:04 [INFO] wordpress.property_publisher —   [WP] Foto 2 subida (media ID 45617)
2026-05-17 02:47:11 [INFO] wordpress.property_publisher —   [WP] Foto 3 subida (media ID 45618)
2026-05-17 02:47:19 [INFO] wordpress.property_publisher —   [WP] Foto 4 subida (media ID 45619)
2026-05-17 02:47:26 [INFO] wordpress.property_publisher —   [WP] Foto 5 subida (media ID 45620)
2026-05-17 02:47:30 [INFO] wordpress.property_publisher — Descripción reescrita con IA (1144 → 1146 chars)
2026-05-17 02:47:30 [INFO] wordpress.property_publisher — Propiedad 110674654 creada en WP (ID 45621)
2026-05-17 02:47:30 [INFO] monitor.property_monitor — === Ciclo finalizado === Nuevas: 2 | Actualizadas: 0 | Eliminadas: 0 | Errores: 0
2026-05-17 02:47:30 [INFO] main — Finalizado: RunStats(found=2, new=2, updated=0, removed=0, errors=0)
2026-05-17 02:47:31 [INFO] main — Ejecutando ciclo único...
2026-05-17 02:47:32 [INFO] monitor.property_monitor — === Iniciando ciclo de scraping ===
2026-05-17 02:47:32 [INFO] scraper.idealista_scraper — Modo Scrape.do activo — sin navegador, sin captchas
2026-05-17 02:47:32 [INFO] scraper.idealista_scraper — --- Perfil: https://www.idealista.com/pro/inmobiliariavasanco/ ---
2026-05-17 02:47:32 [INFO] scraper.idealista_scraper — Scrapeando perfil: https://www.idealista.com/pro/inmobiliariavasanco/ (límite: 1)
2026-05-17 02:47:34 [INFO] scraper.idealista_scraper — Scrape.do OK [token1/super=true&geoCode=ES]: https://www.idealista.com/pro/inmobiliariavasanco (375956 chars)
2026-05-17 02:47:34 [WARNING] scraper.idealista_scraper — JS eval fallo: 'NoneType' object has no attribute 'evaluate'
2026-05-17 02:47:34 [INFO] scraper.idealista_scraper —   -> Propiedad: https://www.idealista.com/pro/inmobiliariavasanco/inmueble/110782952/
2026-05-17 02:47:35 [INFO] scraper.idealista_scraper — Scrape.do OK [token1/super=true&geoCode=ES]: https://www.idealista.com/pro/inmobiliariavasanco/inmueble/110782952/ (289964 chars)
2026-05-17 02:47:43 [INFO] scraper.idealista_scraper — --- Perfil: https://www.idealista.com/pro/raulgalisteo/ ---
2026-05-17 02:47:43 [INFO] scraper.idealista_scraper — Scrapeando perfil: https://www.idealista.com/pro/raulgalisteo/ (límite: 1)
2026-05-17 02:47:44 [WARNING] scraper.idealista_scraper — Scrape.do: 404 en https://www.idealista.com/pro/raulgalisteo — perfil inexistente, saltando
2026-05-17 02:47:46 [INFO] scraper.idealista_scraper — --- Perfil: https://www.idealista.com/pro/gestion-freshlanding/ ---
2026-05-17 02:47:46 [INFO] scraper.idealista_scraper — Scrapeando perfil: https://www.idealista.com/pro/gestion-freshlanding/ (límite: 1)
2026-05-17 02:47:48 [INFO] scraper.idealista_scraper — Scrape.do OK [token1/super=true&geoCode=ES]: https://www.idealista.com/pro/gestion-freshlanding (318267 chars)
2026-05-17 02:47:48 [WARNING] scraper.idealista_scraper — JS eval fallo: 'NoneType' object has no attribute 'evaluate'
2026-05-17 02:47:48 [INFO] scraper.idealista_scraper —   -> Propiedad: https://www.idealista.com/pro/gestion-freshlanding/inmueble/110674654/
2026-05-17 02:47:49 [INFO] scraper.idealista_scraper — Scrape.do OK [token1/super=true&geoCode=ES]: https://www.idealista.com/pro/gestion-freshlanding/inmueble/110674654/ (313870 chars)
2026-05-17 02:47:56 [INFO] monitor.property_monitor — Propiedades en Idealista: 2 total (2 nuevas)
2026-05-17 02:47:56 [INFO] monitor.property_monitor — [NUEVA] 110782952 — Piso en venta en Calle Molinillo del Aceite
2026-05-17 02:47:56 [INFO] photo_processor.photo_classifier — Clasificando 17 fotos con OpenRouter vision...
2026-05-17 02:48:05 [INFO] photo_processor.photo_classifier — Fotos seleccionadas por estancia: {'fachada': 0, 'salon': 2, 'cocina': 1, 'dormitorio': 2, 'bano': 0, 'terraza': 0, 'exterior': 0} (total: 5)
2026-05-17 02:48:05 [INFO] photo_processor.photo_enhancer — Propiedad 110782952: 5 mejoradas | 0 fallback | 0 planos
2026-05-17 02:48:13 [INFO] wordpress.property_publisher —   [WP] Foto 1 subida (media ID 45622)
2026-05-17 02:48:22 [INFO] wordpress.property_publisher —   [WP] Foto 2 subida (media ID 45623)
2026-05-17 02:48:29 [INFO] wordpress.property_publisher —   [WP] Foto 3 subida (media ID 45624)
2026-05-17 02:48:36 [INFO] wordpress.property_publisher —   [WP] Foto 4 subida (media ID 45625)
2026-05-17 02:48:43 [INFO] wordpress.property_publisher —   [WP] Foto 5 subida (media ID 45626)
2026-05-17 02:48:46 [INFO] wordpress.property_publisher — Descripción reescrita con IA (621 → 1041 chars)
2026-05-17 02:48:46 [INFO] wordpress.property_publisher — Propiedad 110782952 creada en WP (ID 45627)
2026-05-17 02:48:47 [INFO] monitor.property_monitor — [NUEVA] 110674654 — Piso en venta en CL Duquesa De Parcent
2026-05-17 02:48:47 [INFO] photo_processor.photo_classifier — Clasificando 31 fotos con OpenRouter vision...
2026-05-17 02:49:00 [INFO] photo_processor.photo_classifier — Fotos seleccionadas por estancia: {'fachada': 0, 'salon': 2, 'cocina': 1, 'dormitorio': 2, 'bano': 0, 'terraza': 0, 'exterior': 0} (total: 5)
2026-05-17 02:49:00 [INFO] photo_processor.photo_enhancer — Propiedad 110674654: 5 mejoradas | 0 fallback | 0 planos
2026-05-17 02:49:08 [INFO] wordpress.property_publisher —   [WP] Foto 1 subida (media ID 45628)
2026-05-17 02:49:15 [INFO] wordpress.property_publisher —   [WP] Foto 2 subida (media ID 45629)
2026-05-17 02:49:22 [INFO] wordpress.property_publisher —   [WP] Foto 3 subida (media ID 45630)
2026-05-17 02:49:30 [INFO] wordpress.property_publisher —   [WP] Foto 4 subida (media ID 45631)
2026-05-17 02:49:38 [INFO] wordpress.property_publisher —   [WP] Foto 5 subida (media ID 45632)
2026-05-17 02:49:41 [INFO] wordpress.property_publisher — Descripción reescrita con IA (1144 → 1173 chars)
2026-05-17 02:49:42 [INFO] wordpress.property_publisher — Propiedad 110674654 creada en WP (ID 45633)
2026-05-17 02:49:42 [INFO] monitor.property_monitor — === Ciclo finalizado === Nuevas: 2 | Actualizadas: 0 | Eliminadas: 0 | Errores: 0
2026-05-17 02:49:42 [INFO] main — Finalizado: RunStats(found=2, new=2, updated=0, removed=0, errors=0)
2026-05-18 05:39:07 [INFO] main — Ejecutando ciclo único...
2026-05-18 05:39:08 [INFO] monitor.property_monitor — === Iniciando ciclo de scraping ===
2026-05-18 05:39:08 [INFO] scraper.idealista_scraper — Modo Scrape.do activo — sin navegador, sin captchas
2026-05-18 05:39:08 [INFO] scraper.idealista_scraper — --- Perfil: https://www.idealista.com/pro/inmobiliariavasanco/ ---
2026-05-18 05:39:08 [INFO] scraper.idealista_scraper — Scrapeando perfil: https://www.idealista.com/pro/inmobiliariavasanco/ (límite: sin límite)
2026-05-18 05:39:10 [INFO] scraper.idealista_scraper — Scrape.do OK [token1/super=true&geoCode=ES]: https://www.idealista.com/pro/inmobiliariavasanco (375956 chars)
2026-05-18 05:39:10 [WARNING] scraper.idealista_scraper — JS eval fallo: 'NoneType' object has no attribute 'evaluate'
2026-05-18 05:39:10 [INFO] scraper.idealista_scraper —   -> Propiedad: https://www.idealista.com/pro/inmobiliariavasanco/inmueble/110782952/
2026-05-18 05:39:11 [INFO] scraper.idealista_scraper — Scrape.do OK [token1/super=true&geoCode=ES]: https://www.idealista.com/pro/inmobiliariavasanco/inmueble/110782952/ (289964 chars)
2026-05-18 05:39:14 [INFO] scraper.idealista_scraper —   -> Propiedad: https://www.idealista.com/pro/inmobiliariavasanco/inmueble/111395590/
2026-05-18 05:39:15 [INFO] scraper.idealista_scraper — Scrape.do OK [token1/super=true&geoCode=ES]: https://www.idealista.com/pro/inmobiliariavasanco/inmueble/111395590/ (367687 chars)
2026-05-18 05:39:20 [INFO] scraper.idealista_scraper —   -> Propiedad: https://www.idealista.com/pro/inmobiliariavasanco/inmueble/106971678/
2026-05-18 05:39:20 [INFO] scraper.idealista_scraper — Scrape.do OK [token1/super=true&geoCode=ES]: https://www.idealista.com/pro/inmobiliariavasanco/inmueble/106971678/ (329471 chars)
2026-05-18 05:39:24 [INFO] scraper.idealista_scraper —   -> Propiedad: https://www.idealista.com/pro/inmobiliariavasanco/inmueble/110519456/
2026-05-18 05:39:25 [INFO] scraper.idealista_scraper — Scrape.do OK [token1/super=true&geoCode=ES]: https://www.idealista.com/pro/inmobiliariavasanco/inmueble/110519456/ (334740 chars)
2026-05-18 05:39:28 [INFO] scraper.idealista_scraper —   -> Propiedad: https://www.idealista.com/pro/inmobiliariavasanco/inmueble/109277199/
2026-05-18 05:39:29 [INFO] scraper.idealista_scraper — Scrape.do OK [token1/super=true&geoCode=ES]: https://www.idealista.com/pro/inmobiliariavasanco/inmueble/109277199/ (373435 chars)
2026-05-18 05:39:33 [INFO] scraper.idealista_scraper —   -> Propiedad: https://www.idealista.com/pro/inmobiliariavasanco/inmueble/110659138/
2026-05-18 05:39:34 [INFO] scraper.idealista_scraper — Scrape.do OK [token1/super=true&geoCode=ES]: https://www.idealista.com/pro/inmobiliariavasanco/inmueble/110659138/ (381124 chars)
2026-05-18 05:39:36 [INFO] scraper.idealista_scraper —   -> Propiedad: https://www.idealista.com/pro/inmobiliariavasanco/inmueble/110097974/
2026-05-18 05:39:37 [INFO] scraper.idealista_scraper — Scrape.do OK [token1/super=true&geoCode=ES]: https://www.idealista.com/pro/inmobiliariavasanco/inmueble/110097974/ (453750 chars)
2026-05-18 05:39:40 [INFO] scraper.idealista_scraper —   -> Propiedad: https://www.idealista.com/pro/inmobiliariavasanco/inmueble/107673708/
2026-05-18 05:39:42 [INFO] scraper.idealista_scraper — Scrape.do OK [token1/super=true&geoCode=ES]: https://www.idealista.com/pro/inmobiliariavasanco/inmueble/107673708/ (362776 chars)
2026-05-18 05:39:46 [INFO] scraper.idealista_scraper —   -> Propiedad: https://www.idealista.com/pro/inmobiliariavasanco/inmueble/97522429/
2026-05-18 05:39:47 [INFO] scraper.idealista_scraper — Scrape.do OK [token1/super=true&geoCode=ES]: https://www.idealista.com/pro/inmobiliariavasanco/inmueble/97522429/ (338114 chars)
2026-05-18 05:39:52 [INFO] scraper.idealista_scraper —   -> Propiedad: https://www.idealista.com/pro/inmobiliariavasanco/inmueble/110814373/
2026-05-18 05:39:54 [INFO] scraper.idealista_scraper — Scrape.do OK [token1/super=true&geoCode=ES]: https://www.idealista.com/pro/inmobiliariavasanco/inmueble/110814373/ (297519 chars)
2026-05-18 05:39:58 [INFO] scraper.idealista_scraper —   -> Propiedad: https://www.idealista.com/pro/inmobiliariavasanco/inmueble/109279679/
2026-05-18 05:39:58 [INFO] scraper.idealista_scraper — Scrape.do OK [token1/super=true&geoCode=ES]: https://www.idealista.com/pro/inmobiliariavasanco/inmueble/109279679/ (321564 chars)
2026-05-18 05:40:03 [INFO] scraper.idealista_scraper —   -> Propiedad: https://www.idealista.com/pro/inmobiliariavasanco/inmueble/110922785/
2026-05-18 05:40:04 [INFO] scraper.idealista_scraper — Scrape.do OK [token1/super=true&geoCode=ES]: https://www.idealista.com/pro/inmobiliariavasanco/inmueble/110922785/ (298191 chars)
2026-05-18 05:40:09 [INFO] scraper.idealista_scraper —   -> Propiedad: https://www.idealista.com/pro/inmobiliariavasanco/inmueble/107685699/
2026-05-18 05:40:10 [INFO] scraper.idealista_scraper — Scrape.do OK [token1/super=true&geoCode=ES]: https://www.idealista.com/pro/inmobiliariavasanco/inmueble/107685699/ (360963 chars)
2026-05-18 05:40:14 [INFO] scraper.idealista_scraper —   -> Propiedad: https://www.idealista.com/pro/inmobiliariavasanco/inmueble/110729569/
2026-05-18 05:40:15 [INFO] scraper.idealista_scraper — Scrape.do OK [token1/super=true&geoCode=ES]: https://www.idealista.com/pro/inmobiliariavasanco/inmueble/110729569/ (315356 chars)
2026-05-18 05:40:20 [INFO] scraper.idealista_scraper —   -> Propiedad: https://www.idealista.com/pro/inmobiliariavasanco/inmueble/109454426/
2026-05-18 05:40:21 [INFO] scraper.idealista_scraper — Scrape.do OK [token1/super=true&geoCode=ES]: https://www.idealista.com/pro/inmobiliariavasanco/inmueble/109454426/ (311448 chars)
2026-05-18 05:40:23 [INFO] scraper.idealista_scraper —   -> Propiedad: https://www.idealista.com/pro/inmobiliariavasanco/inmueble/108901397/
2026-05-18 05:40:24 [INFO] scraper.idealista_scraper — Scrape.do OK [token1/super=true&geoCode=ES]: https://www.idealista.com/pro/inmobiliariavasanco/inmueble/108901397/ (361827 chars)
2026-05-18 05:40:29 [INFO] scraper.idealista_scraper —   -> Propiedad: https://www.idealista.com/pro/inmobiliariavasanco/inmueble/110808784/
2026-05-18 05:40:30 [INFO] scraper.idealista_scraper — Scrape.do OK [token1/super=true&geoCode=ES]: https://www.idealista.com/pro/inmobiliariavasanco/inmueble/110808784/ (276660 chars)
2026-05-18 05:40:35 [INFO] scraper.idealista_scraper —   -> Propiedad: https://www.idealista.com/pro/inmobiliariavasanco/inmueble/110535686/
2026-05-18 05:40:36 [INFO] scraper.idealista_scraper — Scrape.do OK [token1/super=true&geoCode=ES]: https://www.idealista.com/pro/inmobiliariavasanco/inmueble/110535686/ (281550 chars)
2026-05-18 05:40:44 [INFO] scraper.idealista_scraper — --- Perfil: https://www.idealista.com/pro/raulgalisteo/ ---
2026-05-18 05:40:44 [INFO] scraper.idealista_scraper — Scrapeando perfil: https://www.idealista.com/pro/raulgalisteo/ (límite: sin límite)
2026-05-18 05:40:45 [WARNING] scraper.idealista_scraper — Scrape.do: 404 en https://www.idealista.com/pro/raulgalisteo — perfil inexistente, saltando
2026-05-18 05:40:48 [INFO] scraper.idealista_scraper — --- Perfil: https://www.idealista.com/pro/gestion-freshlanding/ ---
2026-05-18 05:40:48 [INFO] scraper.idealista_scraper — Scrapeando perfil: https://www.idealista.com/pro/gestion-freshlanding/ (límite: sin límite)
2026-05-18 05:40:49 [INFO] scraper.idealista_scraper — Scrape.do OK [token1/super=true&geoCode=ES]: https://www.idealista.com/pro/gestion-freshlanding (318312 chars)
2026-05-18 05:40:50 [WARNING] scraper.idealista_scraper — JS eval fallo: 'NoneType' object has no attribute 'evaluate'
2026-05-18 05:40:50 [INFO] scraper.idealista_scraper —   -> Propiedad: https://www.idealista.com/pro/gestion-freshlanding/inmueble/110674654/
2026-05-18 05:40:50 [INFO] scraper.idealista_scraper — Scrape.do OK [token1/super=true&geoCode=ES]: https://www.idealista.com/pro/gestion-freshlanding/inmueble/110674654/ (313825 chars)
2026-05-18 05:40:55 [INFO] scraper.idealista_scraper —   -> Propiedad: https://www.idealista.com/pro/gestion-freshlanding/inmueble/110435987/
2026-05-18 05:40:56 [INFO] scraper.idealista_scraper — Scrape.do OK [token1/super=true&geoCode=ES]: https://www.idealista.com/pro/gestion-freshlanding/inmueble/110435987/ (297241 chars)
2026-05-18 05:40:59 [INFO] scraper.idealista_scraper —   -> Propiedad: https://www.idealista.com/pro/gestion-freshlanding/inmueble/111003024/
2026-05-18 05:41:00 [INFO] scraper.idealista_scraper — Scrape.do OK [token1/super=true&geoCode=ES]: https://www.idealista.com/pro/gestion-freshlanding/inmueble/111003024/ (306944 chars)
2026-05-18 05:41:05 [INFO] scraper.idealista_scraper —   -> Propiedad: https://www.idealista.com/pro/gestion-freshlanding/inmueble/110991729/
2026-05-18 05:41:06 [INFO] scraper.idealista_scraper — Scrape.do OK [token1/super=true&geoCode=ES]: https://www.idealista.com/pro/gestion-freshlanding/inmueble/110991729/ (290290 chars)
2026-05-18 05:41:10 [INFO] scraper.idealista_scraper —   -> Propiedad: https://www.idealista.com/pro/gestion-freshlanding/inmueble/108840698/
2026-05-18 05:41:10 [INFO] scraper.idealista_scraper — Scrape.do OK [token1/super=true&geoCode=ES]: https://www.idealista.com/pro/gestion-freshlanding/inmueble/108840698/ (352536 chars)
2026-05-18 05:41:13 [INFO] scraper.idealista_scraper —   -> Propiedad: https://www.idealista.com/pro/gestion-freshlanding/inmueble/110862060/
2026-05-18 05:41:14 [INFO] scraper.idealista_scraper — Scrape.do OK [token1/super=true&geoCode=ES]: https://www.idealista.com/pro/gestion-freshlanding/inmueble/110862060/ (300173 chars)
2026-05-18 05:41:18 [INFO] scraper.idealista_scraper —   -> Propiedad: https://www.idealista.com/pro/gestion-freshlanding/inmueble/96332250/
2026-05-18 05:41:19 [INFO] scraper.idealista_scraper — Scrape.do OK [token1/super=true&geoCode=ES]: https://www.idealista.com/pro/gestion-freshlanding/inmueble/96332250/ (305060 chars)
2026-05-18 05:41:22 [INFO] scraper.idealista_scraper —   -> Propiedad: https://www.idealista.com/pro/gestion-freshlanding/inmueble/105684394/
2026-05-18 05:41:23 [INFO] scraper.idealista_scraper — Scrape.do OK [token1/super=true&geoCode=ES]: https://www.idealista.com/pro/gestion-freshlanding/inmueble/105684394/ (316863 chars)
2026-05-18 05:41:26 [INFO] scraper.idealista_scraper —   -> Propiedad: https://www.idealista.com/pro/gestion-freshlanding/inmueble/109599749/
2026-05-18 05:41:27 [INFO] scraper.idealista_scraper — Scrape.do OK [token1/super=true&geoCode=ES]: https://www.idealista.com/pro/gestion-freshlanding/inmueble/109599749/ (370376 chars)
2026-05-18 05:41:32 [INFO] monitor.property_monitor — Propiedades en Idealista: 27 total (27 nuevas)
2026-05-18 05:41:32 [INFO] monitor.property_monitor — [NUEVA] 110782952 — Piso en venta en Calle Molinillo del Aceite
2026-05-18 05:41:32 [INFO] photo_processor.photo_classifier — Clasificando 17 fotos con OpenRouter vision...
2026-05-18 05:41:42 [INFO] photo_processor.photo_classifier — Fotos seleccionadas por estancia: {'fachada': 0, 'salon': 4, 'cocina': 1, 'dormitorio': 3, 'bano': 3, 'terraza': 0, 'exterior': 0} (total: 11)
2026-05-18 05:41:43 [INFO] photo_processor.photo_enhancer — Enviando 9 fotos a KIE.AI en paralelo...
2026-05-18 05:44:03 [INFO] photo_processor.photo_enhancer —   [OK] foto 2 mejorada
2026-05-18 05:44:03 [INFO] photo_processor.photo_enhancer —   [OK] foto 3 mejorada
2026-05-18 05:44:04 [INFO] photo_processor.photo_enhancer —   [OK] foto 4 mejorada
2026-05-18 05:44:04 [INFO] photo_processor.photo_enhancer —   [OK] foto 5 mejorada
2026-05-18 05:44:05 [INFO] photo_processor.photo_enhancer —   [OK] foto 6 mejorada
2026-05-18 05:44:05 [INFO] photo_processor.photo_enhancer —   [OK] foto 7 mejorada
2026-05-18 05:44:06 [INFO] photo_processor.photo_enhancer —   [OK] foto 8 mejorada
2026-05-18 05:44:15 [INFO] photo_processor.photo_enhancer —   [OK] foto 9 mejorada
2026-05-18 05:44:16 [INFO] photo_processor.photo_enhancer —   [OK] foto 10 mejorada
2026-05-18 05:44:16 [INFO] photo_processor.photo_enhancer — Propiedad 110782952: 11 mejoradas | 0 fallback | 0 planos
2026-05-18 05:44:25 [INFO] wordpress.property_publisher —   [WP] Foto 1 subida (media ID 45651)
2026-05-18 05:44:33 [INFO] wordpress.property_publisher —   [WP] Foto 2 subida (media ID 45652)
2026-05-18 05:44:42 [INFO] wordpress.property_publisher —   [WP] Foto 3 subida (media ID 45653)
2026-05-18 05:44:50 [INFO] wordpress.property_publisher —   [WP] Foto 4 subida (media ID 45654)
2026-05-18 05:44:58 [INFO] wordpress.property_publisher —   [WP] Foto 5 subida (media ID 45655)
2026-05-18 05:45:06 [INFO] wordpress.property_publisher —   [WP] Foto 6 subida (media ID 45656)
2026-05-18 05:45:14 [INFO] wordpress.property_publisher —   [WP] Foto 7 subida (media ID 45657)
2026-05-18 05:45:23 [INFO] wordpress.property_publisher —   [WP] Foto 8 subida (media ID 45658)
2026-05-18 05:45:30 [INFO] wordpress.property_publisher —   [WP] Foto 9 subida (media ID 45659)
2026-05-18 05:45:38 [INFO] wordpress.property_publisher —   [WP] Foto 10 subida (media ID 45660)
2026-05-18 05:45:46 [INFO] wordpress.property_publisher —   [WP] Foto 11 subida (media ID 45661)
2026-05-18 05:45:50 [INFO] wordpress.property_publisher — Descripcion reescrita con IA (621 -> 963 chars)
2026-05-18 05:45:51 [INFO] wordpress.property_publisher — Propiedad 110782952 creada en WP (ID 45662)
2026-05-18 05:45:59 [INFO] monitor.property_monitor — [NUEVA] 111395590 — Piso en venta en Avenida Jorge Luis Borges
2026-05-18 05:45:59 [INFO] photo_processor.photo_classifier — Clasificando 64 fotos con OpenRouter vision...
2026-05-18 05:46:38 [INFO] photo_processor.photo_classifier — Fotos seleccionadas por estancia: {'fachada': 0, 'salon': 4, 'cocina': 3, 'dormitorio': 4, 'bano': 3, 'terraza': 3, 'exterior': 3} (total: 20)
2026-05-18 05:46:41 [INFO] photo_processor.photo_enhancer — Enviando 20 fotos a KIE.AI en paralelo...
2026-05-18 05:51:27 [INFO] photo_processor.photo_enhancer —   [OK] foto 0 mejorada
2026-05-18 05:51:28 [INFO] photo_processor.photo_enhancer —   [OK] foto 1 mejorada
2026-05-18 05:51:28 [INFO] photo_processor.photo_enhancer —   [OK] foto 2 mejorada
2026-05-18 05:52:05 [INFO] photo_processor.photo_enhancer —   [OK] foto 3 mejorada
2026-05-18 05:52:05 [INFO] photo_processor.photo_enhancer —   [OK] foto 4 mejorada
2026-05-18 05:52:06 [INFO] photo_processor.photo_enhancer —   [OK] foto 5 mejorada
2026-05-18 05:52:06 [INFO] photo_processor.photo_enhancer —   [OK] foto 6 mejorada
2026-05-18 05:52:07 [INFO] photo_processor.photo_enhancer —   [OK] foto 7 mejorada
2026-05-18 05:52:07 [INFO] photo_processor.photo_enhancer —   [OK] foto 8 mejorada
2026-05-18 05:52:08 [INFO] photo_processor.photo_enhancer —   [OK] foto 9 mejorada
2026-05-18 05:52:08 [INFO] photo_processor.photo_enhancer —   [OK] foto 10 mejorada
2026-05-18 05:52:10 [INFO] photo_processor.photo_enhancer —   [OK] foto 11 mejorada
2026-05-18 05:52:10 [INFO] photo_processor.photo_enhancer —   [OK] foto 12 mejorada
2026-05-18 05:52:11 [INFO] photo_processor.photo_enhancer —   [OK] foto 13 mejorada
2026-05-18 05:52:12 [INFO] photo_processor.photo_enhancer —   [OK] foto 14 mejorada
2026-05-18 05:52:13 [INFO] photo_processor.photo_enhancer —   [OK] foto 15 mejorada
2026-05-18 05:52:15 [INFO] photo_processor.photo_enhancer —   [OK] foto 16 mejorada
2026-05-18 05:52:16 [INFO] photo_processor.photo_enhancer —   [OK] foto 17 mejorada
2026-05-18 05:52:16 [INFO] photo_processor.photo_enhancer —   [OK] foto 18 mejorada
2026-05-18 05:52:36 [INFO] photo_processor.photo_enhancer —   [OK] foto 19 mejorada
2026-05-18 05:52:36 [INFO] photo_processor.photo_enhancer — Propiedad 111395590: 20 mejoradas | 0 fallback | 0 planos
2026-05-18 05:52:46 [INFO] wordpress.property_publisher —   [WP] Foto 1 subida (media ID 45664)
2026-05-18 05:52:55 [INFO] wordpress.property_publisher —   [WP] Foto 2 subida (media ID 45665)
2026-05-18 05:53:05 [INFO] wordpress.property_publisher —   [WP] Foto 3 subida (media ID 45666)
2026-05-18 05:53:13 [INFO] wordpress.property_publisher —   [WP] Foto 4 subida (media ID 45667)
2026-05-18 05:53:21 [INFO] wordpress.property_publisher —   [WP] Foto 5 subida (media ID 45668)
2026-05-18 05:53:30 [INFO] wordpress.property_publisher —   [WP] Foto 6 subida (media ID 45669)
2026-05-18 05:53:39 [INFO] wordpress.property_publisher —   [WP] Foto 7 subida (media ID 45670)
2026-05-18 05:53:47 [INFO] wordpress.property_publisher —   [WP] Foto 8 subida (media ID 45671)
2026-05-18 05:53:56 [INFO] wordpress.property_publisher —   [WP] Foto 9 subida (media ID 45672)
2026-05-18 05:54:05 [INFO] wordpress.property_publisher —   [WP] Foto 10 subida (media ID 45673)
2026-05-18 05:54:14 [INFO] wordpress.property_publisher —   [WP] Foto 11 subida (media ID 45674)
2026-05-18 05:54:24 [INFO] wordpress.property_publisher —   [WP] Foto 12 subida (media ID 45675)
2026-05-18 05:54:33 [INFO] wordpress.property_publisher —   [WP] Foto 13 subida (media ID 45676)
2026-05-18 05:54:43 [INFO] wordpress.property_publisher —   [WP] Foto 14 subida (media ID 45677)
2026-05-18 05:54:53 [INFO] wordpress.property_publisher —   [WP] Foto 15 subida (media ID 45678)
2026-05-18 05:55:02 [INFO] wordpress.property_publisher —   [WP] Foto 16 subida (media ID 45679)
2026-05-18 05:55:11 [INFO] wordpress.property_publisher —   [WP] Foto 17 subida (media ID 45680)
2026-05-18 05:55:22 [INFO] wordpress.property_publisher —   [WP] Foto 18 subida (media ID 45681)
2026-05-18 05:55:33 [INFO] wordpress.property_publisher —   [WP] Foto 19 subida (media ID 45682)
2026-05-18 05:55:43 [INFO] wordpress.property_publisher —   [WP] Foto 20 subida (media ID 45683)
2026-05-18 05:55:52 [INFO] wordpress.property_publisher — Descripcion reescrita con IA (1871 -> 1237 chars)
2026-05-18 05:55:53 [INFO] wordpress.property_publisher — Propiedad 111395590 creada en WP (ID 45684)
2026-05-18 05:56:07 [INFO] monitor.property_monitor — [NUEVA] 106971678 — Piso en venta en Camino Santa Paula
2026-05-18 05:56:07 [INFO] photo_processor.photo_classifier — Clasificando 41 fotos con OpenRouter vision...
2026-05-18 05:56:33 [INFO] photo_processor.photo_classifier — Fotos seleccionadas por estancia: {'fachada': 0, 'salon': 4, 'cocina': 2, 'dormitorio': 2, 'bano': 3, 'terraza': 2, 'exterior': 1} (total: 14)
2026-05-18 05:56:35 [INFO] photo_processor.photo_enhancer — Enviando 14 fotos a KIE.AI en paralelo...
2026-05-18 05:59:57 [INFO] photo_processor.photo_enhancer —   [OK] foto 0 mejorada
2026-05-18 05:59:58 [INFO] photo_processor.photo_enhancer —   [OK] foto 1 mejorada
2026-05-18 05:59:59 [INFO] photo_processor.photo_enhancer —   [OK] foto 2 mejorada
2026-05-18 05:59:59 [INFO] photo_processor.photo_enhancer —   [OK] foto 3 mejorada
2026-05-18 06:00:00 [INFO] photo_processor.photo_enhancer —   [OK] foto 4 mejorada
2026-05-18 06:00:03 [INFO] photo_processor.photo_enhancer —   [OK] foto 5 mejorada
2026-05-18 06:00:03 [INFO] photo_processor.photo_enhancer —   [OK] foto 6 mejorada
2026-05-18 06:00:04 [INFO] photo_processor.photo_enhancer —   [OK] foto 7 mejorada
2026-05-18 06:00:04 [INFO] photo_processor.photo_enhancer —   [OK] foto 8 mejorada
2026-05-18 06:00:05 [INFO] photo_processor.photo_enhancer —   [OK] foto 9 mejorada
2026-05-18 06:00:07 [INFO] photo_processor.photo_enhancer —   [OK] foto 10 mejorada
2026-05-18 06:00:08 [INFO] photo_processor.photo_enhancer —   [OK] foto 11 mejorada
2026-05-18 06:00:09 [INFO] photo_processor.photo_enhancer —   [OK] foto 12 mejorada
2026-05-18 06:00:09 [INFO] photo_processor.photo_enhancer —   [OK] foto 13 mejorada
2026-05-18 06:00:09 [INFO] photo_processor.photo_enhancer — Propiedad 106971678: 14 mejoradas | 0 fallback | 0 planos
2026-05-18 06:00:18 [INFO] wordpress.property_publisher —   [WP] Foto 1 subida (media ID 45686)
2026-05-18 06:00:28 [INFO] wordpress.property_publisher —   [WP] Foto 2 subida (media ID 45687)
2026-05-18 06:00:37 [INFO] wordpress.property_publisher —   [WP] Foto 3 subida (media ID 45688)
2026-05-18 06:00:45 [INFO] wordpress.property_publisher —   [WP] Foto 4 subida (media ID 45689)
2026-05-18 06:00:54 [INFO] wordpress.property_publisher —   [WP] Foto 5 subida (media ID 45690)
2026-05-18 06:01:04 [INFO] wordpress.property_publisher —   [WP] Foto 6 subida (media ID 45691)
2026-05-18 06:01:11 [INFO] wordpress.property_publisher —   [WP] Foto 7 subida (media ID 45692)
2026-05-18 06:01:19 [INFO] wordpress.property_publisher —   [WP] Foto 8 subida (media ID 45693)
2026-05-18 06:01:27 [INFO] wordpress.property_publisher —   [WP] Foto 9 subida (media ID 45694)
2026-05-18 06:01:35 [INFO] wordpress.property_publisher —   [WP] Foto 10 subida (media ID 45695)
2026-05-18 06:01:43 [INFO] wordpress.property_publisher —   [WP] Foto 11 subida (media ID 45696)
2026-05-18 06:01:52 [INFO] wordpress.property_publisher —   [WP] Foto 12 subida (media ID 45697)
2026-05-18 06:02:02 [INFO] wordpress.property_publisher —   [WP] Foto 13 subida (media ID 45698)
2026-05-18 06:02:12 [INFO] wordpress.property_publisher —   [WP] Foto 14 subida (media ID 45699)
2026-05-18 06:02:18 [INFO] wordpress.property_publisher — Descripcion reescrita con IA (1398 -> 1228 chars)
2026-05-18 06:02:19 [INFO] wordpress.property_publisher — Propiedad 106971678 creada en WP (ID 45700)
2026-05-18 06:02:29 [INFO] monitor.property_monitor — [NUEVA] 110519456 — Chalet adosado en venta en Paseo de la Sierra
2026-05-18 06:02:29 [INFO] photo_processor.photo_classifier — Clasificando 43 fotos con OpenRouter vision...
2026-05-18 06:02:54 [INFO] photo_processor.photo_classifier — Fotos seleccionadas por estancia: {'fachada': 0, 'salon': 4, 'cocina': 2, 'dormitorio': 4, 'bano': 3, 'terraza': 2, 'exterior': 3} (total: 18)
2026-05-18 06:02:56 [INFO] photo_processor.photo_enhancer — Enviando 18 fotos a KIE.AI en paralelo...
2026-05-18 06:07:01 [INFO] photo_processor.photo_enhancer —   [OK] foto 0 mejorada
2026-05-18 06:07:01 [INFO] photo_processor.photo_enhancer —   [OK] foto 1 mejorada
2026-05-18 06:07:02 [INFO] photo_processor.photo_enhancer —   [OK] foto 2 mejorada
2026-05-18 06:07:02 [INFO] photo_processor.photo_enhancer —   [OK] foto 3 mejorada
2026-05-18 06:07:03 [INFO] photo_processor.photo_enhancer —   [OK] foto 4 mejorada
2026-05-18 06:07:04 [INFO] photo_processor.photo_enhancer —   [OK] foto 5 mejorada
2026-05-18 06:07:04 [INFO] photo_processor.photo_enhancer —   [OK] foto 6 mejorada
2026-05-18 06:07:05 [INFO] photo_processor.photo_enhancer —   [OK] foto 7 mejorada
2026-05-18 06:07:06 [INFO] photo_processor.photo_enhancer —   [OK] foto 8 mejorada
2026-05-18 06:07:07 [INFO] photo_processor.photo_enhancer —   [OK] foto 9 mejorada
2026-05-18 06:07:08 [INFO] photo_processor.photo_enhancer —   [OK] foto 10 mejorada
2026-05-18 06:07:08 [INFO] photo_processor.photo_enhancer —   [OK] foto 11 mejorada
2026-05-18 06:07:09 [INFO] photo_processor.photo_enhancer —   [OK] foto 12 mejorada
2026-05-18 06:07:10 [INFO] photo_processor.photo_enhancer —   [OK] foto 13 mejorada
2026-05-18 06:07:10 [INFO] photo_processor.photo_enhancer —   [OK] foto 14 mejorada
2026-05-18 06:07:11 [INFO] photo_processor.photo_enhancer —   [OK] foto 15 mejorada
2026-05-18 06:07:11 [INFO] photo_processor.photo_enhancer —   [OK] foto 16 mejorada
2026-05-18 06:07:13 [INFO] photo_processor.photo_enhancer —   [OK] foto 17 mejorada
2026-05-18 06:07:13 [INFO] photo_processor.photo_enhancer — Propiedad 110519456: 18 mejoradas | 0 fallback | 0 planos
2026-05-18 06:07:21 [INFO] wordpress.property_publisher —   [WP] Foto 1 subida (media ID 45702)
2026-05-18 06:07:30 [INFO] wordpress.property_publisher —   [WP] Foto 2 subida (media ID 45703)
2026-05-18 06:07:38 [INFO] wordpress.property_publisher —   [WP] Foto 3 subida (media ID 45704)
2026-05-18 06:07:47 [INFO] wordpress.property_publisher —   [WP] Foto 4 subida (media ID 45705)
2026-05-18 06:07:55 [INFO] wordpress.property_publisher —   [WP] Foto 5 subida (media ID 45706)
2026-05-18 06:08:04 [INFO] wordpress.property_publisher —   [WP] Foto 6 subida (media ID 45707)
2026-05-18 06:08:13 [INFO] wordpress.property_publisher —   [WP] Foto 7 subida (media ID 45708)
2026-05-18 06:08:22 [INFO] wordpress.property_publisher —   [WP] Foto 8 subida (media ID 45709)
2026-05-18 06:08:32 [INFO] wordpress.property_publisher —   [WP] Foto 9 subida (media ID 45710)
2026-05-18 06:08:41 [INFO] wordpress.property_publisher —   [WP] Foto 10 subida (media ID 45711)
2026-05-18 06:08:49 [INFO] wordpress.property_publisher —   [WP] Foto 11 subida (media ID 45712)
2026-05-18 06:08:58 [INFO] wordpress.property_publisher —   [WP] Foto 12 subida (media ID 45713)
2026-05-18 06:09:07 [INFO] wordpress.property_publisher —   [WP] Foto 13 subida (media ID 45714)
2026-05-18 06:09:16 [INFO] wordpress.property_publisher —   [WP] Foto 14 subida (media ID 45715)
2026-05-18 06:09:25 [INFO] wordpress.property_publisher —   [WP] Foto 15 subida (media ID 45716)
2026-05-18 06:09:33 [INFO] wordpress.property_publisher —   [WP] Foto 16 subida (media ID 45717)
2026-05-18 06:09:42 [INFO] wordpress.property_publisher —   [WP] Foto 17 subida (media ID 45718)
2026-05-18 06:09:53 [INFO] wordpress.property_publisher —   [WP] Foto 18 subida (media ID 45719)
2026-05-18 06:10:00 [INFO] wordpress.property_publisher — Descripcion reescrita con IA (1161 -> 1202 chars)
2026-05-18 06:10:01 [INFO] wordpress.property_publisher — Propiedad 110519456 creada en WP (ID 45720)
2026-05-18 06:10:14 [INFO] monitor.property_monitor — [NUEVA] 109277199 — Casa o chalet independiente en venta en Cerrado de
2026-05-18 06:10:14 [INFO] photo_processor.photo_classifier — Clasificando 64 fotos con OpenRouter vision...
2026-05-18 06:10:56 [INFO] photo_processor.photo_classifier — Fotos seleccionadas por estancia: {'fachada': 1, 'salon': 4, 'cocina': 3, 'dormitorio': 4, 'bano': 3, 'terraza': 2, 'exterior': 3} (total: 20)
2026-05-18 06:10:58 [INFO] photo_processor.photo_enhancer — Enviando 20 fotos a KIE.AI en paralelo...
2026-05-18 06:15:28 [INFO] photo_processor.photo_enhancer —   [OK] foto 0 mejorada
2026-05-18 06:15:29 [INFO] photo_processor.photo_enhancer —   [OK] foto 1 mejorada
2026-05-18 06:15:29 [INFO] photo_processor.photo_enhancer —   [OK] foto 2 mejorada
2026-05-18 06:15:30 [INFO] photo_processor.photo_enhancer —   [OK] foto 3 mejorada
2026-05-18 06:15:30 [INFO] photo_processor.photo_enhancer —   [OK] foto 4 mejorada
2026-05-18 06:15:31 [INFO] photo_processor.photo_enhancer —   [OK] foto 5 mejorada
2026-05-18 06:15:32 [INFO] photo_processor.photo_enhancer —   [OK] foto 6 mejorada
2026-05-18 06:15:33 [INFO] photo_processor.photo_enhancer —   [OK] foto 7 mejorada
2026-05-18 06:15:34 [INFO] photo_processor.photo_enhancer —   [OK] foto 8 mejorada
2026-05-18 06:15:35 [INFO] photo_processor.photo_enhancer —   [OK] foto 9 mejorada
2026-05-18 06:15:35 [INFO] photo_processor.photo_enhancer —   [OK] foto 10 mejorada
2026-05-18 06:15:36 [INFO] photo_processor.photo_enhancer —   [OK] foto 11 mejorada
2026-05-18 06:15:38 [INFO] photo_processor.photo_enhancer —   [OK] foto 12 mejorada
2026-05-18 06:15:38 [INFO] photo_processor.photo_enhancer —   [OK] foto 13 mejorada
2026-05-18 06:15:39 [INFO] photo_processor.photo_enhancer —   [OK] foto 14 mejorada
2026-05-18 06:15:40 [INFO] photo_processor.photo_enhancer —   [OK] foto 15 mejorada
2026-05-18 06:15:41 [INFO] photo_processor.photo_enhancer —   [OK] foto 16 mejorada
2026-05-18 06:15:41 [INFO] photo_processor.photo_enhancer —   [OK] foto 17 mejorada
2026-05-18 06:15:42 [INFO] photo_processor.photo_enhancer —   [OK] foto 18 mejorada
2026-05-18 06:15:42 [INFO] photo_processor.photo_enhancer —   [OK] foto 19 mejorada
2026-05-18 06:15:42 [INFO] photo_processor.photo_enhancer — Propiedad 109277199: 20 mejoradas | 0 fallback | 0 planos
2026-05-18 06:15:53 [INFO] wordpress.property_publisher —   [WP] Foto 1 subida (media ID 45722)
2026-05-18 06:16:03 [INFO] wordpress.property_publisher —   [WP] Foto 2 subida (media ID 45723)
2026-05-18 06:16:13 [INFO] wordpress.property_publisher —   [WP] Foto 3 subida (media ID 45724)
2026-05-18 06:16:22 [INFO] wordpress.property_publisher —   [WP] Foto 4 subida (media ID 45725)
2026-05-18 06:16:32 [INFO] wordpress.property_publisher —   [WP] Foto 5 subida (media ID 45726)
2026-05-18 06:16:42 [INFO] wordpress.property_publisher —   [WP] Foto 6 subida (media ID 45727)
2026-05-18 06:16:51 [INFO] wordpress.property_publisher —   [WP] Foto 7 subida (media ID 45728)
2026-05-18 06:17:01 [INFO] wordpress.property_publisher —   [WP] Foto 8 subida (media ID 45729)
2026-05-18 06:17:10 [INFO] wordpress.property_publisher —   [WP] Foto 9 subida (media ID 45730)
2026-05-18 06:17:19 [INFO] wordpress.property_publisher —   [WP] Foto 10 subida (media ID 45731)
2026-05-18 06:17:29 [INFO] wordpress.property_publisher —   [WP] Foto 11 subida (media ID 45732)
2026-05-18 06:17:38 [INFO] wordpress.property_publisher —   [WP] Foto 12 subida (media ID 45733)
2026-05-18 06:17:47 [INFO] wordpress.property_publisher —   [WP] Foto 13 subida (media ID 45734)
2026-05-18 06:17:55 [INFO] wordpress.property_publisher —   [WP] Foto 14 subida (media ID 45735)
2026-05-18 06:18:03 [INFO] wordpress.property_publisher —   [WP] Foto 15 subida (media ID 45736)
2026-05-18 06:18:12 [INFO] wordpress.property_publisher —   [WP] Foto 16 subida (media ID 45737)
2026-05-18 06:18:22 [INFO] wordpress.property_publisher —   [WP] Foto 17 subida (media ID 45738)
2026-05-18 06:18:32 [INFO] wordpress.property_publisher —   [WP] Foto 18 subida (media ID 45739)
2026-05-18 06:18:42 [INFO] wordpress.property_publisher —   [WP] Foto 19 subida (media ID 45740)
2026-05-18 06:18:52 [INFO] wordpress.property_publisher —   [WP] Foto 20 subida (media ID 45741)
2026-05-18 06:18:58 [INFO] wordpress.property_publisher — Descripcion reescrita con IA (1840 -> 1217 chars)
2026-05-18 06:18:58 [INFO] wordpress.property_publisher — Propiedad 109277199 creada en WP (ID 45742)
2026-05-18 06:19:12 [INFO] monitor.property_monitor — [NUEVA] 110659138 — Chalet pareado en venta en Cerrado de Calderón - H
2026-05-18 06:19:12 [INFO] photo_processor.photo_classifier — Clasificando 69 fotos con OpenRouter vision...
2026-05-18 06:19:53 [INFO] photo_processor.photo_classifier — Fotos seleccionadas por estancia: {'fachada': 1, 'salon': 4, 'cocina': 3, 'dormitorio': 4, 'bano': 3, 'terraza': 4, 'exterior': 3} (total: 22)
2026-05-18 06:19:55 [INFO] photo_processor.photo_enhancer — Enviando 22 fotos a KIE.AI en paralelo...
2026-05-18 06:25:07 [INFO] photo_processor.photo_enhancer —   [OK] foto 0 mejorada
2026-05-18 06:25:08 [INFO] photo_processor.photo_enhancer —   [OK] foto 1 mejorada
2026-05-18 06:25:09 [INFO] photo_processor.photo_enhancer —   [OK] foto 2 mejorada
2026-05-18 06:25:09 [INFO] photo_processor.photo_enhancer —   [OK] foto 3 mejorada
2026-05-18 06:25:10 [INFO] photo_processor.photo_enhancer —   [OK] foto 4 mejorada
2026-05-18 06:25:10 [INFO] photo_processor.photo_enhancer —   [OK] foto 5 mejorada
2026-05-18 06:25:11 [INFO] photo_processor.photo_enhancer —   [OK] foto 6 mejorada
2026-05-18 06:25:12 [INFO] photo_processor.photo_enhancer —   [OK] foto 7 mejorada
2026-05-18 06:25:12 [INFO] photo_processor.photo_enhancer —   [OK] foto 8 mejorada
2026-05-18 06:25:13 [INFO] photo_processor.photo_enhancer —   [OK] foto 9 mejorada
2026-05-18 06:25:36 [INFO] photo_processor.photo_enhancer —   [OK] foto 10 mejorada
2026-05-18 06:25:37 [INFO] photo_processor.photo_enhancer —   [OK] foto 11 mejorada
2026-05-18 06:25:38 [INFO] photo_processor.photo_enhancer —   [OK] foto 12 mejorada
2026-05-18 06:25:38 [INFO] photo_processor.photo_enhancer —   [OK] foto 13 mejorada
2026-05-18 06:25:39 [INFO] photo_processor.photo_enhancer —   [OK] foto 14 mejorada
2026-05-18 06:25:40 [INFO] photo_processor.photo_enhancer —   [OK] foto 15 mejorada
2026-05-18 06:25:41 [INFO] photo_processor.photo_enhancer —   [OK] foto 16 mejorada
2026-05-18 06:25:43 [INFO] photo_processor.photo_enhancer —   [OK] foto 17 mejorada
2026-05-18 06:25:44 [INFO] photo_processor.photo_enhancer —   [OK] foto 18 mejorada
2026-05-18 06:25:45 [INFO] photo_processor.photo_enhancer —   [OK] foto 19 mejorada
2026-05-18 06:25:46 [INFO] photo_processor.photo_enhancer —   [OK] foto 20 mejorada
2026-05-18 06:25:47 [INFO] photo_processor.photo_enhancer —   [OK] foto 21 mejorada
2026-05-18 06:25:47 [INFO] photo_processor.photo_enhancer — Propiedad 110659138: 22 mejoradas | 0 fallback | 0 planos
2026-05-18 06:25:57 [INFO] wordpress.property_publisher —   [WP] Foto 1 subida (media ID 45744)
2026-05-18 06:26:07 [INFO] wordpress.property_publisher —   [WP] Foto 2 subida (media ID 45745)
2026-05-18 06:26:15 [INFO] wordpress.property_publisher —   [WP] Foto 3 subida (media ID 45746)
2026-05-18 06:26:24 [INFO] wordpress.property_publisher —   [WP] Foto 4 subida (media ID 45747)
2026-05-18 06:26:32 [INFO] wordpress.property_publisher —   [WP] Foto 5 subida (media ID 45748)
2026-05-18 06:26:41 [INFO] wordpress.property_publisher —   [WP] Foto 6 subida (media ID 45749)
2026-05-18 06:26:49 [INFO] wordpress.property_publisher —   [WP] Foto 7 subida (media ID 45750)
2026-05-18 06:26:58 [INFO] wordpress.property_publisher —   [WP] Foto 8 subida (media ID 45751)
2026-05-18 06:27:07 [INFO] wordpress.property_publisher —   [WP] Foto 9 subida (media ID 45752)
2026-05-18 06:27:10 [INFO] wordpress.property_publisher —   [WP] Foto 10 subida (media ID 45753)
2026-05-18 06:27:19 [INFO] wordpress.property_publisher —   [WP] Foto 11 subida (media ID 45754)
2026-05-18 06:27:28 [INFO] wordpress.property_publisher —   [WP] Foto 12 subida (media ID 45755)
2026-05-18 06:27:37 [INFO] wordpress.property_publisher —   [WP] Foto 13 subida (media ID 45756)
2026-05-18 06:27:46 [INFO] wordpress.property_publisher —   [WP] Foto 14 subida (media ID 45757)
2026-05-18 06:27:54 [INFO] wordpress.property_publisher —   [WP] Foto 15 subida (media ID 45758)
2026-05-18 06:28:04 [INFO] wordpress.property_publisher —   [WP] Foto 16 subida (media ID 45759)
2026-05-18 06:28:13 [INFO] wordpress.property_publisher —   [WP] Foto 17 subida (media ID 45760)
2026-05-18 06:28:23 [INFO] wordpress.property_publisher —   [WP] Foto 18 subida (media ID 45761)
2026-05-18 06:28:33 [INFO] wordpress.property_publisher —   [WP] Foto 19 subida (media ID 45762)
2026-05-18 06:28:43 [INFO] wordpress.property_publisher —   [WP] Foto 20 subida (media ID 45763)
2026-05-18 06:28:53 [INFO] wordpress.property_publisher —   [WP] Foto 21 subida (media ID 45764)
2026-05-18 06:29:02 [INFO] wordpress.property_publisher —   [WP] Foto 22 subida (media ID 45765)
2026-05-18 06:29:08 [INFO] wordpress.property_publisher — Descripcion reescrita con IA (1904 -> 1166 chars)
2026-05-18 06:29:09 [INFO] wordpress.property_publisher — Propiedad 110659138 creada en WP (ID 45766)
2026-05-18 06:29:24 [INFO] monitor.property_monitor — [NUEVA] 110097974 — Casa o chalet independiente en venta en Cerrado de
2026-05-18 06:29:24 [INFO] photo_processor.photo_classifier — Clasificando 111 fotos con OpenRouter vision...
2026-05-18 06:30:31 [INFO] photo_processor.photo_classifier — Fotos seleccionadas por estancia: {'fachada': 1, 'salon': 4, 'cocina': 3, 'dormitorio': 4, 'bano': 3, 'terraza': 4, 'exterior': 3} (total: 22)
2026-05-18 06:30:33 [INFO] photo_processor.photo_enhancer — Enviando 22 fotos a KIE.AI en paralelo...
2026-05-18 06:35:45 [INFO] photo_processor.photo_enhancer —   [OK] foto 0 mejorada
2026-05-18 06:35:46 [INFO] photo_processor.photo_enhancer —   [OK] foto 1 mejorada
2026-05-18 06:35:47 [INFO] photo_processor.photo_enhancer —   [OK] foto 2 mejorada
2026-05-18 06:35:48 [INFO] photo_processor.photo_enhancer —   [OK] foto 3 mejorada
2026-05-18 06:35:48 [INFO] photo_processor.photo_enhancer —   [OK] foto 4 mejorada
2026-05-18 06:35:49 [INFO] photo_processor.photo_enhancer —   [OK] foto 5 mejorada
2026-05-18 06:35:49 [INFO] photo_processor.photo_enhancer —   [OK] foto 6 mejorada
2026-05-18 06:35:50 [INFO] photo_processor.photo_enhancer —   [OK] foto 7 mejorada
2026-05-18 06:35:50 [INFO] photo_processor.photo_enhancer —   [OK] foto 8 mejorada
2026-05-18 06:35:51 [INFO] photo_processor.photo_enhancer —   [OK] foto 9 mejorada
2026-05-18 06:35:51 [INFO] photo_processor.photo_enhancer —   [OK] foto 10 mejorada
2026-05-18 06:35:52 [INFO] photo_processor.photo_enhancer —   [OK] foto 11 mejorada
2026-05-18 06:35:52 [INFO] photo_processor.photo_enhancer —   [OK] foto 12 mejorada
2026-05-18 06:35:52 [INFO] photo_processor.photo_enhancer —   [OK] foto 13 mejorada
2026-05-18 06:35:53 [INFO] photo_processor.photo_enhancer —   [OK] foto 14 mejorada
2026-05-18 06:35:54 [INFO] photo_processor.photo_enhancer —   [OK] foto 15 mejorada
2026-05-18 06:35:54 [INFO] photo_processor.photo_enhancer —   [OK] foto 16 mejorada
2026-05-18 06:35:55 [INFO] photo_processor.photo_enhancer —   [OK] foto 17 mejorada
2026-05-18 06:35:56 [INFO] photo_processor.photo_enhancer —   [OK] foto 18 mejorada
2026-05-18 06:35:57 [INFO] photo_processor.photo_enhancer —   [OK] foto 19 mejorada
2026-05-18 06:35:57 [INFO] photo_processor.photo_enhancer —   [OK] foto 20 mejorada
2026-05-18 06:35:58 [INFO] photo_processor.photo_enhancer —   [OK] foto 21 mejorada
2026-05-18 06:35:58 [INFO] photo_processor.photo_enhancer — Propiedad 110097974: 22 mejoradas | 0 fallback | 0 planos
2026-05-18 06:36:08 [INFO] wordpress.property_publisher —   [WP] Foto 1 subida (media ID 45768)
2026-05-18 06:36:17 [INFO] wordpress.property_publisher —   [WP] Foto 2 subida (media ID 45769)
2026-05-18 06:36:27 [INFO] wordpress.property_publisher —   [WP] Foto 3 subida (media ID 45770)
2026-05-18 06:36:36 [INFO] wordpress.property_publisher —   [WP] Foto 4 subida (media ID 45771)
2026-05-18 06:36:46 [INFO] wordpress.property_publisher —   [WP] Foto 5 subida (media ID 45772)
2026-05-18 06:36:55 [INFO] wordpress.property_publisher —   [WP] Foto 6 subida (media ID 45773)
2026-05-18 06:37:03 [INFO] wordpress.property_publisher —   [WP] Foto 7 subida (media ID 45774)
2026-05-18 06:37:12 [INFO] wordpress.property_publisher —   [WP] Foto 8 subida (media ID 45775)
2026-05-18 06:37:20 [INFO] wordpress.property_publisher —   [WP] Foto 9 subida (media ID 45776)
2026-05-18 06:37:28 [INFO] wordpress.property_publisher —   [WP] Foto 10 subida (media ID 45777)
2026-05-18 06:37:36 [INFO] wordpress.property_publisher —   [WP] Foto 11 subida (media ID 45778)
2026-05-18 06:37:45 [INFO] wordpress.property_publisher —   [WP] Foto 12 subida (media ID 45779)
2026-05-18 06:37:53 [INFO] wordpress.property_publisher —   [WP] Foto 13 subida (media ID 45780)
2026-05-18 06:38:00 [INFO] wordpress.property_publisher —   [WP] Foto 14 subida (media ID 45781)
2026-05-18 06:38:09 [INFO] wordpress.property_publisher —   [WP] Foto 15 subida (media ID 45782)
2026-05-18 06:38:19 [INFO] wordpress.property_publisher —   [WP] Foto 16 subida (media ID 45783)
2026-05-18 06:38:29 [INFO] wordpress.property_publisher —   [WP] Foto 17 subida (media ID 45784)
2026-05-18 06:38:40 [INFO] wordpress.property_publisher —   [WP] Foto 18 subida (media ID 45785)
2026-05-18 06:38:49 [INFO] wordpress.property_publisher —   [WP] Foto 19 subida (media ID 45786)
2026-05-18 06:38:59 [INFO] wordpress.property_publisher —   [WP] Foto 20 subida (media ID 45787)
2026-05-18 06:39:10 [INFO] wordpress.property_publisher —   [WP] Foto 21 subida (media ID 45788)
2026-05-18 06:39:21 [INFO] wordpress.property_publisher —   [WP] Foto 22 subida (media ID 45789)
2026-05-18 06:39:27 [INFO] wordpress.property_publisher — Descripcion reescrita con IA (2924 -> 1178 chars)
2026-05-18 06:39:28 [INFO] wordpress.property_publisher — Propiedad 110097974 creada en WP (ID 45790)
2026-05-18 06:39:43 [INFO] monitor.property_monitor — [NUEVA] 107673708 — Piso en venta en Avenida de Andalucía
2026-05-18 06:39:43 [INFO] photo_processor.photo_classifier — Clasificando 62 fotos con OpenRouter vision...
2026-05-18 06:40:22 [INFO] photo_processor.photo_classifier — Fotos seleccionadas por estancia: {'fachada': 1, 'salon': 4, 'cocina': 3, 'dormitorio': 2, 'bano': 3, 'terraza': 4, 'exterior': 3} (total: 20)
2026-05-18 06:40:24 [INFO] photo_processor.photo_enhancer — Enviando 20 fotos a KIE.AI en paralelo...
2026-05-18 06:44:54 [INFO] photo_processor.photo_enhancer —   [OK] foto 0 mejorada
2026-05-18 06:44:54 [INFO] photo_processor.photo_enhancer —   [OK] foto 1 mejorada
2026-05-18 06:44:55 [INFO] photo_processor.photo_enhancer —   [OK] foto 2 mejorada
2026-05-18 06:44:56 [INFO] photo_processor.photo_enhancer —   [OK] foto 3 mejorada
2026-05-18 06:44:57 [INFO] photo_processor.photo_enhancer —   [OK] foto 4 mejorada
2026-05-18 06:44:58 [INFO] photo_processor.photo_enhancer —   [OK] foto 5 mejorada
2026-05-18 06:44:58 [INFO] photo_processor.photo_enhancer —   [OK] foto 6 mejorada
2026-05-18 06:44:59 [INFO] photo_processor.photo_enhancer —   [OK] foto 7 mejorada
2026-05-18 06:45:00 [INFO] photo_processor.photo_enhancer —   [OK] foto 8 mejorada
2026-05-18 06:45:00 [INFO] photo_processor.photo_enhancer —   [OK] foto 9 mejorada
2026-05-18 06:45:01 [INFO] photo_processor.photo_enhancer —   [OK] foto 10 mejorada
2026-05-18 06:45:01 [INFO] photo_processor.photo_enhancer —   [OK] foto 11 mejorada
2026-05-18 06:45:02 [INFO] photo_processor.photo_enhancer —   [OK] foto 12 mejorada
2026-05-18 06:45:03 [INFO] photo_processor.photo_enhancer —   [OK] foto 13 mejorada
2026-05-18 06:45:04 [INFO] photo_processor.photo_enhancer —   [OK] foto 14 mejorada
2026-05-18 06:45:05 [INFO] photo_processor.photo_enhancer —   [OK] foto 15 mejorada
2026-05-18 06:45:05 [INFO] photo_processor.photo_enhancer —   [OK] foto 16 mejorada
2026-05-18 06:45:07 [INFO] photo_processor.photo_enhancer —   [OK] foto 17 mejorada
2026-05-18 06:45:07 [INFO] photo_processor.photo_enhancer —   [OK] foto 18 mejorada
2026-05-18 06:45:08 [INFO] photo_processor.photo_enhancer —   [OK] foto 19 mejorada
2026-05-18 06:45:08 [INFO] photo_processor.photo_enhancer — Propiedad 107673708: 20 mejoradas | 0 fallback | 0 planos
2026-05-18 06:45:18 [INFO] wordpress.property_publisher —   [WP] Foto 1 subida (media ID 45792)
2026-05-18 06:45:27 [INFO] wordpress.property_publisher —   [WP] Foto 2 subida (media ID 45793)
2026-05-18 06:45:36 [INFO] wordpress.property_publisher —   [WP] Foto 3 subida (media ID 45794)
2026-05-18 06:45:44 [INFO] wordpress.property_publisher —   [WP] Foto 4 subida (media ID 45795)
2026-05-18 06:45:53 [INFO] wordpress.property_publisher —   [WP] Foto 5 subida (media ID 45796)
2026-05-18 06:46:02 [INFO] wordpress.property_publisher —   [WP] Foto 6 subida (media ID 45797)
2026-05-18 06:46:11 [INFO] wordpress.property_publisher —   [WP] Foto 7 subida (media ID 45798)
2026-05-18 06:46:20 [INFO] wordpress.property_publisher —   [WP] Foto 8 subida (media ID 45799)
2026-05-18 06:46:29 [INFO] wordpress.property_publisher —   [WP] Foto 9 subida (media ID 45800)
2026-05-18 06:46:37 [INFO] wordpress.property_publisher —   [WP] Foto 10 subida (media ID 45801)
2026-05-18 06:46:46 [INFO] wordpress.property_publisher —   [WP] Foto 11 subida (media ID 45802)
2026-05-18 06:46:55 [INFO] wordpress.property_publisher —   [WP] Foto 12 subida (media ID 45803)
2026-05-18 06:47:04 [INFO] wordpress.property_publisher —   [WP] Foto 13 subida (media ID 45804)
2026-05-18 06:47:14 [INFO] wordpress.property_publisher —   [WP] Foto 14 subida (media ID 45805)
2026-05-18 06:47:24 [INFO] wordpress.property_publisher —   [WP] Foto 15 subida (media ID 45806)
2026-05-18 06:47:34 [INFO] wordpress.property_publisher —   [WP] Foto 16 subida (media ID 45807)
2026-05-18 06:47:43 [INFO] wordpress.property_publisher —   [WP] Foto 17 subida (media ID 45808)
2026-05-18 06:47:53 [INFO] wordpress.property_publisher —   [WP] Foto 18 subida (media ID 45809)
2026-05-18 06:48:02 [INFO] wordpress.property_publisher —   [WP] Foto 19 subida (media ID 45810)
2026-05-18 06:48:12 [INFO] wordpress.property_publisher —   [WP] Foto 20 subida (media ID 45811)
2026-05-18 06:48:19 [INFO] wordpress.property_publisher — Descripcion reescrita con IA (1016 -> 1186 chars)
2026-05-18 06:48:20 [INFO] wordpress.property_publisher — Propiedad 107673708 creada en WP (ID 45812)
2026-05-18 06:48:34 [INFO] monitor.property_monitor — [NUEVA] 97522429 — Chalet adosado en venta en Pedregalejo - Morlaco
2026-05-18 06:48:34 [INFO] photo_processor.photo_classifier — Clasificando 48 fotos con OpenRouter vision...
2026-05-18 06:48:59 [INFO] photo_processor.photo_classifier — Fotos seleccionadas por estancia: {'fachada': 2, 'salon': 4, 'cocina': 3, 'dormitorio': 3, 'bano': 3, 'terraza': 0, 'exterior': 3} (total: 18)
2026-05-18 06:49:01 [INFO] photo_processor.photo_enhancer — Enviando 18 fotos a KIE.AI en paralelo...
2026-05-18 06:53:31 [INFO] photo_processor.photo_enhancer —   [OK] foto 0 mejorada
2026-05-18 06:53:32 [INFO] photo_processor.photo_enhancer —   [OK] foto 1 mejorada
2026-05-18 06:53:33 [INFO] photo_processor.photo_enhancer —   [OK] foto 2 mejorada
2026-05-18 06:53:33 [INFO] photo_processor.photo_enhancer —   [OK] foto 3 mejorada
2026-05-18 06:53:34 [INFO] photo_processor.photo_enhancer —   [OK] foto 4 mejorada
2026-05-18 06:53:35 [INFO] photo_processor.photo_enhancer —   [OK] foto 5 mejorada
2026-05-18 06:53:35 [INFO] photo_processor.photo_enhancer —   [OK] foto 6 mejorada
2026-05-18 06:53:36 [INFO] photo_processor.photo_enhancer —   [OK] foto 7 mejorada
2026-05-18 06:53:36 [INFO] photo_processor.photo_enhancer —   [OK] foto 8 mejorada
2026-05-18 06:53:37 [INFO] photo_processor.photo_enhancer —   [OK] foto 9 mejorada
2026-05-18 06:53:38 [INFO] photo_processor.photo_enhancer —   [OK] foto 10 mejorada
2026-05-18 06:53:38 [INFO] photo_processor.photo_enhancer —   [OK] foto 11 mejorada
2026-05-18 06:53:40 [INFO] photo_processor.photo_enhancer —   [OK] foto 12 mejorada
2026-05-18 06:53:49 [INFO] photo_processor.photo_enhancer —   [OK] foto 13 mejorada
2026-05-18 06:53:50 [INFO] photo_processor.photo_enhancer —   [OK] foto 14 mejorada
2026-05-18 06:53:51 [INFO] photo_processor.photo_enhancer —   [OK] foto 15 mejorada
2026-05-18 06:53:51 [INFO] photo_processor.photo_enhancer —   [OK] foto 16 mejorada
2026-05-18 06:53:52 [INFO] photo_processor.photo_enhancer —   [OK] foto 17 mejorada
2026-05-18 06:53:52 [INFO] photo_processor.photo_enhancer — Propiedad 97522429: 18 mejoradas | 0 fallback | 0 planos
2026-05-18 06:54:01 [INFO] wordpress.property_publisher —   [WP] Foto 1 subida (media ID 45814)
2026-05-18 06:54:11 [INFO] wordpress.property_publisher —   [WP] Foto 2 subida (media ID 45815)
2026-05-18 06:54:19 [INFO] wordpress.property_publisher —   [WP] Foto 3 subida (media ID 45816)
2026-05-18 06:54:27 [INFO] wordpress.property_publisher —   [WP] Foto 4 subida (media ID 45817)
2026-05-18 06:54:35 [INFO] wordpress.property_publisher —   [WP] Foto 5 subida (media ID 45818)
2026-05-18 06:54:43 [INFO] wordpress.property_publisher —   [WP] Foto 6 subida (media ID 45819)
2026-05-18 06:54:51 [INFO] wordpress.property_publisher —   [WP] Foto 7 subida (media ID 45820)
2026-05-18 06:55:00 [INFO] wordpress.property_publisher —   [WP] Foto 8 subida (media ID 45821)
2026-05-18 06:55:08 [INFO] wordpress.property_publisher —   [WP] Foto 9 subida (media ID 45822)
2026-05-18 06:55:17 [INFO] wordpress.property_publisher —   [WP] Foto 10 subida (media ID 45823)
2026-05-18 06:55:26 [INFO] wordpress.property_publisher —   [WP] Foto 11 subida (media ID 45824)
2026-05-18 06:55:34 [INFO] wordpress.property_publisher —   [WP] Foto 12 subida (media ID 45825)
2026-05-18 06:55:42 [INFO] wordpress.property_publisher —   [WP] Foto 13 subida (media ID 45826)
2026-05-18 06:55:52 [INFO] wordpress.property_publisher —   [WP] Foto 14 subida (media ID 45827)
2026-05-18 06:56:00 [INFO] wordpress.property_publisher —   [WP] Foto 15 subida (media ID 45828)
2026-05-18 06:56:08 [INFO] wordpress.property_publisher —   [WP] Foto 16 subida (media ID 45829)
2026-05-18 06:56:16 [INFO] wordpress.property_publisher —   [WP] Foto 17 subida (media ID 45830)
2026-05-18 06:56:25 [INFO] wordpress.property_publisher —   [WP] Foto 18 subida (media ID 45831)
2026-05-18 06:56:31 [INFO] wordpress.property_publisher — Descripcion reescrita con IA (1406 -> 1318 chars)
2026-05-18 06:56:31 [INFO] wordpress.property_publisher — Propiedad 97522429 creada en WP (ID 45832)
2026-05-18 06:56:44 [INFO] monitor.property_monitor — [NUEVA] 110814373 — Piso en venta en Pj Miramar Del Palo
2026-05-18 06:56:44 [INFO] photo_processor.photo_classifier — Clasificando 21 fotos con OpenRouter vision...
2026-05-18 06:56:57 [INFO] photo_processor.photo_classifier — Fotos seleccionadas por estancia: {'fachada': 0, 'salon': 1, 'cocina': 3, 'dormitorio': 4, 'bano': 3, 'terraza': 1, 'exterior': 0} (total: 12)
2026-05-18 06:56:58 [INFO] photo_processor.photo_enhancer — Enviando 12 fotos a KIE.AI en paralelo...
2026-05-18 06:59:56 [INFO] photo_processor.photo_enhancer —   [OK] foto 0 mejorada
2026-05-18 06:59:56 [INFO] photo_processor.photo_enhancer —   [OK] foto 1 mejorada
2026-05-18 06:59:57 [INFO] photo_processor.photo_enhancer —   [OK] foto 2 mejorada
2026-05-18 06:59:57 [INFO] photo_processor.photo_enhancer —   [OK] foto 3 mejorada
2026-05-18 06:59:58 [INFO] photo_processor.photo_enhancer —   [OK] foto 4 mejorada
2026-05-18 06:59:58 [INFO] photo_processor.photo_enhancer —   [OK] foto 5 mejorada
2026-05-18 06:59:58 [INFO] photo_processor.photo_enhancer —   [OK] foto 6 mejorada
2026-05-18 06:59:59 [INFO] photo_processor.photo_enhancer —   [OK] foto 7 mejorada
2026-05-18 07:00:00 [INFO] photo_processor.photo_enhancer —   [OK] foto 8 mejorada
2026-05-18 07:00:00 [INFO] photo_processor.photo_enhancer —   [OK] foto 9 mejorada
2026-05-18 07:00:01 [INFO] photo_processor.photo_enhancer —   [OK] foto 10 mejorada
2026-05-18 07:00:01 [INFO] photo_processor.photo_enhancer —   [OK] foto 11 mejorada
2026-05-18 07:00:01 [INFO] photo_processor.photo_enhancer — Propiedad 110814373: 12 mejoradas | 0 fallback | 0 planos
2026-05-18 07:00:11 [INFO] wordpress.property_publisher —   [WP] Foto 1 subida (media ID 45834)
2026-05-18 07:00:20 [INFO] wordpress.property_publisher —   [WP] Foto 2 subida (media ID 45835)
2026-05-18 07:00:27 [INFO] wordpress.property_publisher —   [WP] Foto 3 subida (media ID 45836)
2026-05-18 07:00:36 [INFO] wordpress.property_publisher —   [WP] Foto 4 subida (media ID 45837)
2026-05-18 07:00:44 [INFO] wordpress.property_publisher —   [WP] Foto 5 subida (media ID 45838)
2026-05-18 07:00:51 [INFO] wordpress.property_publisher —   [WP] Foto 6 subida (media ID 45839)
2026-05-18 07:00:59 [INFO] wordpress.property_publisher —   [WP] Foto 7 subida (media ID 45840)
2026-05-18 07:01:08 [INFO] wordpress.property_publisher —   [WP] Foto 8 subida (media ID 45841)
2026-05-18 07:01:15 [INFO] wordpress.property_publisher —   [WP] Foto 9 subida (media ID 45842)
2026-05-18 07:01:23 [INFO] wordpress.property_publisher —   [WP] Foto 10 subida (media ID 45843)
2026-05-18 07:01:33 [INFO] wordpress.property_publisher —   [WP] Foto 11 subida (media ID 45844)
2026-05-18 07:01:41 [INFO] wordpress.property_publisher —   [WP] Foto 12 subida (media ID 45845)
2026-05-18 07:01:47 [INFO] wordpress.property_publisher — Descripcion reescrita con IA (1118 -> 1118 chars)
2026-05-18 07:01:48 [INFO] wordpress.property_publisher — Propiedad 110814373 creada en WP (ID 45846)
2026-05-18 07:01:57 [INFO] monitor.property_monitor — [NUEVA] 109279679 — Piso en venta en Calle Marcos Zapata
2026-05-18 07:01:57 [INFO] photo_processor.photo_classifier — Clasificando 38 fotos con OpenRouter vision...
2026-05-18 07:02:16 [INFO] photo_processor.photo_classifier — Fotos seleccionadas por estancia: {'fachada': 0, 'salon': 4, 'cocina': 3, 'dormitorio': 4, 'bano': 3, 'terraza': 3, 'exterior': 3} (total: 20)
2026-05-18 07:02:18 [INFO] photo_processor.photo_enhancer — Enviando 20 fotos a KIE.AI en paralelo...
2026-05-18 07:07:19 [INFO] photo_processor.photo_enhancer —   [OK] foto 0 mejorada
2026-05-18 07:07:20 [INFO] photo_processor.photo_enhancer —   [OK] foto 1 mejorada
2026-05-18 07:07:20 [INFO] photo_processor.photo_enhancer —   [OK] foto 2 mejorada
2026-05-18 07:07:21 [INFO] photo_processor.photo_enhancer —   [OK] foto 3 mejorada
2026-05-18 07:07:21 [INFO] photo_processor.photo_enhancer —   [OK] foto 4 mejorada
2026-05-18 07:07:22 [INFO] photo_processor.photo_enhancer —   [OK] foto 5 mejorada
2026-05-18 07:07:22 [INFO] photo_processor.photo_enhancer —   [OK] foto 6 mejorada
2026-05-18 07:07:23 [INFO] photo_processor.photo_enhancer —   [OK] foto 7 mejorada
2026-05-18 07:07:24 [INFO] photo_processor.photo_enhancer —   [OK] foto 8 mejorada
2026-05-18 07:07:24 [INFO] photo_processor.photo_enhancer —   [OK] foto 9 mejorada
2026-05-18 07:07:27 [INFO] photo_processor.photo_enhancer —   [OK] foto 10 mejorada
2026-05-18 07:07:28 [INFO] photo_processor.photo_enhancer —   [OK] foto 11 mejorada
2026-05-18 07:07:28 [INFO] photo_processor.photo_enhancer —   [OK] foto 12 mejorada
2026-05-18 07:07:29 [INFO] photo_processor.photo_enhancer —   [OK] foto 13 mejorada
2026-05-18 07:07:29 [INFO] photo_processor.photo_enhancer —   [OK] foto 14 mejorada
2026-05-18 07:07:30 [INFO] photo_processor.photo_enhancer —   [OK] foto 15 mejorada
2026-05-18 07:07:30 [INFO] photo_processor.photo_enhancer —   [OK] foto 16 mejorada
2026-05-18 07:07:31 [INFO] photo_processor.photo_enhancer —   [OK] foto 17 mejorada
2026-05-18 07:07:31 [INFO] photo_processor.photo_enhancer —   [OK] foto 18 mejorada
2026-05-18 07:07:32 [INFO] photo_processor.photo_enhancer —   [OK] foto 19 mejorada
2026-05-18 07:07:32 [INFO] photo_processor.photo_enhancer — Propiedad 109279679: 20 mejoradas | 0 fallback | 0 planos
2026-05-18 07:07:42 [INFO] wordpress.property_publisher —   [WP] Foto 1 subida (media ID 45848)
2026-05-18 07:07:51 [INFO] wordpress.property_publisher —   [WP] Foto 2 subida (media ID 45849)
2026-05-18 07:08:00 [INFO] wordpress.property_publisher —   [WP] Foto 3 subida (media ID 45850)
2026-05-18 07:08:10 [INFO] wordpress.property_publisher —   [WP] Foto 4 subida (media ID 45851)
2026-05-18 07:08:18 [INFO] wordpress.property_publisher —   [WP] Foto 5 subida (media ID 45852)
2026-05-18 07:08:27 [INFO] wordpress.property_publisher —   [WP] Foto 6 subida (media ID 45853)
2026-05-18 07:08:36 [INFO] wordpress.property_publisher —   [WP] Foto 7 subida (media ID 45854)
2026-05-18 07:08:46 [INFO] wordpress.property_publisher —   [WP] Foto 8 subida (media ID 45855)
2026-05-18 07:08:55 [INFO] wordpress.property_publisher —   [WP] Foto 9 subida (media ID 45856)
2026-05-18 07:09:04 [INFO] wordpress.property_publisher —   [WP] Foto 10 subida (media ID 45857)
2026-05-18 07:09:13 [INFO] wordpress.property_publisher —   [WP] Foto 11 subida (media ID 45858)
2026-05-18 07:09:22 [INFO] wordpress.property_publisher —   [WP] Foto 12 subida (media ID 45859)
2026-05-18 07:09:32 [INFO] wordpress.property_publisher —   [WP] Foto 13 subida (media ID 45860)
2026-05-18 07:09:41 [INFO] wordpress.property_publisher —   [WP] Foto 14 subida (media ID 45861)
2026-05-18 07:09:50 [INFO] wordpress.property_publisher —   [WP] Foto 15 subida (media ID 45862)
2026-05-18 07:09:59 [INFO] wordpress.property_publisher —   [WP] Foto 16 subida (media ID 45863)
2026-05-18 07:10:10 [INFO] wordpress.property_publisher —   [WP] Foto 17 subida (media ID 45864)
2026-05-18 07:10:19 [INFO] wordpress.property_publisher —   [WP] Foto 18 subida (media ID 45865)
2026-05-18 07:10:29 [INFO] wordpress.property_publisher —   [WP] Foto 19 subida (media ID 45866)
2026-05-18 07:10:38 [INFO] wordpress.property_publisher —   [WP] Foto 20 subida (media ID 45867)
2026-05-18 07:10:45 [INFO] wordpress.property_publisher — Descripcion reescrita con IA (1041 -> 1122 chars)
2026-05-18 07:10:45 [INFO] wordpress.property_publisher — Propiedad 109279679 creada en WP (ID 45868)
2026-05-18 07:10:59 [INFO] monitor.property_monitor — [NUEVA] 110922785 — Piso en venta en Calle Armengual de la Mota
2026-05-18 07:10:59 [INFO] photo_processor.photo_classifier — Clasificando 22 fotos con OpenRouter vision...
2026-05-18 07:11:11 [INFO] photo_processor.photo_classifier — Fotos seleccionadas por estancia: {'fachada': 2, 'salon': 4, 'cocina': 3, 'dormitorio': 4, 'bano': 2, 'terraza': 0, 'exterior': 0} (total: 15)
2026-05-18 07:11:13 [INFO] photo_processor.photo_enhancer — Enviando 15 fotos a KIE.AI en paralelo...
2026-05-18 07:13:27 [ERROR] photo_processor.kie_ai_client — Kie.ai create error 402: Credits insufficient : Your current balance isn’t enough to run this request. Please top up to continue.
2026-05-18 07:13:27 [ERROR] photo_processor.kie_ai_client — Kie.ai create error 402: Credits insufficient : Your current balance isn’t enough to run this request. Please top up to continue.
2026-05-18 07:13:28 [ERROR] photo_processor.kie_ai_client — Kie.ai create error 402: Credits insufficient : Your current balance isn’t enough to run this request. Please top up to continue.
2026-05-18 07:13:28 [ERROR] photo_processor.kie_ai_client — Kie.ai create error 402: Credits insufficient : Your current balance isn’t enough to run this request. Please top up to continue.
2026-05-18 07:13:28 [ERROR] photo_processor.kie_ai_client — Kie.ai create error 402: Credits insufficient : Your current balance isn’t enough to run this request. Please top up to continue.
2026-05-18 07:13:28 [INFO] photo_processor.photo_enhancer —   [OK] foto 0 mejorada
2026-05-18 07:13:29 [INFO] photo_processor.photo_enhancer —   [OK] foto 1 mejorada
2026-05-18 07:13:29 [INFO] photo_processor.photo_enhancer —   [OK] foto 2 mejorada
2026-05-18 07:13:30 [INFO] photo_processor.photo_enhancer —   [OK] foto 3 mejorada
2026-05-18 07:13:31 [INFO] photo_processor.photo_enhancer —   [OK] foto 4 mejorada
2026-05-18 07:13:31 [INFO] photo_processor.photo_enhancer —   [OK] foto 5 mejorada
2026-05-18 07:13:32 [INFO] photo_processor.photo_enhancer —   [OK] foto 6 mejorada
2026-05-18 07:13:33 [INFO] photo_processor.photo_enhancer —   [OK] foto 7 mejorada
2026-05-18 07:13:33 [INFO] photo_processor.photo_enhancer —   [OK] foto 8 mejorada
2026-05-18 07:13:34 [INFO] photo_processor.photo_enhancer —   [OK] foto 9 mejorada
2026-05-18 07:13:34 [WARNING] photo_processor.photo_enhancer —   [FALLBACK] foto 10 — usando original
2026-05-18 07:13:34 [WARNING] photo_processor.photo_enhancer —   [FALLBACK] foto 11 — usando original
2026-05-18 07:13:34 [WARNING] photo_processor.photo_enhancer —   [FALLBACK] foto 12 — usando original
2026-05-18 07:13:34 [WARNING] photo_processor.photo_enhancer —   [FALLBACK] foto 13 — usando original
2026-05-18 07:13:34 [WARNING] photo_processor.photo_enhancer —   [FALLBACK] foto 14 — usando original
2026-05-18 07:13:34 [INFO] photo_processor.photo_enhancer — Propiedad 110922785: 10 mejoradas | 5 fallback | 0 planos
2026-05-18 07:13:44 [INFO] wordpress.property_publisher —   [WP] Foto 1 subida (media ID 45870)
2026-05-18 07:13:53 [INFO] wordpress.property_publisher —   [WP] Foto 2 subida (media ID 45871)
2026-05-18 07:14:02 [INFO] wordpress.property_publisher —   [WP] Foto 3 subida (media ID 45872)
2026-05-18 07:14:10 [INFO] wordpress.property_publisher —   [WP] Foto 4 subida (media ID 45873)
2026-05-18 07:14:19 [INFO] wordpress.property_publisher —   [WP] Foto 5 subida (media ID 45874)
2026-05-18 07:14:28 [INFO] wordpress.property_publisher —   [WP] Foto 6 subida (media ID 45875)
2026-05-18 07:14:37 [INFO] wordpress.property_publisher —   [WP] Foto 7 subida (media ID 45876)
2026-05-18 07:14:45 [INFO] wordpress.property_publisher —   [WP] Foto 8 subida (media ID 45877)
2026-05-18 07:14:53 [INFO] wordpress.property_publisher —   [WP] Foto 9 subida (media ID 45878)
2026-05-18 07:15:01 [INFO] wordpress.property_publisher —   [WP] Foto 10 subida (media ID 45879)
2026-05-18 07:15:05 [INFO] wordpress.property_publisher — Descripcion reescrita con IA (838 -> 1002 chars)
2026-05-18 07:15:06 [INFO] wordpress.property_publisher — Propiedad 110922785 creada en WP (ID 45880)
2026-05-18 07:15:13 [INFO] monitor.property_monitor — [NUEVA] 107685699 — Chalet pareado en venta en La Cala del Moral
2026-05-18 07:15:13 [INFO] photo_processor.photo_classifier — Clasificando 61 fotos con OpenRouter vision...
2026-05-18 07:15:50 [INFO] photo_processor.photo_classifier — Fotos seleccionadas por estancia: {'fachada': 2, 'salon': 4, 'cocina': 3, 'dormitorio': 4, 'bano': 3, 'terraza': 4, 'exterior': 3} (total: 23)
2026-05-18 07:15:52 [INFO] photo_processor.photo_enhancer — Enviando 23 fotos a KIE.AI en paralelo...
2026-05-18 07:15:53 [ERROR] photo_processor.kie_ai_client — Kie.ai create error 402: Credits insufficient : Your current balance isn’t enough to run this request. Please top up to continue.
2026-05-18 07:15:53 [ERROR] photo_processor.kie_ai_client — Kie.ai create error 402: Credits insufficient : Your current balance isn’t enough to run this request. Please top up to continue.
2026-05-18 07:15:53 [ERROR] photo_processor.kie_ai_client — Kie.ai create error 402: Credits insufficient : Your current balance isn’t enough to run this request. Please top up to continue.
2026-05-18 07:15:53 [ERROR] photo_processor.kie_ai_client — Kie.ai create error 402: Credits insufficient : Your current balance isn’t enough to run this request. Please top up to continue.
2026-05-18 07:15:53 [ERROR] photo_processor.kie_ai_client — Kie.ai create error 402: Credits insufficient : Your current balance isn’t enough to run this request. Please top up to continue.
2026-05-18 07:15:53 [ERROR] photo_processor.kie_ai_client — Kie.ai create error 402: Credits insufficient : Your current balance isn’t enough to run this request. Please top up to continue.
2026-05-18 07:15:53 [ERROR] photo_processor.kie_ai_client — Kie.ai create error 402: Credits insufficient : Your current balance isn’t enough to run this request. Please top up to continue.
2026-05-18 07:15:53 [ERROR] photo_processor.kie_ai_client — Kie.ai create error 402: Credits insufficient : Your current balance isn’t enough to run this request. Please top up to continue.
2026-05-18 07:15:53 [ERROR] photo_processor.kie_ai_client — Kie.ai create error 402: Credits insufficient : Your current balance isn’t enough to run this request. Please top up to continue.
2026-05-18 07:15:53 [ERROR] photo_processor.kie_ai_client — Kie.ai create error 402: Credits insufficient : Your current balance isn’t enough to run this request. Please top up to continue.
2026-05-18 07:15:53 [ERROR] photo_processor.kie_ai_client — Kie.ai create error 402: Credits insufficient : Your current balance isn’t enough to run this request. Please top up to continue.
2026-05-18 07:15:53 [ERROR] photo_processor.kie_ai_client — Kie.ai create error 402: Credits insufficient : Your current balance isn’t enough to run this request. Please top up to continue.
2026-05-18 07:15:53 [ERROR] photo_processor.kie_ai_client — Kie.ai create error 402: Credits insufficient : Your current balance isn’t enough to run this request. Please top up to continue.
2026-05-18 07:15:53 [ERROR] photo_processor.kie_ai_client — Kie.ai create error 402: Credits insufficient : Your current balance isn’t enough to run this request. Please top up to continue.
2026-05-18 07:15:53 [ERROR] photo_processor.kie_ai_client — Kie.ai create error 402: Credits insufficient : Your current balance isn’t enough to run this request. Please top up to continue.
2026-05-18 07:15:53 [ERROR] photo_processor.kie_ai_client — Kie.ai create error 402: Credits insufficient : Your current balance isn’t enough to run this request. Please top up to continue.
2026-05-18 07:15:53 [ERROR] photo_processor.kie_ai_client — Kie.ai create error 402: Credits insufficient : Your current balance isn’t enough to run this request. Please top up to continue.
2026-05-18 07:15:53 [ERROR] photo_processor.kie_ai_client — Kie.ai create error 402: Credits insufficient : Your current balance isn’t enough to run this request. Please top up to continue.
2026-05-18 07:15:53 [ERROR] photo_processor.kie_ai_client — Kie.ai create error 402: Credits insufficient : Your current balance isn’t enough to run this request. Please top up to continue.
2026-05-18 07:15:53 [ERROR] photo_processor.kie_ai_client — Kie.ai create error 402: Credits insufficient : Your current balance isn’t enough to run this request. Please top up to continue.
2026-05-18 07:15:53 [ERROR] photo_processor.kie_ai_client — Kie.ai create error 429: Your call frequency is too high. Please try again later.
2026-05-18 07:15:53 [ERROR] photo_processor.kie_ai_client — Kie.ai create error 429: Your call frequency is too high. Please try again later.
2026-05-18 07:15:53 [ERROR] photo_processor.kie_ai_client — Kie.ai create error 429: Your call frequency is too high. Please try again later.
2026-05-18 07:15:53 [WARNING] photo_processor.photo_enhancer —   [FALLBACK] foto 0 — usando original
2026-05-18 07:15:53 [WARNING] photo_processor.photo_enhancer —   [FALLBACK] foto 1 — usando original
2026-05-18 07:15:53 [WARNING] photo_processor.photo_enhancer —   [FALLBACK] foto 2 — usando original
2026-05-18 07:15:53 [WARNING] photo_processor.photo_enhancer —   [FALLBACK] foto 3 — usando original
2026-05-18 07:15:53 [WARNING] photo_processor.photo_enhancer —   [FALLBACK] foto 4 — usando original
2026-05-18 07:15:53 [WARNING] photo_processor.photo_enhancer —   [FALLBACK] foto 5 — usando original
2026-05-18 07:15:53 [WARNING] photo_processor.photo_enhancer —   [FALLBACK] foto 6 — usando original
2026-05-18 07:15:53 [WARNING] photo_processor.photo_enhancer —   [FALLBACK] foto 7 — usando original
2026-05-18 07:15:53 [WARNING] photo_processor.photo_enhancer —   [FALLBACK] foto 8 — usando original
2026-05-18 07:15:53 [WARNING] photo_processor.photo_enhancer —   [FALLBACK] foto 9 — usando original
2026-05-18 07:15:53 [WARNING] photo_processor.photo_enhancer —   [FALLBACK] foto 10 — usando original
2026-05-18 07:15:53 [WARNING] photo_processor.photo_enhancer —   [FALLBACK] foto 11 — usando original
2026-05-18 07:15:53 [WARNING] photo_processor.photo_enhancer —   [FALLBACK] foto 12 — usando original
2026-05-18 07:15:53 [WARNING] photo_processor.photo_enhancer —   [FALLBACK] foto 13 — usando original
2026-05-18 07:15:53 [WARNING] photo_processor.photo_enhancer —   [FALLBACK] foto 14 — usando original
2026-05-18 07:15:53 [WARNING] photo_processor.photo_enhancer —   [FALLBACK] foto 15 — usando original
2026-05-18 07:15:53 [WARNING] photo_processor.photo_enhancer —   [FALLBACK] foto 16 — usando original
2026-05-18 07:15:53 [WARNING] photo_processor.photo_enhancer —   [FALLBACK] foto 17 — usando original
2026-05-18 07:15:53 [WARNING] photo_processor.photo_enhancer —   [FALLBACK] foto 18 — usando original
2026-05-18 07:15:53 [WARNING] photo_processor.photo_enhancer —   [FALLBACK] foto 19 — usando original
2026-05-18 07:15:53 [WARNING] photo_processor.photo_enhancer —   [FALLBACK] foto 20 — usando original
2026-05-18 07:15:53 [WARNING] photo_processor.photo_enhancer —   [FALLBACK] foto 21 — usando original
2026-05-18 07:15:53 [WARNING] photo_processor.photo_enhancer —   [FALLBACK] foto 22 — usando original
2026-05-18 07:15:53 [INFO] photo_processor.photo_enhancer — Propiedad 107685699: 0 mejoradas | 23 fallback | 0 planos
2026-05-18 07:16:01 [INFO] wordpress.property_publisher — Descripcion reescrita con IA (1286 -> 1352 chars)
2026-05-18 07:16:02 [INFO] wordpress.property_publisher — Propiedad 107685699 creada en WP (ID 45882)
2026-05-18 07:16:04 [INFO] monitor.property_monitor — [NUEVA] 110729569 — Chalet pareado en venta en El Palo
2026-05-18 07:16:04 [INFO] photo_processor.photo_classifier — Clasificando 34 fotos con OpenRouter vision...
2026-05-18 07:16:26 [INFO] photo_processor.photo_classifier — Fotos seleccionadas por estancia: {'fachada': 0, 'salon': 3, 'cocina': 2, 'dormitorio': 4, 'bano': 3, 'terraza': 4, 'exterior': 1} (total: 17)
2026-05-18 07:16:28 [INFO] photo_processor.photo_enhancer — Enviando 17 fotos a KIE.AI en paralelo...
2026-05-18 07:16:28 [ERROR] photo_processor.kie_ai_client — Kie.ai create error 402: Credits insufficient : Your current balance isn’t enough to run this request. Please top up to continue.
2026-05-18 07:16:28 [ERROR] photo_processor.kie_ai_client — Kie.ai create error 402: Credits insufficient : Your current balance isn’t enough to run this request. Please top up to continue.
2026-05-18 07:16:28 [ERROR] photo_processor.kie_ai_client — Kie.ai create error 402: Credits insufficient : Your current balance isn’t enough to run this request. Please top up to continue.
2026-05-18 07:16:28 [ERROR] photo_processor.kie_ai_client — Kie.ai create error 402: Credits insufficient : Your current balance isn’t enough to run this request. Please top up to continue.
2026-05-18 07:16:28 [ERROR] photo_processor.kie_ai_client — Kie.ai create error 402: Credits insufficient : Your current balance isn’t enough to run this request. Please top up to continue.
2026-05-18 07:16:28 [ERROR] photo_processor.kie_ai_client — Kie.ai create error 402: Credits insufficient : Your current balance isn’t enough to run this request. Please top up to continue.
2026-05-18 07:16:28 [ERROR] photo_processor.kie_ai_client — Kie.ai create error 402: Credits insufficient : Your current balance isn’t enough to run this request. Please top up to continue.
2026-05-18 07:16:28 [ERROR] photo_processor.kie_ai_client — Kie.ai create error 402: Credits insufficient : Your current balance isn’t enough to run this request. Please top up to continue.
2026-05-18 07:16:28 [ERROR] photo_processor.kie_ai_client — Kie.ai create error 402: Credits insufficient : Your current balance isn’t enough to run this request. Please top up to continue.
2026-05-18 07:16:28 [ERROR] photo_processor.kie_ai_client — Kie.ai create error 402: Credits insufficient : Your current balance isn’t enough to run this request. Please top up to continue.
2026-05-18 07:16:28 [ERROR] photo_processor.kie_ai_client — Kie.ai create error 402: Credits insufficient : Your current balance isn’t enough to run this request. Please top up to continue.
2026-05-18 07:16:28 [ERROR] photo_processor.kie_ai_client — Kie.ai create error 402: Credits insufficient : Your current balance isn’t enough to run this request. Please top up to continue.
2026-05-18 07:16:28 [ERROR] photo_processor.kie_ai_client — Kie.ai create error 402: Credits insufficient : Your current balance isn’t enough to run this request. Please top up to continue.
2026-05-18 07:16:28 [ERROR] photo_processor.kie_ai_client — Kie.ai create error 402: Credits insufficient : Your current balance isn’t enough to run this request. Please top up to continue.
2026-05-18 07:16:28 [ERROR] photo_processor.kie_ai_client — Kie.ai create error 402: Credits insufficient : Your current balance isn’t enough to run this request. Please top up to continue.
2026-05-18 07:16:28 [ERROR] photo_processor.kie_ai_client — Kie.ai create error 402: Credits insufficient : Your current balance isn’t enough to run this request. Please top up to continue.
2026-05-18 07:16:28 [ERROR] photo_processor.kie_ai_client — Kie.ai create error 402: Credits insufficient : Your current balance isn’t enough to run this request. Please top up to continue.
2026-05-18 07:16:28 [WARNING] photo_processor.photo_enhancer —   [FALLBACK] foto 0 — usando original
2026-05-18 07:16:28 [WARNING] photo_processor.photo_enhancer —   [FALLBACK] foto 1 — usando original
2026-05-18 07:16:28 [WARNING] photo_processor.photo_enhancer —   [FALLBACK] foto 2 — usando original
2026-05-18 07:16:28 [WARNING] photo_processor.photo_enhancer —   [FALLBACK] foto 3 — usando original
2026-05-18 07:16:28 [WARNING] photo_processor.photo_enhancer —   [FALLBACK] foto 4 — usando original
2026-05-18 07:16:28 [WARNING] photo_processor.photo_enhancer —   [FALLBACK] foto 5 — usando original
2026-05-18 07:16:28 [WARNING] photo_processor.photo_enhancer —   [FALLBACK] foto 6 — usando original
2026-05-18 07:16:28 [WARNING] photo_processor.photo_enhancer —   [FALLBACK] foto 7 — usando original
2026-05-18 07:16:28 [WARNING] photo_processor.photo_enhancer —   [FALLBACK] foto 8 — usando original
2026-05-18 07:16:28 [WARNING] photo_processor.photo_enhancer —   [FALLBACK] foto 9 — usando original
2026-05-18 07:16:28 [WARNING] photo_processor.photo_enhancer —   [FALLBACK] foto 10 — usando original
2026-05-18 07:16:28 [WARNING] photo_processor.photo_enhancer —   [FALLBACK] foto 11 — usando original
2026-05-18 07:16:28 [WARNING] photo_processor.photo_enhancer —   [FALLBACK] foto 12 — usando original
2026-05-18 07:16:28 [WARNING] photo_processor.photo_enhancer —   [FALLBACK] foto 13 — usando original
2026-05-18 07:16:28 [WARNING] photo_processor.photo_enhancer —   [FALLBACK] foto 14 — usando original
2026-05-18 07:16:28 [WARNING] photo_processor.photo_enhancer —   [FALLBACK] foto 15 — usando original
2026-05-18 07:16:28 [WARNING] photo_processor.photo_enhancer —   [FALLBACK] foto 16 — usando original
2026-05-18 07:16:28 [INFO] photo_processor.photo_enhancer — Propiedad 110729569: 0 mejoradas | 17 fallback | 0 planos
2026-05-18 07:16:34 [INFO] wordpress.property_publisher — Descripcion reescrita con IA (926 -> 1161 chars)
2026-05-18 07:16:35 [INFO] wordpress.property_publisher — Propiedad 110729569 creada en WP (ID 45884)
2026-05-18 07:16:37 [INFO] monitor.property_monitor — [NUEVA] 109454426 — Piso en venta en Pedregalejo - Morlaco
2026-05-18 07:16:37 [INFO] photo_processor.photo_classifier — Clasificando 30 fotos con OpenRouter vision...
2026-05-18 07:16:56 [INFO] photo_processor.photo_classifier — Fotos seleccionadas por estancia: {'fachada': 0, 'salon': 4, 'cocina': 3, 'dormitorio': 4, 'bano': 1, 'terraza': 3, 'exterior': 1} (total: 16)
2026-05-18 07:16:58 [INFO] photo_processor.photo_enhancer — Enviando 16 fotos a KIE.AI en paralelo...
2026-05-18 07:16:58 [ERROR] photo_processor.kie_ai_client — Kie.ai create error 402: Credits insufficient : Your current balance isn’t enough to run this request. Please top up to continue.
2026-05-18 07:16:58 [ERROR] photo_processor.kie_ai_client — Kie.ai create error 402: Credits insufficient : Your current balance isn’t enough to run this request. Please top up to continue.
2026-05-18 07:16:58 [ERROR] photo_processor.kie_ai_client — Kie.ai create error 402: Credits insufficient : Your current balance isn’t enough to run this request. Please top up to continue.
2026-05-18 07:16:58 [ERROR] photo_processor.kie_ai_client — Kie.ai create error 402: Credits insufficient : Your current balance isn’t enough to run this request. Please top up to continue.
2026-05-18 07:16:58 [ERROR] photo_processor.kie_ai_client — Kie.ai create error 402: Credits insufficient : Your current balance isn’t enough to run this request. Please top up to continue.
2026-05-18 07:16:58 [ERROR] photo_processor.kie_ai_client — Kie.ai create error 402: Credits insufficient : Your current balance isn’t enough to run this request. Please top up to continue.
2026-05-18 07:16:58 [ERROR] photo_processor.kie_ai_client — Kie.ai create error 402: Credits insufficient : Your current balance isn’t enough to run this request. Please top up to continue.
2026-05-18 07:16:58 [ERROR] photo_processor.kie_ai_client — Kie.ai create error 402: Credits insufficient : Your current balance isn’t enough to run this request. Please top up to continue.
2026-05-18 07:16:58 [ERROR] photo_processor.kie_ai_client — Kie.ai create error 402: Credits insufficient : Your current balance isn’t enough to run this request. Please top up to continue.
2026-05-18 07:16:58 [ERROR] photo_processor.kie_ai_client — Kie.ai create error 402: Credits insufficient : Your current balance isn’t enough to run this request. Please top up to continue.
2026-05-18 07:16:58 [ERROR] photo_processor.kie_ai_client — Kie.ai create error 402: Credits insufficient : Your current balance isn’t enough to run this request. Please top up to continue.
2026-05-18 07:16:58 [ERROR] photo_processor.kie_ai_client — Kie.ai create error 402: Credits insufficient : Your current balance isn’t enough to run this request. Please top up to continue.
2026-05-18 07:16:58 [ERROR] photo_processor.kie_ai_client — Kie.ai create error 402: Credits insufficient : Your current balance isn’t enough to run this request. Please top up to continue.
2026-05-18 07:16:58 [ERROR] photo_processor.kie_ai_client — Kie.ai create error 402: Credits insufficient : Your current balance isn’t enough to run this request. Please top up to continue.
2026-05-18 07:16:58 [ERROR] photo_processor.kie_ai_client — Kie.ai create error 402: Credits insufficient : Your current balance isn’t enough to run this request. Please top up to continue.
2026-05-18 07:16:59 [ERROR] photo_processor.kie_ai_client — Kie.ai create error 402: Credits insufficient : Your current balance isn’t enough to run this request. Please top up to continue.
2026-05-18 07:16:59 [WARNING] photo_processor.photo_enhancer —   [FALLBACK] foto 0 — usando original
2026-05-18 07:16:59 [WARNING] photo_processor.photo_enhancer —   [FALLBACK] foto 1 — usando original
2026-05-18 07:16:59 [WARNING] photo_processor.photo_enhancer —   [FALLBACK] foto 2 — usando original
2026-05-18 07:16:59 [WARNING] photo_processor.photo_enhancer —   [FALLBACK] foto 3 — usando original
2026-05-18 07:16:59 [WARNING] photo_processor.photo_enhancer —   [FALLBACK] foto 4 — usando original
2026-05-18 07:16:59 [WARNING] photo_processor.photo_enhancer —   [FALLBACK] foto 5 — usando original
2026-05-18 07:16:59 [WARNING] photo_processor.photo_enhancer —   [FALLBACK] foto 6 — usando original
2026-05-18 07:16:59 [WARNING] photo_processor.photo_enhancer —   [FALLBACK] foto 7 — usando original
2026-05-18 07:16:59 [WARNING] photo_processor.photo_enhancer —   [FALLBACK] foto 8 — usando original
2026-05-18 07:16:59 [WARNING] photo_processor.photo_enhancer —   [FALLBACK] foto 9 — usando original
2026-05-18 07:16:59 [WARNING] photo_processor.photo_enhancer —   [FALLBACK] foto 10 — usando original
2026-05-18 07:16:59 [WARNING] photo_processor.photo_enhancer —   [FALLBACK] foto 11 — usando original
2026-05-18 07:16:59 [WARNING] photo_processor.photo_enhancer —   [FALLBACK] foto 12 — usando original
2026-05-18 07:16:59 [WARNING] photo_processor.photo_enhancer —   [FALLBACK] foto 13 — usando original
2026-05-18 07:16:59 [WARNING] photo_processor.photo_enhancer —   [FALLBACK] foto 14 — usando original
2026-05-18 07:16:59 [WARNING] photo_processor.photo_enhancer —   [FALLBACK] foto 15 — usando original
2026-05-18 07:16:59 [INFO] photo_processor.photo_enhancer — Propiedad 109454426: 0 mejoradas | 16 fallback | 0 planos
2026-05-18 07:17:04 [INFO] wordpress.property_publisher — Descripcion reescrita con IA (820 -> 1076 chars)
2026-05-18 07:17:05 [INFO] wordpress.property_publisher — Propiedad 109454426 creada en WP (ID 45886)
2026-05-18 07:17:06 [INFO] monitor.property_monitor — [NUEVA] 108901397 — Piso en venta en Limonar
2026-05-18 07:17:06 [INFO] photo_processor.photo_classifier — Clasificando 63 fotos con OpenRouter vision...
2026-05-18 07:17:41 [INFO] photo_processor.photo_classifier — Fotos seleccionadas por estancia: {'fachada': 0, 'salon': 3, 'cocina': 3, 'dormitorio': 4, 'bano': 3, 'terraza': 4, 'exterior': 3} (total: 20)
2026-05-18 07:17:44 [INFO] photo_processor.photo_enhancer — Enviando 20 fotos a KIE.AI en paralelo...
2026-05-18 07:17:44 [ERROR] photo_processor.kie_ai_client — Kie.ai create error 402: Credits insufficient : Your current balance isn’t enough to run this request. Please top up to continue.
2026-05-18 07:17:44 [ERROR] photo_processor.kie_ai_client — Kie.ai create error 402: Credits insufficient : Your current balance isn’t enough to run this request. Please top up to continue.
2026-05-18 07:17:44 [ERROR] photo_processor.kie_ai_client — Kie.ai create error 402: Credits insufficient : Your current balance isn’t enough to run this request. Please top up to continue.
2026-05-18 07:17:44 [ERROR] photo_processor.kie_ai_client — Kie.ai create error 402: Credits insufficient : Your current balance isn’t enough to run this request. Please top up to continue.
2026-05-18 07:17:44 [ERROR] photo_processor.kie_ai_client — Kie.ai create error 402: Credits insufficient : Your current balance isn’t enough to run this request. Please top up to continue.
2026-05-18 07:17:44 [ERROR] photo_processor.kie_ai_client — Kie.ai create error 402: Credits insufficient : Your current balance isn’t enough to run this request. Please top up to continue.
2026-05-18 07:17:44 [ERROR] photo_processor.kie_ai_client — Kie.ai create error 402: Credits insufficient : Your current balance isn’t enough to run this request. Please top up to continue.
2026-05-18 07:17:44 [ERROR] photo_processor.kie_ai_client — Kie.ai create error 402: Credits insufficient : Your current balance isn’t enough to run this request. Please top up to continue.
2026-05-18 07:17:44 [ERROR] photo_processor.kie_ai_client — Kie.ai create error 402: Credits insufficient : Your current balance isn’t enough to run this request. Please top up to continue.
2026-05-18 07:17:44 [ERROR] photo_processor.kie_ai_client — Kie.ai create error 402: Credits insufficient : Your current balance isn’t enough to run this request. Please top up to continue.
2026-05-18 07:17:44 [ERROR] photo_processor.kie_ai_client — Kie.ai create error 402: Credits insufficient : Your current balance isn’t enough to run this request. Please top up to continue.
2026-05-18 07:17:44 [ERROR] photo_processor.kie_ai_client — Kie.ai create error 402: Credits insufficient : Your current balance isn’t enough to run this request. Please top up to continue.
2026-05-18 07:17:44 [ERROR] photo_processor.kie_ai_client — Kie.ai create error 402: Credits insufficient : Your current balance isn’t enough to run this request. Please top up to continue.
2026-05-18 07:17:44 [ERROR] photo_processor.kie_ai_client — Kie.ai create error 402: Credits insufficient : Your current balance isn’t enough to run this request. Please top up to continue.
2026-05-18 07:17:44 [ERROR] photo_processor.kie_ai_client — Kie.ai create error 402: Credits insufficient : Your current balance isn’t enough to run this request. Please top up to continue.
2026-05-18 07:17:44 [ERROR] photo_processor.kie_ai_client — Kie.ai create error 402: Credits insufficient : Your current balance isn’t enough to run this request. Please top up to continue.
2026-05-18 07:17:44 [ERROR] photo_processor.kie_ai_client — Kie.ai create error 402: Credits insufficient : Your current balance isn’t enough to run this request. Please top up to continue.
2026-05-18 07:17:44 [ERROR] photo_processor.kie_ai_client — Kie.ai create error 402: Credits insufficient : Your current balance isn’t enough to run this request. Please top up to continue.
2026-05-18 07:17:44 [ERROR] photo_processor.kie_ai_client — Kie.ai create error 402: Credits insufficient : Your current balance isn’t enough to run this request. Please top up to continue.
2026-05-18 07:17:44 [ERROR] photo_processor.kie_ai_client — Kie.ai create error 402: Credits insufficient : Your current balance isn’t enough to run this request. Please top up to continue.
2026-05-18 07:17:44 [WARNING] photo_processor.photo_enhancer —   [FALLBACK] foto 0 — usando original
2026-05-18 07:17:44 [WARNING] photo_processor.photo_enhancer —   [FALLBACK] foto 1 — usando original
2026-05-18 07:17:44 [WARNING] photo_processor.photo_enhancer —   [FALLBACK] foto 2 — usando original
2026-05-18 07:17:44 [WARNING] photo_processor.photo_enhancer —   [FALLBACK] foto 3 — usando original
2026-05-18 07:17:44 [WARNING] photo_processor.photo_enhancer —   [FALLBACK] foto 4 — usando original
2026-05-18 07:17:44 [WARNING] photo_processor.photo_enhancer —   [FALLBACK] foto 5 — usando original
2026-05-18 07:17:44 [WARNING] photo_processor.photo_enhancer —   [FALLBACK] foto 6 — usando original
2026-05-18 07:17:44 [WARNING] photo_processor.photo_enhancer —   [FALLBACK] foto 7 — usando original
2026-05-18 07:17:44 [WARNING] photo_processor.photo_enhancer —   [FALLBACK] foto 8 — usando original
2026-05-18 07:17:44 [WARNING] photo_processor.photo_enhancer —   [FALLBACK] foto 9 — usando original
2026-05-18 07:17:44 [WARNING] photo_processor.photo_enhancer —   [FALLBACK] foto 10 — usando original
2026-05-18 07:17:44 [WARNING] photo_processor.photo_enhancer —   [FALLBACK] foto 11 — usando original
2026-05-18 07:17:44 [WARNING] photo_processor.photo_enhancer —   [FALLBACK] foto 12 — usando original
2026-05-18 07:17:44 [WARNING] photo_processor.photo_enhancer —   [FALLBACK] foto 13 — usando original
2026-05-18 07:17:44 [WARNING] photo_processor.photo_enhancer —   [FALLBACK] foto 14 — usando original
2026-05-18 07:17:44 [WARNING] photo_processor.photo_enhancer —   [FALLBACK] foto 15 — usando original
2026-05-18 07:17:44 [WARNING] photo_processor.photo_enhancer —   [FALLBACK] foto 16 — usando original
2026-05-18 07:17:44 [WARNING] photo_processor.photo_enhancer —   [FALLBACK] foto 17 — usando original
2026-05-18 07:17:44 [WARNING] photo_processor.photo_enhancer —   [FALLBACK] foto 18 — usando original
2026-05-18 07:17:44 [WARNING] photo_processor.photo_enhancer —   [FALLBACK] foto 19 — usando original
2026-05-18 07:17:44 [INFO] photo_processor.photo_enhancer — Propiedad 108901397: 0 mejoradas | 20 fallback | 0 planos
2026-05-18 07:17:52 [INFO] wordpress.property_publisher — Descripcion reescrita con IA (1040 -> 1135 chars)
2026-05-18 07:17:53 [INFO] wordpress.property_publisher — Propiedad 108901397 creada en WP (ID 45888)
2026-05-18 07:17:54 [INFO] monitor.property_monitor — [NUEVA] 110808784 — Piso en venta en Calle Olózaga
2026-05-18 07:17:54 [INFO] photo_processor.photo_classifier — Clasificando 9 fotos con OpenRouter vision...
2026-05-18 07:18:01 [INFO] photo_processor.photo_classifier — Fotos seleccionadas por estancia: {'fachada': 0, 'salon': 1, 'cocina': 1, 'dormitorio': 4, 'bano': 2, 'terraza': 0, 'exterior': 0} (total: 8)
2026-05-18 07:18:02 [INFO] photo_processor.photo_enhancer — Enviando 8 fotos a KIE.AI en paralelo...
2026-05-18 07:18:02 [ERROR] photo_processor.kie_ai_client — Kie.ai create error 402: Credits insufficient : Your current balance isn’t enough to run this request. Please top up to continue.
2026-05-18 07:18:03 [ERROR] photo_processor.kie_ai_client — Kie.ai create error 402: Credits insufficient : Your current balance isn’t enough to run this request. Please top up to continue.
2026-05-18 07:18:03 [ERROR] photo_processor.kie_ai_client — Kie.ai create error 402: Credits insufficient : Your current balance isn’t enough to run this request. Please top up to continue.
2026-05-18 07:18:03 [ERROR] photo_processor.kie_ai_client — Kie.ai create error 402: Credits insufficient : Your current balance isn’t enough to run this request. Please top up to continue.
2026-05-18 07:18:03 [ERROR] photo_processor.kie_ai_client — Kie.ai create error 402: Credits insufficient : Your current balance isn’t enough to run this request. Please top up to continue.
2026-05-18 07:18:03 [ERROR] photo_processor.kie_ai_client — Kie.ai create error 402: Credits insufficient : Your current balance isn’t enough to run this request. Please top up to continue.
2026-05-18 07:18:03 [ERROR] photo_processor.kie_ai_client — Kie.ai create error 402: Credits insufficient : Your current balance isn’t enough to run this request. Please top up to continue.
2026-05-18 07:18:03 [ERROR] photo_processor.kie_ai_client — Kie.ai create error 402: Credits insufficient : Your current balance isn’t enough to run this request. Please top up to continue.
2026-05-18 07:18:03 [WARNING] photo_processor.photo_enhancer —   [FALLBACK] foto 0 — usando original
2026-05-18 07:18:03 [WARNING] photo_processor.photo_enhancer —   [FALLBACK] foto 1 — usando original
2026-05-18 07:18:03 [WARNING] photo_processor.photo_enhancer —   [FALLBACK] foto 2 — usando original
2026-05-18 07:18:03 [WARNING] photo_processor.photo_enhancer —   [FALLBACK] foto 3 — usando original
2026-05-18 07:18:03 [WARNING] photo_processor.photo_enhancer —   [FALLBACK] foto 4 — usando original
2026-05-18 07:18:03 [WARNING] photo_processor.photo_enhancer —   [FALLBACK] foto 5 — usando original
2026-05-18 07:18:03 [WARNING] photo_processor.photo_enhancer —   [FALLBACK] foto 6 — usando original
2026-05-18 07:18:03 [WARNING] photo_processor.photo_enhancer —   [FALLBACK] foto 7 — usando original
2026-05-18 07:18:03 [INFO] photo_processor.photo_enhancer — Propiedad 110808784: 0 mejoradas | 8 fallback | 0 planos
2026-05-18 07:18:08 [INFO] wordpress.property_publisher — Descripcion reescrita con IA (808 -> 1111 chars)
2026-05-18 07:18:08 [INFO] wordpress.property_publisher — Propiedad 110808784 creada en WP (ID 45890)
2026-05-18 07:18:10 [INFO] monitor.property_monitor — [NUEVA] 110535686 — Piso en venta en Calle Bailaora Carmen Amaya
2026-05-18 07:18:10 [INFO] photo_processor.photo_classifier — Clasificando 11 fotos con OpenRouter vision...
2026-05-18 07:18:18 [INFO] photo_processor.photo_classifier — Fotos seleccionadas por estancia: {'fachada': 0, 'salon': 2, 'cocina': 2, 'dormitorio': 3, 'bano': 0, 'terraza': 2, 'exterior': 0} (total: 9)
2026-05-18 07:18:19 [INFO] photo_processor.photo_enhancer — Enviando 9 fotos a KIE.AI en paralelo...
2026-05-18 07:18:19 [ERROR] photo_processor.kie_ai_client — Kie.ai create error 402: Credits insufficient : Your current balance isn’t enough to run this request. Please top up to continue.
2026-05-18 07:18:19 [ERROR] photo_processor.kie_ai_client — Kie.ai create error 402: Credits insufficient : Your current balance isn’t enough to run this request. Please top up to continue.
2026-05-18 07:18:19 [ERROR] photo_processor.kie_ai_client — Kie.ai create error 402: Credits insufficient : Your current balance isn’t enough to run this request. Please top up to continue.
2026-05-18 07:18:19 [ERROR] photo_processor.kie_ai_client — Kie.ai create error 402: Credits insufficient : Your current balance isn’t enough to run this request. Please top up to continue.
2026-05-18 07:18:19 [ERROR] photo_processor.kie_ai_client — Kie.ai create error 402: Credits insufficient : Your current balance isn’t enough to run this request. Please top up to continue.
2026-05-18 07:18:19 [ERROR] photo_processor.kie_ai_client — Kie.ai create error 402: Credits insufficient : Your current balance isn’t enough to run this request. Please top up to continue.
2026-05-18 07:18:19 [ERROR] photo_processor.kie_ai_client — Kie.ai create error 402: Credits insufficient : Your current balance isn’t enough to run this request. Please top up to continue.
2026-05-18 07:18:19 [ERROR] photo_processor.kie_ai_client — Kie.ai create error 402: Credits insufficient : Your current balance isn’t enough to run this request. Please top up to continue.
2026-05-18 07:18:19 [ERROR] photo_processor.kie_ai_client — Kie.ai create error 402: Credits insufficient : Your current balance isn’t enough to run this request. Please top up to continue.
2026-05-18 07:18:19 [WARNING] photo_processor.photo_enhancer —   [FALLBACK] foto 0 — usando original
2026-05-18 07:18:19 [WARNING] photo_processor.photo_enhancer —   [FALLBACK] foto 1 — usando original
2026-05-18 07:18:19 [WARNING] photo_processor.photo_enhancer —   [FALLBACK] foto 2 — usando original
2026-05-18 07:18:19 [WARNING] photo_processor.photo_enhancer —   [FALLBACK] foto 3 — usando original
2026-05-18 07:18:19 [WARNING] photo_processor.photo_enhancer —   [FALLBACK] foto 4 — usando original
2026-05-18 07:18:19 [WARNING] photo_processor.photo_enhancer —   [FALLBACK] foto 5 — usando original
2026-05-18 07:18:19 [WARNING] photo_processor.photo_enhancer —   [FALLBACK] foto 6 — usando original
2026-05-18 07:18:19 [WARNING] photo_processor.photo_enhancer —   [FALLBACK] foto 7 — usando original
2026-05-18 07:18:19 [WARNING] photo_processor.photo_enhancer —   [FALLBACK] foto 8 — usando original
2026-05-18 07:18:19 [INFO] photo_processor.photo_enhancer — Propiedad 110535686: 0 mejoradas | 9 fallback | 0 planos
2026-05-18 07:18:25 [INFO] wordpress.property_publisher — Descripcion reescrita con IA (997 -> 1123 chars)
2026-05-18 07:18:26 [INFO] wordpress.property_publisher — Propiedad 110535686 creada en WP (ID 45892)
2026-05-18 07:18:28 [INFO] monitor.property_monitor — [NUEVA] 110674654 — Piso en venta en CL Duquesa De Parcent
2026-05-18 07:18:28 [INFO] photo_processor.photo_classifier — Clasificando 31 fotos con OpenRouter vision...
2026-05-18 07:18:43 [INFO] photo_processor.photo_classifier — Fotos seleccionadas por estancia: {'fachada': 0, 'salon': 4, 'cocina': 1, 'dormitorio': 3, 'bano': 2, 'terraza': 1, 'exterior': 2} (total: 13)
2026-05-18 07:18:44 [INFO] photo_processor.photo_enhancer — Enviando 10 fotos a KIE.AI en paralelo...
2026-05-18 07:18:44 [ERROR] photo_processor.kie_ai_client — Kie.ai create error 402: Credits insufficient : Your current balance isn’t enough to run this request. Please top up to continue.
2026-05-18 07:18:44 [ERROR] photo_processor.kie_ai_client — Kie.ai create error 402: Credits insufficient : Your current balance isn’t enough to run this request. Please top up to continue.
2026-05-18 07:18:44 [ERROR] photo_processor.kie_ai_client — Kie.ai create error 402: Credits insufficient : Your current balance isn’t enough to run this request. Please top up to continue.
2026-05-18 07:18:44 [ERROR] photo_processor.kie_ai_client — Kie.ai create error 402: Credits insufficient : Your current balance isn’t enough to run this request. Please top up to continue.
2026-05-18 07:18:44 [ERROR] photo_processor.kie_ai_client — Kie.ai create error 402: Credits insufficient : Your current balance isn’t enough to run this request. Please top up to continue.
2026-05-18 07:18:45 [ERROR] photo_processor.kie_ai_client — Kie.ai create error 402: Credits insufficient : Your current balance isn’t enough to run this request. Please top up to continue.
2026-05-18 07:18:45 [ERROR] photo_processor.kie_ai_client — Kie.ai create error 402: Credits insufficient : Your current balance isn’t enough to run this request. Please top up to continue.
2026-05-18 07:18:45 [ERROR] photo_processor.kie_ai_client — Kie.ai create error 402: Credits insufficient : Your current balance isn’t enough to run this request. Please top up to continue.
2026-05-18 07:18:45 [ERROR] photo_processor.kie_ai_client — Kie.ai create error 402: Credits insufficient : Your current balance isn’t enough to run this request. Please top up to continue.
2026-05-18 07:18:45 [ERROR] photo_processor.kie_ai_client — Kie.ai create error 402: Credits insufficient : Your current balance isn’t enough to run this request. Please top up to continue.
2026-05-18 07:18:45 [WARNING] photo_processor.photo_enhancer —   [FALLBACK] foto 2 — usando original
2026-05-18 07:18:45 [WARNING] photo_processor.photo_enhancer —   [FALLBACK] foto 4 — usando original
2026-05-18 07:18:45 [WARNING] photo_processor.photo_enhancer —   [FALLBACK] foto 5 — usando original
2026-05-18 07:18:45 [WARNING] photo_processor.photo_enhancer —   [FALLBACK] foto 6 — usando original
2026-05-18 07:18:45 [WARNING] photo_processor.photo_enhancer —   [FALLBACK] foto 7 — usando original
2026-05-18 07:18:45 [WARNING] photo_processor.photo_enhancer —   [FALLBACK] foto 8 — usando original
2026-05-18 07:18:45 [WARNING] photo_processor.photo_enhancer —   [FALLBACK] foto 9 — usando original
2026-05-18 07:18:45 [WARNING] photo_processor.photo_enhancer —   [FALLBACK] foto 10 — usando original
2026-05-18 07:18:45 [WARNING] photo_processor.photo_enhancer —   [FALLBACK] foto 11 — usando original
2026-05-18 07:18:45 [WARNING] photo_processor.photo_enhancer —   [FALLBACK] foto 12 — usando original
2026-05-18 07:18:45 [INFO] photo_processor.photo_enhancer — Propiedad 110674654: 3 mejoradas | 10 fallback | 0 planos
2026-05-18 07:18:53 [INFO] wordpress.property_publisher —   [WP] Foto 1 subida (media ID 45894)
2026-05-18 07:19:00 [INFO] wordpress.property_publisher —   [WP] Foto 2 subida (media ID 45895)
2026-05-18 07:19:08 [INFO] wordpress.property_publisher —   [WP] Foto 4 subida (media ID 45896)
2026-05-18 07:19:13 [INFO] wordpress.property_publisher — Descripcion reescrita con IA (1144 -> 1099 chars)
2026-05-18 07:19:14 [INFO] wordpress.property_publisher — Propiedad 110674654 creada en WP (ID 45897)
2026-05-18 07:19:17 [INFO] monitor.property_monitor — [NUEVA] 110435987 — Piso en venta en CL Martinez De La Rosa, 39
2026-05-18 07:19:17 [INFO] photo_processor.photo_classifier — Clasificando 20 fotos con OpenRouter vision...
2026-05-18 07:19:28 [INFO] photo_processor.photo_classifier — Fotos seleccionadas por estancia: {'fachada': 0, 'salon': 2, 'cocina': 3, 'dormitorio': 3, 'bano': 2, 'terraza': 1, 'exterior': 0} (total: 11)
2026-05-18 07:19:29 [INFO] photo_processor.photo_enhancer — Enviando 11 fotos a KIE.AI en paralelo...
2026-05-18 07:19:29 [ERROR] photo_processor.kie_ai_client — Kie.ai create error 402: Credits insufficient : Your current balance isn’t enough to run this request. Please top up to continue.
2026-05-18 07:19:29 [ERROR] photo_processor.kie_ai_client — Kie.ai create error 402: Credits insufficient : Your current balance isn’t enough to run this request. Please top up to continue.
2026-05-18 07:19:29 [ERROR] photo_processor.kie_ai_client — Kie.ai create error 402: Credits insufficient : Your current balance isn’t enough to run this request. Please top up to continue.
2026-05-18 07:19:29 [ERROR] photo_processor.kie_ai_client — Kie.ai create error 402: Credits insufficient : Your current balance isn’t enough to run this request. Please top up to continue.
2026-05-18 07:19:29 [ERROR] photo_processor.kie_ai_client — Kie.ai create error 402: Credits insufficient : Your current balance isn’t enough to run this request. Please top up to continue.
2026-05-18 07:19:29 [ERROR] photo_processor.kie_ai_client — Kie.ai create error 402: Credits insufficient : Your current balance isn’t enough to run this request. Please top up to continue.
2026-05-18 07:19:29 [ERROR] photo_processor.kie_ai_client — Kie.ai create error 402: Credits insufficient : Your current balance isn’t enough to run this request. Please top up to continue.
2026-05-18 07:19:29 [ERROR] photo_processor.kie_ai_client — Kie.ai create error 402: Credits insufficient : Your current balance isn’t enough to run this request. Please top up to continue.
2026-05-18 07:19:29 [ERROR] photo_processor.kie_ai_client — Kie.ai create error 402: Credits insufficient : Your current balance isn’t enough to run this request. Please top up to continue.
2026-05-18 07:19:29 [ERROR] photo_processor.kie_ai_client — Kie.ai create error 402: Credits insufficient : Your current balance isn’t enough to run this request. Please top up to continue.
2026-05-18 07:19:29 [ERROR] photo_processor.kie_ai_client — Kie.ai create error 402: Credits insufficient : Your current balance isn’t enough to run this request. Please top up to continue.
2026-05-18 07:19:29 [WARNING] photo_processor.photo_enhancer —   [FALLBACK] foto 0 — usando original
2026-05-18 07:19:29 [WARNING] photo_processor.photo_enhancer —   [FALLBACK] foto 1 — usando original
2026-05-18 07:19:29 [WARNING] photo_processor.photo_enhancer —   [FALLBACK] foto 2 — usando original
2026-05-18 07:19:29 [WARNING] photo_processor.photo_enhancer —   [FALLBACK] foto 3 — usando original
2026-05-18 07:19:29 [WARNING] photo_processor.photo_enhancer —   [FALLBACK] foto 4 — usando original
2026-05-18 07:19:29 [WARNING] photo_processor.photo_enhancer —   [FALLBACK] foto 5 — usando original
2026-05-18 07:19:29 [WARNING] photo_processor.photo_enhancer —   [FALLBACK] foto 6 — usando original
2026-05-18 07:19:29 [WARNING] photo_processor.photo_enhancer —   [FALLBACK] foto 7 — usando original
2026-05-18 07:19:29 [WARNING] photo_processor.photo_enhancer —   [FALLBACK] foto 8 — usando original
2026-05-18 07:19:29 [WARNING] photo_processor.photo_enhancer —   [FALLBACK] foto 9 — usando original
2026-05-18 07:19:29 [WARNING] photo_processor.photo_enhancer —   [FALLBACK] foto 10 — usando original
2026-05-18 07:19:29 [INFO] photo_processor.photo_enhancer — Propiedad 110435987: 0 mejoradas | 11 fallback | 0 planos
2026-05-18 07:19:34 [INFO] wordpress.property_publisher — Descripcion reescrita con IA (1526 -> 1241 chars)
2026-05-18 07:19:35 [INFO] wordpress.property_publisher — Propiedad 110435987 creada en WP (ID 45899)
2026-05-18 07:19:37 [INFO] monitor.property_monitor — [NUEVA] 111003024 — Ático en venta en Pasillo de Santa Isabel
2026-05-18 07:19:37 [INFO] photo_processor.photo_classifier — Clasificando 27 fotos con OpenRouter vision...
2026-05-18 07:19:50 [INFO] photo_processor.photo_classifier — Fotos seleccionadas por estancia: {'fachada': 0, 'salon': 3, 'cocina': 3, 'dormitorio': 4, 'bano': 2, 'terraza': 0, 'exterior': 3} (total: 15)
2026-05-18 07:19:51 [INFO] photo_processor.photo_enhancer — Enviando 15 fotos a KIE.AI en paralelo...
2026-05-18 07:19:51 [ERROR] photo_processor.kie_ai_client — Kie.ai create error 402: Credits insufficient : Your current balance isn’t enough to run this request. Please top up to continue.
2026-05-18 07:19:51 [ERROR] photo_processor.kie_ai_client — Kie.ai create error 402: Credits insufficient : Your current balance isn’t enough to run this request. Please top up to continue.
2026-05-18 07:19:51 [ERROR] photo_processor.kie_ai_client — Kie.ai create error 402: Credits insufficient : Your current balance isn’t enough to run this request. Please top up to continue.
2026-05-18 07:19:51 [ERROR] photo_processor.kie_ai_client — Kie.ai create error 402: Credits insufficient : Your current balance isn’t enough to run this request. Please top up to continue.
2026-05-18 07:19:51 [ERROR] photo_processor.kie_ai_client — Kie.ai create error 402: Credits insufficient : Your current balance isn’t enough to run this request. Please top up to continue.
2026-05-18 07:19:51 [ERROR] photo_processor.kie_ai_client — Kie.ai create error 402: Credits insufficient : Your current balance isn’t enough to run this request. Please top up to continue.
2026-05-18 07:19:51 [ERROR] photo_processor.kie_ai_client — Kie.ai create error 402: Credits insufficient : Your current balance isn’t enough to run this request. Please top up to continue.
2026-05-18 07:19:51 [ERROR] photo_processor.kie_ai_client — Kie.ai create error 402: Credits insufficient : Your current balance isn’t enough to run this request. Please top up to continue.
2026-05-18 07:19:51 [ERROR] photo_processor.kie_ai_client — Kie.ai create error 402: Credits insufficient : Your current balance isn’t enough to run this request. Please top up to continue.
2026-05-18 07:19:51 [ERROR] photo_processor.kie_ai_client — Kie.ai create error 402: Credits insufficient : Your current balance isn’t enough to run this request. Please top up to continue.
2026-05-18 07:19:52 [ERROR] photo_processor.kie_ai_client — Kie.ai create error 402: Credits insufficient : Your current balance isn’t enough to run this request. Please top up to continue.
2026-05-18 07:19:52 [ERROR] photo_processor.kie_ai_client — Kie.ai create error 402: Credits insufficient : Your current balance isn’t enough to run this request. Please top up to continue.
2026-05-18 07:19:52 [ERROR] photo_processor.kie_ai_client — Kie.ai create error 402: Credits insufficient : Your current balance isn’t enough to run this request. Please top up to continue.
2026-05-18 07:19:52 [ERROR] photo_processor.kie_ai_client — Kie.ai create error 402: Credits insufficient : Your current balance isn’t enough to run this request. Please top up to continue.
2026-05-18 07:19:52 [ERROR] photo_processor.kie_ai_client — Kie.ai create error 402: Credits insufficient : Your current balance isn’t enough to run this request. Please top up to continue.
2026-05-18 07:19:52 [WARNING] photo_processor.photo_enhancer —   [FALLBACK] foto 0 — usando original
2026-05-18 07:19:52 [WARNING] photo_processor.photo_enhancer —   [FALLBACK] foto 1 — usando original
2026-05-18 07:19:52 [WARNING] photo_processor.photo_enhancer —   [FALLBACK] foto 2 — usando original
2026-05-18 07:19:52 [WARNING] photo_processor.photo_enhancer —   [FALLBACK] foto 3 — usando original
2026-05-18 07:19:52 [WARNING] photo_processor.photo_enhancer —   [FALLBACK] foto 4 — usando original
2026-05-18 07:19:52 [WARNING] photo_processor.photo_enhancer —   [FALLBACK] foto 5 — usando original
2026-05-18 07:19:52 [WARNING] photo_processor.photo_enhancer —   [FALLBACK] foto 6 — usando original
2026-05-18 07:19:52 [WARNING] photo_processor.photo_enhancer —   [FALLBACK] foto 7 — usando original
2026-05-18 07:19:52 [WARNING] photo_processor.photo_enhancer —   [FALLBACK] foto 8 — usando original
2026-05-18 07:19:52 [WARNING] photo_processor.photo_enhancer —   [FALLBACK] foto 9 — usando original
2026-05-18 07:19:52 [WARNING] photo_processor.photo_enhancer —   [FALLBACK] foto 10 — usando original
2026-05-18 07:19:52 [WARNING] photo_processor.photo_enhancer —   [FALLBACK] foto 11 — usando original
2026-05-18 07:19:52 [WARNING] photo_processor.photo_enhancer —   [FALLBACK] foto 12 — usando original
2026-05-18 07:19:52 [WARNING] photo_processor.photo_enhancer —   [FALLBACK] foto 13 — usando original
2026-05-18 07:19:52 [WARNING] photo_processor.photo_enhancer —   [FALLBACK] foto 14 — usando original
2026-05-18 07:19:52 [INFO] photo_processor.photo_enhancer — Propiedad 111003024: 0 mejoradas | 15 fallback | 0 planos
2026-05-18 07:19:56 [INFO] wordpress.property_publisher — Descripcion reescrita con IA (1293 -> 1180 chars)
2026-05-18 07:19:57 [INFO] wordpress.property_publisher — Propiedad 111003024 creada en WP (ID 45901)
2026-05-18 07:19:59 [INFO] monitor.property_monitor — [NUEVA] 110991729 — Piso en venta en Avenida Fuengirola
2026-05-18 07:19:59 [INFO] photo_processor.photo_classifier — Clasificando 16 fotos con OpenRouter vision...
2026-05-18 07:20:08 [INFO] photo_processor.photo_classifier — Fotos seleccionadas por estancia: {'fachada': 0, 'salon': 4, 'cocina': 1, 'dormitorio': 4, 'bano': 2, 'terraza': 1, 'exterior': 2} (total: 14)
2026-05-18 07:20:09 [INFO] photo_processor.photo_enhancer — Enviando 14 fotos a KIE.AI en paralelo...
2026-05-18 07:20:09 [ERROR] photo_processor.kie_ai_client — Kie.ai create error 402: Credits insufficient : Your current balance isn’t enough to run this request. Please top up to continue.
2026-05-18 07:20:09 [ERROR] photo_processor.kie_ai_client — Kie.ai create error 402: Credits insufficient : Your current balance isn’t enough to run this request. Please top up to continue.
2026-05-18 07:20:09 [ERROR] photo_processor.kie_ai_client — Kie.ai create error 402: Credits insufficient : Your current balance isn’t enough to run this request. Please top up to continue.
2026-05-18 07:20:09 [ERROR] photo_processor.kie_ai_client — Kie.ai create error 402: Credits insufficient : Your current balance isn’t enough to run this request. Please top up to continue.
2026-05-18 07:20:09 [ERROR] photo_processor.kie_ai_client — Kie.ai create error 402: Credits insufficient : Your current balance isn’t enough to run this request. Please top up to continue.
2026-05-18 07:20:09 [ERROR] photo_processor.kie_ai_client — Kie.ai create error 402: Credits insufficient : Your current balance isn’t enough to run this request. Please top up to continue.
2026-05-18 07:20:09 [ERROR] photo_processor.kie_ai_client — Kie.ai create error 402: Credits insufficient : Your current balance isn’t enough to run this request. Please top up to continue.
2026-05-18 07:20:09 [ERROR] photo_processor.kie_ai_client — Kie.ai create error 402: Credits insufficient : Your current balance isn’t enough to run this request. Please top up to continue.
2026-05-18 07:20:09 [ERROR] photo_processor.kie_ai_client — Kie.ai create error 402: Credits insufficient : Your current balance isn’t enough to run this request. Please top up to continue.
2026-05-18 07:20:09 [ERROR] photo_processor.kie_ai_client — Kie.ai create error 402: Credits insufficient : Your current balance isn’t enough to run this request. Please top up to continue.
2026-05-18 07:20:10 [ERROR] photo_processor.kie_ai_client — Kie.ai create error 402: Credits insufficient : Your current balance isn’t enough to run this request. Please top up to continue.
2026-05-18 07:20:10 [ERROR] photo_processor.kie_ai_client — Kie.ai create error 402: Credits insufficient : Your current balance isn’t enough to run this request. Please top up to continue.
2026-05-18 07:20:10 [ERROR] photo_processor.kie_ai_client — Kie.ai create error 402: Credits insufficient : Your current balance isn’t enough to run this request. Please top up to continue.
2026-05-18 07:20:10 [ERROR] photo_processor.kie_ai_client — Kie.ai create error 402: Credits insufficient : Your current balance isn’t enough to run this request. Please top up to continue.
2026-05-18 07:20:10 [WARNING] photo_processor.photo_enhancer —   [FALLBACK] foto 0 — usando original
2026-05-18 07:20:10 [WARNING] photo_processor.photo_enhancer —   [FALLBACK] foto 1 — usando original
2026-05-18 07:20:10 [WARNING] photo_processor.photo_enhancer —   [FALLBACK] foto 2 — usando original
2026-05-18 07:20:10 [WARNING] photo_processor.photo_enhancer —   [FALLBACK] foto 3 — usando original
2026-05-18 07:20:10 [WARNING] photo_processor.photo_enhancer —   [FALLBACK] foto 4 — usando original
2026-05-18 07:20:10 [WARNING] photo_processor.photo_enhancer —   [FALLBACK] foto 5 — usando original
2026-05-18 07:20:10 [WARNING] photo_processor.photo_enhancer —   [FALLBACK] foto 6 — usando original
2026-05-18 07:20:10 [WARNING] photo_processor.photo_enhancer —   [FALLBACK] foto 7 — usando original
2026-05-18 07:20:10 [WARNING] photo_processor.photo_enhancer —   [FALLBACK] foto 8 — usando original
2026-05-18 07:20:10 [WARNING] photo_processor.photo_enhancer —   [FALLBACK] foto 9 — usando original
2026-05-18 07:20:10 [WARNING] photo_processor.photo_enhancer —   [FALLBACK] foto 10 — usando original
2026-05-18 07:20:10 [WARNING] photo_processor.photo_enhancer —   [FALLBACK] foto 11 — usando original
2026-05-18 07:20:10 [WARNING] photo_processor.photo_enhancer —   [FALLBACK] foto 12 — usando original
2026-05-18 07:20:10 [WARNING] photo_processor.photo_enhancer —   [FALLBACK] foto 13 — usando original
2026-05-18 07:20:10 [INFO] photo_processor.photo_enhancer — Propiedad 110991729: 0 mejoradas | 14 fallback | 0 planos
2026-05-18 07:20:16 [INFO] wordpress.property_publisher — Descripcion reescrita con IA (1168 -> 1199 chars)
2026-05-18 07:20:17 [INFO] wordpress.property_publisher — Propiedad 110991729 creada en WP (ID 45903)
2026-05-18 07:20:19 [INFO] monitor.property_monitor — [NUEVA] 108840698 — Casa o chalet independiente en venta en Calle Orég
2026-05-18 07:20:19 [INFO] photo_processor.photo_classifier — Clasificando 54 fotos con OpenRouter vision...
2026-05-18 07:20:44 [INFO] photo_processor.photo_classifier — Fotos seleccionadas por estancia: {'fachada': 0, 'salon': 4, 'cocina': 3, 'dormitorio': 4, 'bano': 3, 'terraza': 4, 'exterior': 3} (total: 21)
2026-05-18 07:20:46 [INFO] photo_processor.photo_enhancer — Enviando 21 fotos a KIE.AI en paralelo...
2026-05-18 07:20:47 [ERROR] photo_processor.kie_ai_client — Kie.ai create error 402: Credits insufficient : Your current balance isn’t enough to run this request. Please top up to continue.
2026-05-18 07:20:47 [ERROR] photo_processor.kie_ai_client — Kie.ai create error 402: Credits insufficient : Your current balance isn’t enough to run this request. Please top up to continue.
2026-05-18 07:20:47 [ERROR] photo_processor.kie_ai_client — Kie.ai create error 402: Credits insufficient : Your current balance isn’t enough to run this request. Please top up to continue.
2026-05-18 07:20:47 [ERROR] photo_processor.kie_ai_client — Kie.ai create error 402: Credits insufficient : Your current balance isn’t enough to run this request. Please top up to continue.
2026-05-18 07:20:47 [ERROR] photo_processor.kie_ai_client — Kie.ai create error 402: Credits insufficient : Your current balance isn’t enough to run this request. Please top up to continue.
2026-05-18 07:20:47 [ERROR] photo_processor.kie_ai_client — Kie.ai create error 402: Credits insufficient : Your current balance isn’t enough to run this request. Please top up to continue.
2026-05-18 07:20:47 [ERROR] photo_processor.kie_ai_client — Kie.ai create error 402: Credits insufficient : Your current balance isn’t enough to run this request. Please top up to continue.
2026-05-18 07:20:47 [ERROR] photo_processor.kie_ai_client — Kie.ai create error 402: Credits insufficient : Your current balance isn’t enough to run this request. Please top up to continue.
2026-05-18 07:20:47 [ERROR] photo_processor.kie_ai_client — Kie.ai create error 402: Credits insufficient : Your current balance isn’t enough to run this request. Please top up to continue.
2026-05-18 07:20:47 [ERROR] photo_processor.kie_ai_client — Kie.ai create error 402: Credits insufficient : Your current balance isn’t enough to run this request. Please top up to continue.
2026-05-18 07:20:47 [ERROR] photo_processor.kie_ai_client — Kie.ai create error 402: Credits insufficient : Your current balance isn’t enough to run this request. Please top up to continue.
2026-05-18 07:20:47 [ERROR] photo_processor.kie_ai_client — Kie.ai create error 402: Credits insufficient : Your current balance isn’t enough to run this request. Please top up to continue.
2026-05-18 07:20:47 [ERROR] photo_processor.kie_ai_client — Kie.ai create error 402: Credits insufficient : Your current balance isn’t enough to run this request. Please top up to continue.
2026-05-18 07:20:47 [ERROR] photo_processor.kie_ai_client — Kie.ai create error 402: Credits insufficient : Your current balance isn’t enough to run this request. Please top up to continue.
2026-05-18 07:20:47 [ERROR] photo_processor.kie_ai_client — Kie.ai create error 402: Credits insufficient : Your current balance isn’t enough to run this request. Please top up to continue.
2026-05-18 07:20:47 [ERROR] photo_processor.kie_ai_client — Kie.ai create error 402: Credits insufficient : Your current balance isn’t enough to run this request. Please top up to continue.
2026-05-18 07:20:47 [ERROR] photo_processor.kie_ai_client — Kie.ai create error 402: Credits insufficient : Your current balance isn’t enough to run this request. Please top up to continue.
2026-05-18 07:20:47 [ERROR] photo_processor.kie_ai_client — Kie.ai create error 402: Credits insufficient : Your current balance isn’t enough to run this request. Please top up to continue.
2026-05-18 07:20:47 [ERROR] photo_processor.kie_ai_client — Kie.ai create error 402: Credits insufficient : Your current balance isn’t enough to run this request. Please top up to continue.
2026-05-18 07:20:47 [ERROR] photo_processor.kie_ai_client — Kie.ai create error 402: Credits insufficient : Your current balance isn’t enough to run this request. Please top up to continue.
2026-05-18 07:20:47 [ERROR] photo_processor.kie_ai_client — Kie.ai create error 429: Your call frequency is too high. Please try again later.
2026-05-18 07:20:47 [WARNING] photo_processor.photo_enhancer —   [FALLBACK] foto 0 — usando original
2026-05-18 07:20:47 [WARNING] photo_processor.photo_enhancer —   [FALLBACK] foto 1 — usando original
2026-05-18 07:20:47 [WARNING] photo_processor.photo_enhancer —   [FALLBACK] foto 2 — usando original
2026-05-18 07:20:47 [WARNING] photo_processor.photo_enhancer —   [FALLBACK] foto 3 — usando original
2026-05-18 07:20:47 [WARNING] photo_processor.photo_enhancer —   [FALLBACK] foto 4 — usando original
2026-05-18 07:20:47 [WARNING] photo_processor.photo_enhancer —   [FALLBACK] foto 5 — usando original
2026-05-18 07:20:47 [WARNING] photo_processor.photo_enhancer —   [FALLBACK] foto 6 — usando original
2026-05-18 07:20:47 [WARNING] photo_processor.photo_enhancer —   [FALLBACK] foto 7 — usando original
2026-05-18 07:20:47 [WARNING] photo_processor.photo_enhancer —   [FALLBACK] foto 8 — usando original
2026-05-18 07:20:47 [WARNING] photo_processor.photo_enhancer —   [FALLBACK] foto 9 — usando original
2026-05-18 07:20:47 [WARNING] photo_processor.photo_enhancer —   [FALLBACK] foto 10 — usando original
2026-05-18 07:20:47 [WARNING] photo_processor.photo_enhancer —   [FALLBACK] foto 11 — usando original
2026-05-18 07:20:47 [WARNING] photo_processor.photo_enhancer —   [FALLBACK] foto 12 — usando original
2026-05-18 07:20:47 [WARNING] photo_processor.photo_enhancer —   [FALLBACK] foto 13 — usando original
2026-05-18 07:20:47 [WARNING] photo_processor.photo_enhancer —   [FALLBACK] foto 14 — usando original
2026-05-18 07:20:47 [WARNING] photo_processor.photo_enhancer —   [FALLBACK] foto 15 — usando original
2026-05-18 07:20:47 [WARNING] photo_processor.photo_enhancer —   [FALLBACK] foto 16 — usando original
2026-05-18 07:20:47 [WARNING] photo_processor.photo_enhancer —   [FALLBACK] foto 17 — usando original
2026-05-18 07:20:47 [WARNING] photo_processor.photo_enhancer —   [FALLBACK] foto 18 — usando original
2026-05-18 07:20:47 [WARNING] photo_processor.photo_enhancer —   [FALLBACK] foto 19 — usando original
2026-05-18 07:20:47 [WARNING] photo_processor.photo_enhancer —   [FALLBACK] foto 20 — usando original
2026-05-18 07:20:47 [INFO] photo_processor.photo_enhancer — Propiedad 108840698: 0 mejoradas | 21 fallback | 0 planos
2026-05-18 07:20:56 [INFO] wordpress.property_publisher — Descripcion reescrita con IA (1242 -> 1168 chars)
2026-05-18 07:20:56 [INFO] wordpress.property_publisher — Propiedad 108840698 creada en WP (ID 45905)
2026-05-18 07:20:58 [INFO] monitor.property_monitor — [NUEVA] 110862060 — Piso en venta en CL Virgen De La Concepcion
2026-05-18 07:20:58 [INFO] photo_processor.photo_classifier — Clasificando 23 fotos con OpenRouter vision...
2026-05-18 07:21:12 [INFO] photo_processor.photo_classifier — Fotos seleccionadas por estancia: {'fachada': 0, 'salon': 2, 'cocina': 2, 'dormitorio': 4, 'bano': 2, 'terraza': 1, 'exterior': 3} (total: 14)
2026-05-18 07:21:13 [INFO] photo_processor.photo_enhancer — Enviando 14 fotos a KIE.AI en paralelo...
2026-05-18 07:21:13 [ERROR] photo_processor.kie_ai_client — Kie.ai create error 402: Credits insufficient : Your current balance isn’t enough to run this request. Please top up to continue.
2026-05-18 07:21:13 [ERROR] photo_processor.kie_ai_client — Kie.ai create error 402: Credits insufficient : Your current balance isn’t enough to run this request. Please top up to continue.
2026-05-18 07:21:13 [ERROR] photo_processor.kie_ai_client — Kie.ai create error 402: Credits insufficient : Your current balance isn’t enough to run this request. Please top up to continue.
2026-05-18 07:21:13 [ERROR] photo_processor.kie_ai_client — Kie.ai create error 402: Credits insufficient : Your current balance isn’t enough to run this request. Please top up to continue.
2026-05-18 07:21:13 [ERROR] photo_processor.kie_ai_client — Kie.ai create error 402: Credits insufficient : Your current balance isn’t enough to run this request. Please top up to continue.
2026-05-18 07:21:13 [ERROR] photo_processor.kie_ai_client — Kie.ai create error 402: Credits insufficient : Your current balance isn’t enough to run this request. Please top up to continue.
2026-05-18 07:21:13 [ERROR] photo_processor.kie_ai_client — Kie.ai create error 402: Credits insufficient : Your current balance isn’t enough to run this request. Please top up to continue.
2026-05-18 07:21:13 [ERROR] photo_processor.kie_ai_client — Kie.ai create error 402: Credits insufficient : Your current balance isn’t enough to run this request. Please top up to continue.
2026-05-18 07:21:13 [ERROR] photo_processor.kie_ai_client — Kie.ai create error 402: Credits insufficient : Your current balance isn’t enough to run this request. Please top up to continue.
2026-05-18 07:21:14 [ERROR] photo_processor.kie_ai_client — Kie.ai create error 402: Credits insufficient : Your current balance isn’t enough to run this request. Please top up to continue.
2026-05-18 07:21:14 [ERROR] photo_processor.kie_ai_client — Kie.ai create error 402: Credits insufficient : Your current balance isn’t enough to run this request. Please top up to continue.
2026-05-18 07:21:14 [ERROR] photo_processor.kie_ai_client — Kie.ai create error 402: Credits insufficient : Your current balance isn’t enough to run this request. Please top up to continue.
2026-05-18 07:21:14 [ERROR] photo_processor.kie_ai_client — Kie.ai create error 402: Credits insufficient : Your current balance isn’t enough to run this request. Please top up to continue.
2026-05-18 07:21:14 [ERROR] photo_processor.kie_ai_client — Kie.ai create error 402: Credits insufficient : Your current balance isn’t enough to run this request. Please top up to continue.
2026-05-18 07:21:14 [WARNING] photo_processor.photo_enhancer —   [FALLBACK] foto 0 — usando original
2026-05-18 07:21:14 [WARNING] photo_processor.photo_enhancer —   [FALLBACK] foto 1 — usando original
2026-05-18 07:21:14 [WARNING] photo_processor.photo_enhancer —   [FALLBACK] foto 2 — usando original
2026-05-18 07:21:14 [WARNING] photo_processor.photo_enhancer —   [FALLBACK] foto 3 — usando original
2026-05-18 07:21:14 [WARNING] photo_processor.photo_enhancer —   [FALLBACK] foto 4 — usando original
2026-05-18 07:21:14 [WARNING] photo_processor.photo_enhancer —   [FALLBACK] foto 5 — usando original
2026-05-18 07:21:14 [WARNING] photo_processor.photo_enhancer —   [FALLBACK] foto 6 — usando original
2026-05-18 07:21:14 [WARNING] photo_processor.photo_enhancer —   [FALLBACK] foto 7 — usando original
2026-05-18 07:21:14 [WARNING] photo_processor.photo_enhancer —   [FALLBACK] foto 8 — usando original
2026-05-18 07:21:14 [WARNING] photo_processor.photo_enhancer —   [FALLBACK] foto 9 — usando original
2026-05-18 07:21:14 [WARNING] photo_processor.photo_enhancer —   [FALLBACK] foto 10 — usando original
2026-05-18 07:21:14 [WARNING] photo_processor.photo_enhancer —   [FALLBACK] foto 11 — usando original
2026-05-18 07:21:14 [WARNING] photo_processor.photo_enhancer —   [FALLBACK] foto 12 — usando original
2026-05-18 07:21:14 [WARNING] photo_processor.photo_enhancer —   [FALLBACK] foto 13 — usando original
2026-05-18 07:21:14 [INFO] photo_processor.photo_enhancer — Propiedad 110862060: 0 mejoradas | 14 fallback | 0 planos
2026-05-18 07:21:19 [INFO] wordpress.property_publisher — Descripcion reescrita con IA (1447 -> 1280 chars)
2026-05-18 07:21:20 [INFO] wordpress.property_publisher — Propiedad 110862060 creada en WP (ID 45907)
2026-05-18 07:21:22 [INFO] monitor.property_monitor — [NUEVA] 96332250 — Dúplex en venta en Centro Histórico
2026-05-18 07:21:22 [INFO] photo_processor.photo_classifier — Clasificando 27 fotos con OpenRouter vision...
2026-05-18 07:21:36 [INFO] photo_processor.photo_classifier — Fotos seleccionadas por estancia: {'fachada': 0, 'salon': 4, 'cocina': 3, 'dormitorio': 4, 'bano': 3, 'terraza': 0, 'exterior': 2} (total: 16)
2026-05-18 07:21:38 [INFO] photo_processor.photo_enhancer — Enviando 16 fotos a KIE.AI en paralelo...
2026-05-18 07:21:38 [ERROR] photo_processor.kie_ai_client — Kie.ai create error 402: Credits insufficient : Your current balance isn’t enough to run this request. Please top up to continue.
2026-05-18 07:21:38 [ERROR] photo_processor.kie_ai_client — Kie.ai create error 402: Credits insufficient : Your current balance isn’t enough to run this request. Please top up to continue.
2026-05-18 07:21:38 [ERROR] photo_processor.kie_ai_client — Kie.ai create error 402: Credits insufficient : Your current balance isn’t enough to run this request. Please top up to continue.
2026-05-18 07:21:38 [ERROR] photo_processor.kie_ai_client — Kie.ai create error 402: Credits insufficient : Your current balance isn’t enough to run this request. Please top up to continue.
2026-05-18 07:21:38 [ERROR] photo_processor.kie_ai_client — Kie.ai create error 402: Credits insufficient : Your current balance isn’t enough to run this request. Please top up to continue.
2026-05-18 07:21:38 [ERROR] photo_processor.kie_ai_client — Kie.ai create error 402: Credits insufficient : Your current balance isn’t enough to run this request. Please top up to continue.
2026-05-18 07:21:38 [ERROR] photo_processor.kie_ai_client — Kie.ai create error 402: Credits insufficient : Your current balance isn’t enough to run this request. Please top up to continue.
2026-05-18 07:21:38 [ERROR] photo_processor.kie_ai_client — Kie.ai create error 402: Credits insufficient : Your current balance isn’t enough to run this request. Please top up to continue.
2026-05-18 07:21:38 [ERROR] photo_processor.kie_ai_client — Kie.ai create error 402: Credits insufficient : Your current balance isn’t enough to run this request. Please top up to continue.
2026-05-18 07:21:38 [ERROR] photo_processor.kie_ai_client — Kie.ai create error 402: Credits insufficient : Your current balance isn’t enough to run this request. Please top up to continue.
2026-05-18 07:21:38 [ERROR] photo_processor.kie_ai_client — Kie.ai create error 402: Credits insufficient : Your current balance isn’t enough to run this request. Please top up to continue.
2026-05-18 07:21:38 [ERROR] photo_processor.kie_ai_client — Kie.ai create error 402: Credits insufficient : Your current balance isn’t enough to run this request. Please top up to continue.
2026-05-18 07:21:38 [ERROR] photo_processor.kie_ai_client — Kie.ai create error 402: Credits insufficient : Your current balance isn’t enough to run this request. Please top up to continue.
2026-05-18 07:21:38 [ERROR] photo_processor.kie_ai_client — Kie.ai create error 402: Credits insufficient : Your current balance isn’t enough to run this request. Please top up to continue.
2026-05-18 07:21:38 [ERROR] photo_processor.kie_ai_client — Kie.ai create error 402: Credits insufficient : Your current balance isn’t enough to run this request. Please top up to continue.
2026-05-18 07:21:38 [ERROR] photo_processor.kie_ai_client — Kie.ai create error 402: Credits insufficient : Your current balance isn’t enough to run this request. Please top up to continue.
2026-05-18 07:21:38 [WARNING] photo_processor.photo_enhancer —   [FALLBACK] foto 0 — usando original
2026-05-18 07:21:38 [WARNING] photo_processor.photo_enhancer —   [FALLBACK] foto 1 — usando original
2026-05-18 07:21:39 [WARNING] photo_processor.photo_enhancer —   [FALLBACK] foto 2 — usando original
2026-05-18 07:21:39 [WARNING] photo_processor.photo_enhancer —   [FALLBACK] foto 3 — usando original
2026-05-18 07:21:39 [WARNING] photo_processor.photo_enhancer —   [FALLBACK] foto 4 — usando original
2026-05-18 07:21:39 [WARNING] photo_processor.photo_enhancer —   [FALLBACK] foto 5 — usando original
2026-05-18 07:21:39 [WARNING] photo_processor.photo_enhancer —   [FALLBACK] foto 6 — usando original
2026-05-18 07:21:39 [WARNING] photo_processor.photo_enhancer —   [FALLBACK] foto 7 — usando original
2026-05-18 07:21:39 [WARNING] photo_processor.photo_enhancer —   [FALLBACK] foto 8 — usando original
2026-05-18 07:21:39 [WARNING] photo_processor.photo_enhancer —   [FALLBACK] foto 9 — usando original
2026-05-18 07:21:39 [WARNING] photo_processor.photo_enhancer —   [FALLBACK] foto 10 — usando original
2026-05-18 07:21:39 [WARNING] photo_processor.photo_enhancer —   [FALLBACK] foto 11 — usando original
2026-05-18 07:21:39 [WARNING] photo_processor.photo_enhancer —   [FALLBACK] foto 12 — usando original
2026-05-18 07:21:39 [WARNING] photo_processor.photo_enhancer —   [FALLBACK] foto 13 — usando original
2026-05-18 07:21:39 [WARNING] photo_processor.photo_enhancer —   [FALLBACK] foto 14 — usando original
2026-05-18 07:21:39 [WARNING] photo_processor.photo_enhancer —   [FALLBACK] foto 15 — usando original
2026-05-18 07:21:39 [INFO] photo_processor.photo_enhancer — Propiedad 96332250: 0 mejoradas | 16 fallback | 0 planos
2026-05-18 07:21:44 [INFO] wordpress.property_publisher — Descripcion reescrita con IA (555 -> 931 chars)
2026-05-18 07:21:45 [INFO] wordpress.property_publisher — Propiedad 96332250 creada en WP (ID 45909)
2026-05-18 07:21:47 [INFO] monitor.property_monitor — [NUEVA] 105684394 — Piso en venta en Centro Histórico
2026-05-18 07:21:47 [INFO] photo_processor.photo_classifier — Clasificando 34 fotos con OpenRouter vision...
2026-05-18 07:22:03 [INFO] photo_processor.photo_classifier — Fotos seleccionadas por estancia: {'fachada': 2, 'salon': 4, 'cocina': 3, 'dormitorio': 4, 'bano': 3, 'terraza': 0, 'exterior': 0} (total: 16)
2026-05-18 07:22:04 [INFO] photo_processor.photo_enhancer — Enviando 16 fotos a KIE.AI en paralelo...
2026-05-18 07:22:04 [ERROR] photo_processor.kie_ai_client — Kie.ai create error 402: Credits insufficient : Your current balance isn’t enough to run this request. Please top up to continue.
2026-05-18 07:22:04 [ERROR] photo_processor.kie_ai_client — Kie.ai create error 402: Credits insufficient : Your current balance isn’t enough to run this request. Please top up to continue.
2026-05-18 07:22:04 [ERROR] photo_processor.kie_ai_client — Kie.ai create error 402: Credits insufficient : Your current balance isn’t enough to run this request. Please top up to continue.
2026-05-18 07:22:04 [ERROR] photo_processor.kie_ai_client — Kie.ai create error 402: Credits insufficient : Your current balance isn’t enough to run this request. Please top up to continue.
2026-05-18 07:22:04 [ERROR] photo_processor.kie_ai_client — Kie.ai create error 402: Credits insufficient : Your current balance isn’t enough to run this request. Please top up to continue.
2026-05-18 07:22:05 [ERROR] photo_processor.kie_ai_client — Kie.ai create error 402: Credits insufficient : Your current balance isn’t enough to run this request. Please top up to continue.
2026-05-18 07:22:05 [ERROR] photo_processor.kie_ai_client — Kie.ai create error 402: Credits insufficient : Your current balance isn’t enough to run this request. Please top up to continue.
2026-05-18 07:22:05 [ERROR] photo_processor.kie_ai_client — Kie.ai create error 402: Credits insufficient : Your current balance isn’t enough to run this request. Please top up to continue.
2026-05-18 07:22:05 [ERROR] photo_processor.kie_ai_client — Kie.ai create error 402: Credits insufficient : Your current balance isn’t enough to run this request. Please top up to continue.
2026-05-18 07:22:05 [ERROR] photo_processor.kie_ai_client — Kie.ai create error 402: Credits insufficient : Your current balance isn’t enough to run this request. Please top up to continue.
2026-05-18 07:22:05 [ERROR] photo_processor.kie_ai_client — Kie.ai create error 402: Credits insufficient : Your current balance isn’t enough to run this request. Please top up to continue.
2026-05-18 07:22:05 [ERROR] photo_processor.kie_ai_client — Kie.ai create error 402: Credits insufficient : Your current balance isn’t enough to run this request. Please top up to continue.
2026-05-18 07:22:05 [ERROR] photo_processor.kie_ai_client — Kie.ai create error 402: Credits insufficient : Your current balance isn’t enough to run this request. Please top up to continue.
2026-05-18 07:22:05 [ERROR] photo_processor.kie_ai_client — Kie.ai create error 402: Credits insufficient : Your current balance isn’t enough to run this request. Please top up to continue.
2026-05-18 07:22:05 [ERROR] photo_processor.kie_ai_client — Kie.ai create error 402: Credits insufficient : Your current balance isn’t enough to run this request. Please top up to continue.
2026-05-18 07:22:05 [ERROR] photo_processor.kie_ai_client — Kie.ai create error 402: Credits insufficient : Your current balance isn’t enough to run this request. Please top up to continue.
2026-05-18 07:22:05 [WARNING] photo_processor.photo_enhancer —   [FALLBACK] foto 0 — usando original
2026-05-18 07:22:05 [WARNING] photo_processor.photo_enhancer —   [FALLBACK] foto 1 — usando original
2026-05-18 07:22:05 [WARNING] photo_processor.photo_enhancer —   [FALLBACK] foto 2 — usando original
2026-05-18 07:22:05 [WARNING] photo_processor.photo_enhancer —   [FALLBACK] foto 3 — usando original
2026-05-18 07:22:05 [WARNING] photo_processor.photo_enhancer —   [FALLBACK] foto 4 — usando original
2026-05-18 07:22:05 [WARNING] photo_processor.photo_enhancer —   [FALLBACK] foto 5 — usando original
2026-05-18 07:22:05 [WARNING] photo_processor.photo_enhancer —   [FALLBACK] foto 6 — usando original
2026-05-18 07:22:05 [WARNING] photo_processor.photo_enhancer —   [FALLBACK] foto 7 — usando original
2026-05-18 07:22:05 [WARNING] photo_processor.photo_enhancer —   [FALLBACK] foto 8 — usando original
2026-05-18 07:22:05 [WARNING] photo_processor.photo_enhancer —   [FALLBACK] foto 9 — usando original
2026-05-18 07:22:05 [WARNING] photo_processor.photo_enhancer —   [FALLBACK] foto 10 — usando original
2026-05-18 07:22:05 [WARNING] photo_processor.photo_enhancer —   [FALLBACK] foto 11 — usando original
2026-05-18 07:22:05 [WARNING] photo_processor.photo_enhancer —   [FALLBACK] foto 12 — usando original
2026-05-18 07:22:05 [WARNING] photo_processor.photo_enhancer —   [FALLBACK] foto 13 — usando original
2026-05-18 07:22:05 [WARNING] photo_processor.photo_enhancer —   [FALLBACK] foto 14 — usando original
2026-05-18 07:22:05 [WARNING] photo_processor.photo_enhancer —   [FALLBACK] foto 15 — usando original
2026-05-18 07:22:05 [INFO] photo_processor.photo_enhancer — Propiedad 105684394: 0 mejoradas | 16 fallback | 0 planos
2026-05-18 07:22:12 [INFO] wordpress.property_publisher — Descripcion reescrita con IA (1418 -> 1232 chars)
2026-05-18 07:22:12 [INFO] wordpress.property_publisher — Propiedad 105684394 creada en WP (ID 45911)
2026-05-18 07:22:14 [INFO] monitor.property_monitor — [NUEVA] 109599749 — Casa o chalet independiente en venta en Rancho Dom
2026-05-18 07:22:14 [INFO] photo_processor.photo_classifier — Clasificando 64 fotos con OpenRouter vision...
2026-05-18 07:22:50 [INFO] photo_processor.photo_classifier — Fotos seleccionadas por estancia: {'fachada': 2, 'salon': 4, 'cocina': 3, 'dormitorio': 4, 'bano': 3, 'terraza': 0, 'exterior': 3} (total: 19)
2026-05-18 07:22:51 [INFO] photo_processor.photo_enhancer — Enviando 19 fotos a KIE.AI en paralelo...
2026-05-18 07:22:52 [ERROR] photo_processor.kie_ai_client — Kie.ai create error 402: Credits insufficient : Your current balance isn’t enough to run this request. Please top up to continue.
2026-05-18 07:22:52 [ERROR] photo_processor.kie_ai_client — Kie.ai create error 402: Credits insufficient : Your current balance isn’t enough to run this request. Please top up to continue.
2026-05-18 07:22:52 [ERROR] photo_processor.kie_ai_client — Kie.ai create error 402: Credits insufficient : Your current balance isn’t enough to run this request. Please top up to continue.
2026-05-18 07:22:52 [ERROR] photo_processor.kie_ai_client — Kie.ai create error 402: Credits insufficient : Your current balance isn’t enough to run this request. Please top up to continue.
2026-05-18 07:22:52 [ERROR] photo_processor.kie_ai_client — Kie.ai create error 402: Credits insufficient : Your current balance isn’t enough to run this request. Please top up to continue.
2026-05-18 07:22:52 [ERROR] photo_processor.kie_ai_client — Kie.ai create error 402: Credits insufficient : Your current balance isn’t enough to run this request. Please top up to continue.
2026-05-18 07:22:52 [ERROR] photo_processor.kie_ai_client — Kie.ai create error 402: Credits insufficient : Your current balance isn’t enough to run this request. Please top up to continue.
2026-05-18 07:22:52 [ERROR] photo_processor.kie_ai_client — Kie.ai create error 402: Credits insufficient : Your current balance isn’t enough to run this request. Please top up to continue.
2026-05-18 07:22:52 [ERROR] photo_processor.kie_ai_client — Kie.ai create error 402: Credits insufficient : Your current balance isn’t enough to run this request. Please top up to continue.
2026-05-18 07:22:52 [ERROR] photo_processor.kie_ai_client — Kie.ai create error 402: Credits insufficient : Your current balance isn’t enough to run this request. Please top up to continue.
2026-05-18 07:22:52 [ERROR] photo_processor.kie_ai_client — Kie.ai create error 402: Credits insufficient : Your current balance isn’t enough to run this request. Please top up to continue.
2026-05-18 07:22:52 [ERROR] photo_processor.kie_ai_client — Kie.ai create error 402: Credits insufficient : Your current balance isn’t enough to run this request. Please top up to continue.
2026-05-18 07:22:52 [ERROR] photo_processor.kie_ai_client — Kie.ai create error 402: Credits insufficient : Your current balance isn’t enough to run this request. Please top up to continue.
2026-05-18 07:22:52 [ERROR] photo_processor.kie_ai_client — Kie.ai create error 402: Credits insufficient : Your current balance isn’t enough to run this request. Please top up to continue.
2026-05-18 07:22:52 [ERROR] photo_processor.kie_ai_client — Kie.ai create error 402: Credits insufficient : Your current balance isn’t enough to run this request. Please top up to continue.
2026-05-18 07:22:52 [ERROR] photo_processor.kie_ai_client — Kie.ai create error 402: Credits insufficient : Your current balance isn’t enough to run this request. Please top up to continue.
2026-05-18 07:22:52 [ERROR] photo_processor.kie_ai_client — Kie.ai create error 402: Credits insufficient : Your current balance isn’t enough to run this request. Please top up to continue.
2026-05-18 07:22:52 [ERROR] photo_processor.kie_ai_client — Kie.ai create error 402: Credits insufficient : Your current balance isn’t enough to run this request. Please top up to continue.
2026-05-18 07:22:52 [ERROR] photo_processor.kie_ai_client — Kie.ai create error 402: Credits insufficient : Your current balance isn’t enough to run this request. Please top up to continue.
2026-05-18 07:22:52 [WARNING] photo_processor.photo_enhancer —   [FALLBACK] foto 0 — usando original
2026-05-18 07:22:52 [WARNING] photo_processor.photo_enhancer —   [FALLBACK] foto 1 — usando original
2026-05-18 07:22:52 [WARNING] photo_processor.photo_enhancer —   [FALLBACK] foto 2 — usando original
2026-05-18 07:22:52 [WARNING] photo_processor.photo_enhancer —   [FALLBACK] foto 3 — usando original
2026-05-18 07:22:52 [WARNING] photo_processor.photo_enhancer —   [FALLBACK] foto 4 — usando original
2026-05-18 07:22:52 [WARNING] photo_processor.photo_enhancer —   [FALLBACK] foto 5 — usando original
2026-05-18 07:22:52 [WARNING] photo_processor.photo_enhancer —   [FALLBACK] foto 6 — usando original
2026-05-18 07:22:52 [WARNING] photo_processor.photo_enhancer —   [FALLBACK] foto 7 — usando original
2026-05-18 07:22:52 [WARNING] photo_processor.photo_enhancer —   [FALLBACK] foto 8 — usando original
2026-05-18 07:22:52 [WARNING] photo_processor.photo_enhancer —   [FALLBACK] foto 9 — usando original
2026-05-18 07:22:52 [WARNING] photo_processor.photo_enhancer —   [FALLBACK] foto 10 — usando original
2026-05-18 07:22:52 [WARNING] photo_processor.photo_enhancer —   [FALLBACK] foto 11 — usando original
2026-05-18 07:22:52 [WARNING] photo_processor.photo_enhancer —   [FALLBACK] foto 12 — usando original
2026-05-18 07:22:52 [WARNING] photo_processor.photo_enhancer —   [FALLBACK] foto 13 — usando original
2026-05-18 07:22:52 [WARNING] photo_processor.photo_enhancer —   [FALLBACK] foto 14 — usando original
2026-05-18 07:22:52 [WARNING] photo_processor.photo_enhancer —   [FALLBACK] foto 15 — usando original
2026-05-18 07:22:52 [WARNING] photo_processor.photo_enhancer —   [FALLBACK] foto 16 — usando original
2026-05-18 07:22:52 [WARNING] photo_processor.photo_enhancer —   [FALLBACK] foto 17 — usando original
2026-05-18 07:22:52 [WARNING] photo_processor.photo_enhancer —   [FALLBACK] foto 18 — usando original
2026-05-18 07:22:52 [INFO] photo_processor.photo_enhancer — Propiedad 109599749: 0 mejoradas | 19 fallback | 0 planos
2026-05-18 07:23:01 [INFO] wordpress.property_publisher — Descripcion reescrita con IA (1307 -> 1156 chars)
2026-05-18 07:23:01 [INFO] wordpress.property_publisher — Propiedad 109599749 creada en WP (ID 45913)
2026-05-18 07:23:03 [INFO] monitor.property_monitor — === Ciclo finalizado === Nuevas: 27 | Actualizadas: 0 | Eliminadas: 0 | Errores: 0
2026-05-18 07:23:03 [INFO] main — Finalizado: RunStats(found=27, new=27, updated=0, removed=0, errors=0)
2026-05-21 06:16:17 [INFO] main — Ejecutando ciclo único...
2026-05-21 06:16:18 [INFO] monitor.property_monitor — Propiedades ya en BD: 27 — solo se scrapearan las nuevas
2026-05-21 06:16:18 [INFO] monitor.property_monitor — === Iniciando ciclo de scraping ===
2026-05-21 06:16:18 [INFO] scraper.idealista_scraper — Modo Scrape.do activo — sin navegador, sin captchas
2026-05-21 06:16:18 [INFO] scraper.idealista_scraper — --- Perfil: https://www.idealista.com/pro/inmobiliariavasanco/ ---
2026-05-21 06:16:18 [INFO] scraper.idealista_scraper — Scrapeando perfil: https://www.idealista.com/pro/inmobiliariavasanco/ (límite: sin límite)
2026-05-21 06:16:19 [INFO] scraper.idealista_scraper — Scrape.do OK [token1/super=true&geoCode=ES]: https://www.idealista.com/pro/inmobiliariavasanco (376024 chars)
2026-05-21 06:16:19 [WARNING] scraper.idealista_scraper — JS eval fallo: 'NoneType' object has no attribute 'evaluate'
2026-05-21 06:16:19 [INFO] scraper.idealista_scraper —   -> Propiedad: https://www.idealista.com/pro/inmobiliariavasanco/inmueble/111460478/
2026-05-21 06:16:20 [INFO] scraper.idealista_scraper — Scrape.do OK [token1/super=true&geoCode=ES]: https://www.idealista.com/pro/inmobiliariavasanco/inmueble/111460478/ (319706 chars)
2026-05-21 06:16:26 [INFO] scraper.idealista_scraper — --- Perfil: https://www.idealista.com/pro/raulgalisteo/ ---
2026-05-21 06:16:26 [INFO] scraper.idealista_scraper — Scrapeando perfil: https://www.idealista.com/pro/raulgalisteo/ (límite: sin límite)
2026-05-21 06:16:39 [WARNING] scraper.idealista_scraper — Scrape.do: 404 en https://www.idealista.com/pro/raulgalisteo — perfil inexistente, saltando
2026-05-21 06:16:41 [INFO] scraper.idealista_scraper — --- Perfil: https://www.idealista.com/pro/gestion-freshlanding/ ---
2026-05-21 06:16:41 [INFO] scraper.idealista_scraper — Scrapeando perfil: https://www.idealista.com/pro/gestion-freshlanding/ (límite: sin límite)
2026-05-21 06:16:43 [INFO] scraper.idealista_scraper — Scrape.do OK [token1/super=true&geoCode=ES]: https://www.idealista.com/pro/gestion-freshlanding (324448 chars)
2026-05-21 06:16:43 [WARNING] scraper.idealista_scraper — JS eval fallo: 'NoneType' object has no attribute 'evaluate'
2026-05-21 06:16:43 [INFO] scraper.idealista_scraper —   -> Propiedad: https://www.idealista.com/pro/gestion-freshlanding/inmueble/111494440/
2026-05-21 06:16:44 [INFO] scraper.idealista_scraper — Scrape.do OK [token1/super=true&geoCode=ES]: https://www.idealista.com/pro/gestion-freshlanding/inmueble/111494440/ (305664 chars)
2026-05-21 06:16:51 [INFO] monitor.property_monitor — Propiedades en Idealista: 28 total (2 nuevas)
2026-05-21 06:16:51 [INFO] monitor.property_monitor — [ELIMINADA] 107673708 — borrada de WP y marcada como inactiva
2026-05-21 06:16:51 [INFO] monitor.property_monitor — [NUEVA] 111460478 — Piso en venta en Paseo Reding
2026-05-21 06:16:51 [INFO] photo_processor.photo_classifier — Clasificando 36 fotos con OpenRouter vision (type+empty+shot)...
2026-05-21 06:17:17 [INFO] photo_processor.photo_classifier — Calculando pHash de 36 fotos para deduplicación...
2026-05-21 06:17:27 [INFO] photo_processor.photo_classifier — Duplicados eliminados por pHash: {'salon': 1, 'dormitorio': 1}
2026-05-21 06:17:27 [INFO] photo_processor.photo_classifier — Fotos seleccionadas: {'fachada': 0, 'salon': 4, 'cocina': 3, 'dormitorio': 4, 'bano': 3, 'terraza': 0, 'exterior': 0} | vacías: 0 (total: 14)
2026-05-21 06:17:28 [INFO] photo_processor.photo_enhancer — Enviando 14 fotos a KIE.AI (0 con Home Staging por habitación vacía)...
2026-05-21 06:20:51 [INFO] photo_processor.photo_enhancer —   [OK] foto 1 mejorada (salon, empty=False, wide)
2026-05-21 06:20:53 [INFO] photo_processor.photo_enhancer —   [OK] foto 2 mejorada (salon, empty=False, wide)
2026-05-21 06:20:54 [INFO] photo_processor.photo_enhancer —   [OK] foto 3 mejorada (salon, empty=False, wide)
2026-05-21 06:20:54 [INFO] photo_processor.photo_enhancer —   [OK] foto 4 mejorada (salon, empty=False, wide)
2026-05-21 06:20:55 [INFO] photo_processor.photo_enhancer —   [OK] foto 5 mejorada (cocina, empty=False, wide)
2026-05-21 06:20:55 [INFO] photo_processor.photo_enhancer —   [OK] foto 6 mejorada (cocina, empty=False, wide)
2026-05-21 06:20:56 [INFO] photo_processor.photo_enhancer —   [OK] foto 7 mejorada (cocina, empty=False, wide)
2026-05-21 06:20:56 [INFO] photo_processor.photo_enhancer —   [OK] foto 8 mejorada (dormitorio, empty=False, wide)
2026-05-21 06:20:57 [INFO] photo_processor.photo_enhancer —   [OK] foto 9 mejorada (dormitorio, empty=False, wide)
2026-05-21 06:20:57 [INFO] photo_processor.photo_enhancer —   [OK] foto 10 mejorada (dormitorio, empty=False, wide)
2026-05-21 06:20:58 [INFO] photo_processor.photo_enhancer —   [OK] foto 11 mejorada (dormitorio, empty=False, wide)
2026-05-21 06:20:59 [INFO] photo_processor.photo_enhancer —   [OK] foto 12 mejorada (bano, empty=False, wide)
2026-05-21 06:21:00 [INFO] photo_processor.photo_enhancer —   [OK] foto 13 mejorada (bano, empty=False, wide)
2026-05-21 06:21:01 [INFO] photo_processor.photo_enhancer —   [OK] foto 14 mejorada (bano, empty=False, wide)
2026-05-21 06:21:01 [INFO] photo_processor.photo_enhancer — Propiedad 111460478: 14 mejoradas OK | 0 planos | 0 fallback
2026-05-21 06:21:04 [ERROR] wordpress.wp_client — Error subiendo media data\photos\Piso en venta en Paseo Reding - inmobiliariavasanco\processed\img_1_09b99db690_enhanced.jpg: list indices must be integers or slices, not str
2026-05-21 06:21:07 [ERROR] wordpress.wp_client — Error subiendo media data\photos\Piso en venta en Paseo Reding - inmobiliariavasanco\processed\img_2_3dc8b15dd5_enhanced.jpg: list indices must be integers or slices, not str
2026-05-21 06:21:10 [ERROR] wordpress.wp_client — Error subiendo media data\photos\Piso en venta en Paseo Reding - inmobiliariavasanco\processed\img_3_a35838c50b_enhanced.jpg: list indices must be integers or slices, not str
2026-05-21 06:21:12 [ERROR] wordpress.wp_client — Error subiendo media data\photos\Piso en venta en Paseo Reding - inmobiliariavasanco\processed\img_4_d3328f08c5_enhanced.jpg: list indices must be integers or slices, not str
2026-05-21 06:21:14 [ERROR] wordpress.wp_client — Error subiendo media data\photos\Piso en venta en Paseo Reding - inmobiliariavasanco\processed\img_5_9fe19a470f_enhanced.jpg: list indices must be integers or slices, not str
2026-05-21 06:21:15 [ERROR] wordpress.wp_client — Error subiendo media data\photos\Piso en venta en Paseo Reding - inmobiliariavasanco\processed\img_6_60d605350d_enhanced.jpg: list indices must be integers or slices, not str
2026-05-21 06:21:17 [ERROR] wordpress.wp_client — Error subiendo media data\photos\Piso en venta en Paseo Reding - inmobiliariavasanco\processed\img_7_2a9708456c_enhanced.jpg: list indices must be integers or slices, not str
2026-05-21 06:21:19 [ERROR] wordpress.wp_client — Error subiendo media data\photos\Piso en venta en Paseo Reding - inmobiliariavasanco\processed\img_8_34a6cc2a70_enhanced.jpg: list indices must be integers or slices, not str
2026-05-21 06:21:22 [ERROR] wordpress.wp_client — Error subiendo media data\photos\Piso en venta en Paseo Reding - inmobiliariavasanco\processed\img_9_282171daa1_enhanced.jpg: list indices must be integers or slices, not str
2026-05-21 06:21:24 [ERROR] wordpress.wp_client — Error subiendo media data\photos\Piso en venta en Paseo Reding - inmobiliariavasanco\processed\img_10_c56f45b076_enhanced.jpg: list indices must be integers or slices, not str
2026-05-21 06:21:26 [ERROR] wordpress.wp_client — Error subiendo media data\photos\Piso en venta en Paseo Reding - inmobiliariavasanco\processed\img_11_80cf474e87_enhanced.jpg: list indices must be integers or slices, not str
2026-05-21 06:21:28 [ERROR] wordpress.wp_client — Error subiendo media data\photos\Piso en venta en Paseo Reding - inmobiliariavasanco\processed\img_12_4b2a6e55e3_enhanced.jpg: list indices must be integers or slices, not str
2026-05-21 06:21:30 [ERROR] wordpress.wp_client — Error subiendo media data\photos\Piso en venta en Paseo Reding - inmobiliariavasanco\processed\img_13_04a2eed5ae_enhanced.jpg: list indices must be integers or slices, not str
2026-05-21 06:21:32 [ERROR] wordpress.wp_client — Error subiendo media data\photos\Piso en venta en Paseo Reding - inmobiliariavasanco\processed\img_14_b8257287b0_enhanced.jpg: list indices must be integers or slices, not str
2026-05-21 06:21:38 [INFO] wordpress.property_publisher — Descripcion reescrita con IA (1464 -> 1229 chars)
2026-05-21 06:21:39 [ERROR] wordpress.property_publisher — Error publicando propiedad 111460478 en WP: list indices must be integers or slices, not str
2026-05-21 06:21:39 [INFO] monitor.property_monitor — [NUEVA] 111494440 — Ático en venta en Andromeda
2026-05-21 06:21:39 [INFO] photo_processor.photo_classifier — Clasificando 26 fotos con OpenRouter vision (type+empty+shot)...
2026-05-21 06:25:03 [INFO] main — Ejecutando ciclo único...
2026-05-21 06:25:03 [INFO] monitor.property_monitor — Propiedades ya en BD: 28 — solo se scrapearan las nuevas
2026-05-21 06:25:03 [INFO] monitor.property_monitor — === Iniciando ciclo de scraping ===
2026-05-21 06:25:03 [INFO] scraper.idealista_scraper — Modo Scrape.do activo — sin navegador, sin captchas
2026-05-21 06:25:03 [INFO] scraper.idealista_scraper — --- Perfil: https://www.idealista.com/pro/inmobiliariavasanco/ ---
2026-05-21 06:25:03 [INFO] scraper.idealista_scraper — Scrapeando perfil: https://www.idealista.com/pro/inmobiliariavasanco/ (límite: sin límite)
2026-05-21 06:25:05 [INFO] scraper.idealista_scraper — Scrape.do OK [token1/super=true&geoCode=ES]: https://www.idealista.com/pro/inmobiliariavasanco (376024 chars)
2026-05-21 06:25:05 [WARNING] scraper.idealista_scraper — JS eval fallo: 'NoneType' object has no attribute 'evaluate'
2026-05-21 06:25:08 [INFO] scraper.idealista_scraper — --- Perfil: https://www.idealista.com/pro/raulgalisteo/ ---
2026-05-21 06:25:08 [INFO] scraper.idealista_scraper — Scrapeando perfil: https://www.idealista.com/pro/raulgalisteo/ (límite: sin límite)
2026-05-21 06:25:10 [WARNING] scraper.idealista_scraper — Scrape.do: 404 en https://www.idealista.com/pro/raulgalisteo — perfil inexistente, saltando
2026-05-21 06:25:14 [INFO] scraper.idealista_scraper — --- Perfil: https://www.idealista.com/pro/gestion-freshlanding/ ---
2026-05-21 06:25:17 [INFO] scraper.idealista_scraper — Scrapeando perfil: https://www.idealista.com/pro/gestion-freshlanding/ (límite: sin límite)
2026-05-21 06:25:18 [INFO] scraper.idealista_scraper — Scrape.do OK [token1/super=true&geoCode=ES]: https://www.idealista.com/pro/gestion-freshlanding (324504 chars)
2026-05-21 06:25:18 [WARNING] scraper.idealista_scraper — JS eval fallo: 'NoneType' object has no attribute 'evaluate'
2026-05-21 06:25:22 [INFO] monitor.property_monitor — Propiedades en Idealista: 28 total (0 nuevas)
2026-05-21 06:25:22 [INFO] monitor.property_monitor — === Ciclo finalizado === Nuevas: 0 | Actualizadas: 0 | Eliminadas: 0 | Errores: 0
2026-05-21 06:25:22 [INFO] monitor.processing_report — === Reporte de ciclo === {'propiedades': 0, 'wp_created': 0, 'wp_updated': 0, 'wp_aborted': 0, 'wp_skipped': 0, 'fotos_subidas': 0, 'fotos_kie_fail': 0, 'fotos_home_staging': 0}
2026-05-21 06:25:22 [INFO] monitor.processing_report — Detalle completo en data\processing_report.log y data\processing_report.jsonl
2026-05-21 06:25:22 [INFO] main — Finalizado: RunStats(found=28, new=0, updated=0, removed=0, errors=0)
2026-05-21 06:25:57 [INFO] main — Ejecutando ciclo único...
2026-05-21 06:25:58 [INFO] monitor.property_monitor — Propiedades ya en BD: 28 — solo se scrapearan las nuevas
2026-05-21 06:25:58 [INFO] monitor.property_monitor — === Iniciando ciclo de scraping ===
2026-05-21 06:25:58 [INFO] scraper.idealista_scraper — Modo Scrape.do activo — sin navegador, sin captchas
2026-05-21 06:25:58 [INFO] scraper.idealista_scraper — --- Perfil: https://www.idealista.com/pro/inmobiliariavasanco/ ---
2026-05-21 06:25:58 [INFO] scraper.idealista_scraper — Scrapeando perfil: https://www.idealista.com/pro/inmobiliariavasanco/ (límite: sin límite)
2026-05-21 06:26:01 [INFO] scraper.idealista_scraper — Scrape.do OK [token1/super=true&geoCode=ES]: https://www.idealista.com/pro/inmobiliariavasanco (375918 chars)
2026-05-21 06:26:01 [WARNING] scraper.idealista_scraper — JS eval fallo: 'NoneType' object has no attribute 'evaluate'
2026-05-21 06:26:04 [INFO] scraper.idealista_scraper — --- Perfil: https://www.idealista.com/pro/raulgalisteo/ ---
2026-05-21 06:26:04 [INFO] scraper.idealista_scraper — Scrapeando perfil: https://www.idealista.com/pro/raulgalisteo/ (límite: sin límite)
2026-05-21 06:26:05 [WARNING] scraper.idealista_scraper — Scrape.do: 404 en https://www.idealista.com/pro/raulgalisteo — perfil inexistente, saltando
2026-05-21 06:26:08 [INFO] scraper.idealista_scraper — --- Perfil: https://www.idealista.com/pro/gestion-freshlanding/ ---
2026-05-21 06:26:08 [INFO] scraper.idealista_scraper — Scrapeando perfil: https://www.idealista.com/pro/gestion-freshlanding/ (límite: sin límite)
2026-05-21 06:26:09 [INFO] scraper.idealista_scraper — Scrape.do OK [token1/super=true&geoCode=ES]: https://www.idealista.com/pro/gestion-freshlanding (324448 chars)
2026-05-21 06:26:09 [WARNING] scraper.idealista_scraper — JS eval fallo: 'NoneType' object has no attribute 'evaluate'
2026-05-21 06:26:11 [INFO] monitor.property_monitor — Propiedades en Idealista: 28 total (0 nuevas)
2026-05-21 06:26:11 [INFO] monitor.property_monitor — === Ciclo finalizado === Nuevas: 0 | Actualizadas: 0 | Eliminadas: 0 | Errores: 0
2026-05-21 06:26:11 [INFO] monitor.processing_report — === Reporte de ciclo === {'propiedades': 0, 'wp_created': 0, 'wp_updated': 0, 'wp_aborted': 0, 'wp_skipped': 0, 'fotos_subidas': 0, 'fotos_kie_fail': 0, 'fotos_home_staging': 0}
2026-05-21 06:26:11 [INFO] monitor.processing_report — Detalle completo en data\processing_report.log y data\processing_report.jsonl
2026-05-21 06:26:11 [INFO] main — Finalizado: RunStats(found=28, new=0, updated=0, removed=0, errors=0)
2026-05-21 06:38:11 [INFO] main — Ejecutando ciclo único...
2026-05-21 06:38:11 [INFO] monitor.property_monitor — Propiedades ya en BD: 28 — solo se scrapearan las nuevas
2026-05-21 06:38:11 [INFO] monitor.property_monitor — === Iniciando ciclo de scraping ===
2026-05-21 06:38:11 [INFO] scraper.idealista_scraper — Modo Scrape.do activo — sin navegador, sin captchas
2026-05-21 06:38:11 [INFO] scraper.idealista_scraper — --- Perfil: https://www.idealista.com/pro/inmobiliariavasanco/ ---
2026-05-21 06:38:11 [INFO] scraper.idealista_scraper — Scrapeando perfil: https://www.idealista.com/pro/inmobiliariavasanco/ (límite: sin límite)
2026-05-21 06:38:14 [INFO] scraper.idealista_scraper — Scrape.do OK [token1/super=true&geoCode=ES]: https://www.idealista.com/pro/inmobiliariavasanco (375979 chars)
2026-05-21 06:38:15 [WARNING] scraper.idealista_scraper — JS eval fallo: 'NoneType' object has no attribute 'evaluate'
2026-05-21 06:38:18 [INFO] scraper.idealista_scraper — --- Perfil: https://www.idealista.com/pro/raulgalisteo/ ---
2026-05-21 06:38:18 [INFO] scraper.idealista_scraper — Scrapeando perfil: https://www.idealista.com/pro/raulgalisteo/ (límite: sin límite)
2026-05-21 06:38:56 [WARNING] scraper.idealista_scraper — Scrape.do: 404 en https://www.idealista.com/pro/raulgalisteo — perfil inexistente, saltando
2026-05-21 06:38:59 [INFO] scraper.idealista_scraper — --- Perfil: https://www.idealista.com/pro/gestion-freshlanding/ ---
2026-05-21 06:38:59 [INFO] scraper.idealista_scraper — Scrapeando perfil: https://www.idealista.com/pro/gestion-freshlanding/ (límite: sin límite)
2026-05-21 06:39:38 [INFO] scraper.idealista_scraper — Scrape.do OK [token1/super=true&geoCode=ES]: https://www.idealista.com/pro/gestion-freshlanding (228100 chars)
2026-05-21 06:39:38 [WARNING] scraper.idealista_scraper — JS eval fallo: 'NoneType' object has no attribute 'evaluate'
2026-05-21 06:39:41 [INFO] monitor.property_monitor — Propiedades en Idealista: 28 total (0 nuevas)
2026-05-21 06:39:41 [INFO] monitor.property_monitor — [REINTENTO] 28 propiedades sin wp_post_id — ejecutando flujo completo (KIE + WP)...
2026-05-21 06:39:41 [INFO] photo_processor.photo_classifier — Clasificando 17 fotos con OpenRouter vision (type+empty+shot)...
2026-05-21 06:39:53 [INFO] photo_processor.photo_classifier — Calculando pHash de 17 fotos para deduplicación...
2026-05-21 06:39:56 [INFO] photo_processor.photo_classifier — Fotos seleccionadas: {'fachada': 0, 'salon': 4, 'cocina': 1, 'dormitorio': 3, 'bano': 3, 'terraza': 0, 'exterior': 1} | vacías: 1 (total: 12)
2026-05-21 06:39:56 [INFO] photo_processor.photo_enhancer — Enviando 6 fotos a KIE.AI (1 con Home Staging por habitación vacía)...
2026-05-21 06:43:04 [ERROR] photo_processor.kie_ai_client — Timeout (180s) esperando tarea Kie.ai e83bab86dad6ba88a6ab90dcfacb4e76
2026-05-21 06:43:04 [WARNING] photo_processor.kie_ai_client — Kie.ai tarea sin resultado, reintentando (intento 1)...
2026-05-21 06:43:52 [INFO] photo_processor.photo_enhancer —   [OK] foto 6 mejorada (dormitorio, empty=False, wide)
2026-05-21 06:43:53 [INFO] photo_processor.photo_enhancer —   [OK] foto 7 mejorada (dormitorio, empty=False, wide)
2026-05-21 06:43:54 [INFO] photo_processor.photo_enhancer —   [OK] foto 8 mejorada (dormitorio, empty=False, close)
2026-05-21 06:43:54 [INFO] photo_processor.photo_enhancer —   [OK] foto 10 mejorada (bano, empty=False, wide)
2026-05-21 06:43:54 [INFO] photo_processor.photo_enhancer —   [OK] foto 11 mejorada (bano, empty=False, wide)
2026-05-21 06:43:56 [INFO] photo_processor.photo_enhancer —   [OK] foto 12 mejorada (exterior, empty=True, wide)
2026-05-21 06:43:56 [INFO] photo_processor.photo_enhancer — Propiedad 110782952: 12 mejoradas OK | 0 planos | 0 fallback
2026-05-21 06:44:05 [INFO] wordpress.property_publisher —   [WP] Foto 1 subida (media ID 46048)
2026-05-21 06:44:15 [INFO] wordpress.property_publisher —   [WP] Foto 2 subida (media ID 46049)
2026-05-21 06:44:24 [INFO] wordpress.property_publisher —   [WP] Foto 3 subida (media ID 46050)
2026-05-21 06:44:33 [INFO] wordpress.property_publisher —   [WP] Foto 4 subida (media ID 46051)
2026-05-21 06:44:41 [INFO] wordpress.property_publisher —   [WP] Foto 5 subida (media ID 46052)
2026-05-21 06:44:51 [INFO] wordpress.property_publisher —   [WP] Foto 6 subida (media ID 46053)
2026-05-21 06:45:00 [INFO] wordpress.property_publisher —   [WP] Foto 7 subida (media ID 46054)
2026-05-21 06:45:08 [INFO] wordpress.property_publisher —   [WP] Foto 8 subida (media ID 46055)
2026-05-21 06:45:17 [INFO] wordpress.property_publisher —   [WP] Foto 9 subida (media ID 46056)
2026-05-21 06:45:26 [INFO] wordpress.property_publisher —   [WP] Foto 10 subida (media ID 46057)
2026-05-21 06:45:34 [INFO] wordpress.property_publisher —   [WP] Foto 11 subida (media ID 46058)
2026-05-21 06:45:45 [INFO] wordpress.property_publisher —   [WP] Foto 12 subida (media ID 46059)
2026-05-21 06:45:50 [INFO] wordpress.property_publisher — Descripcion reescrita con IA (621 -> 1071 chars)
2026-05-21 06:45:51 [INFO] wordpress.property_publisher — Propiedad 110782952 creada en WP (ID 46060)
2026-05-21 06:46:02 [INFO] monitor.property_monitor — [REINTENTO OK] 110782952 → wp_post_id=46060
2026-05-21 06:46:02 [INFO] photo_processor.photo_classifier — Clasificando 64 fotos con OpenRouter vision (type+empty+shot)...
2026-05-21 06:46:48 [INFO] photo_processor.photo_classifier — Calculando pHash de 64 fotos para deduplicación...
2026-05-21 06:46:51 [INFO] photo_processor.photo_classifier — Fotos seleccionadas: {'fachada': 0, 'salon': 4, 'cocina': 3, 'dormitorio': 4, 'bano': 3, 'terraza': 3, 'exterior': 3} | vacías: 2 (total: 20)
2026-05-21 06:46:52 [INFO] photo_processor.photo_enhancer — Enviando 2 fotos a KIE.AI (0 con Home Staging por habitación vacía)...
2026-05-21 06:47:59 [INFO] photo_processor.photo_enhancer —   [OK] foto 6 mejorada (cocina, empty=False, wide)
2026-05-21 06:48:00 [INFO] photo_processor.photo_enhancer —   [OK] foto 7 mejorada (cocina, empty=False, wide)
2026-05-21 06:48:00 [INFO] photo_processor.photo_enhancer — Propiedad 111395590: 20 mejoradas OK | 0 planos | 0 fallback
2026-05-21 06:48:10 [INFO] wordpress.property_publisher —   [WP] Foto 1 subida (media ID 46062)
2026-05-21 06:48:20 [INFO] wordpress.property_publisher —   [WP] Foto 2 subida (media ID 46063)
2026-05-21 06:48:30 [INFO] wordpress.property_publisher —   [WP] Foto 3 subida (media ID 46064)
2026-05-21 06:48:40 [INFO] wordpress.property_publisher —   [WP] Foto 4 subida (media ID 46065)
2026-05-21 06:48:49 [INFO] wordpress.property_publisher —   [WP] Foto 5 subida (media ID 46066)
2026-05-21 06:48:58 [INFO] wordpress.property_publisher —   [WP] Foto 6 subida (media ID 46067)
2026-05-21 06:49:07 [INFO] wordpress.property_publisher —   [WP] Foto 7 subida (media ID 46068)
2026-05-21 06:49:16 [INFO] wordpress.property_publisher —   [WP] Foto 8 subida (media ID 46069)
2026-05-21 06:49:26 [INFO] wordpress.property_publisher —   [WP] Foto 9 subida (media ID 46070)
2026-05-21 06:49:36 [INFO] wordpress.property_publisher —   [WP] Foto 10 subida (media ID 46071)
2026-05-21 06:49:46 [INFO] wordpress.property_publisher —   [WP] Foto 11 subida (media ID 46072)
2026-05-21 06:49:57 [INFO] wordpress.property_publisher —   [WP] Foto 12 subida (media ID 46073)
2026-05-21 06:50:07 [INFO] wordpress.property_publisher —   [WP] Foto 13 subida (media ID 46074)
2026-05-21 06:50:17 [INFO] wordpress.property_publisher —   [WP] Foto 14 subida (media ID 46075)
2026-05-21 06:50:28 [INFO] wordpress.property_publisher —   [WP] Foto 15 subida (media ID 46076)
2026-05-21 06:50:38 [INFO] wordpress.property_publisher —   [WP] Foto 16 subida (media ID 46077)
2026-05-21 06:50:49 [INFO] wordpress.property_publisher —   [WP] Foto 17 subida (media ID 46078)
2026-05-21 06:51:00 [INFO] wordpress.property_publisher —   [WP] Foto 18 subida (media ID 46079)
2026-05-21 06:51:11 [INFO] wordpress.property_publisher —   [WP] Foto 19 subida (media ID 46080)
2026-05-21 06:51:22 [INFO] wordpress.property_publisher —   [WP] Foto 20 subida (media ID 46081)
2026-05-21 06:51:30 [INFO] wordpress.property_publisher — Descripcion reescrita con IA (1871 -> 1179 chars)
2026-05-21 06:51:31 [INFO] wordpress.property_publisher — Propiedad 111395590 creada en WP (ID 46082)
2026-05-21 06:51:49 [INFO] monitor.property_monitor — [REINTENTO OK] 111395590 → wp_post_id=46082
2026-05-21 06:51:49 [INFO] photo_processor.photo_classifier — Clasificando 41 fotos con OpenRouter vision (type+empty+shot)...
2026-05-21 06:52:16 [INFO] photo_processor.photo_classifier — Calculando pHash de 41 fotos para deduplicación...
2026-05-21 06:52:19 [INFO] photo_processor.photo_classifier — Fotos seleccionadas: {'fachada': 0, 'salon': 4, 'cocina': 2, 'dormitorio': 4, 'bano': 3, 'terraza': 2, 'exterior': 1} | vacías: 13 (total: 16)
2026-05-21 06:52:20 [INFO] photo_processor.photo_enhancer — Enviando 9 fotos a KIE.AI (6 con Home Staging por habitación vacía)...
2026-05-21 06:54:36 [INFO] photo_processor.photo_enhancer —   [OK] foto 8 mejorada (dormitorio, empty=True, wide)
2026-05-21 06:54:36 [INFO] photo_processor.photo_enhancer —   [OK] foto 9 mejorada (dormitorio, empty=True, wide)
2026-05-21 06:54:37 [INFO] photo_processor.photo_enhancer —   [OK] foto 10 mejorada (dormitorio, empty=True, wide)
2026-05-21 06:54:38 [INFO] photo_processor.photo_enhancer —   [OK] foto 11 mejorada (bano, empty=False, wide)
2026-05-21 06:54:38 [INFO] photo_processor.photo_enhancer —   [OK] foto 12 mejorada (bano, empty=False, wide)
2026-05-21 06:54:39 [INFO] photo_processor.photo_enhancer —   [OK] foto 13 mejorada (bano, empty=False, wide)
2026-05-21 06:54:40 [INFO] photo_processor.photo_enhancer —   [OK] foto 14 mejorada (terraza, empty=True, wide)
2026-05-21 06:54:40 [INFO] photo_processor.photo_enhancer —   [OK] foto 15 mejorada (terraza, empty=True, wide)
2026-05-21 06:54:41 [INFO] photo_processor.photo_enhancer —   [OK] foto 16 mejorada (exterior, empty=True, wide)
2026-05-21 06:54:41 [INFO] photo_processor.photo_enhancer — Propiedad 106971678: 16 mejoradas OK | 0 planos | 0 fallback
2026-05-21 06:54:50 [INFO] wordpress.property_publisher —   [WP] Foto 1 subida (media ID 46084)
2026-05-21 06:54:58 [INFO] wordpress.property_publisher —   [WP] Foto 2 subida (media ID 46085)
2026-05-21 06:55:08 [INFO] wordpress.property_publisher —   [WP] Foto 3 subida (media ID 46086)
2026-05-21 06:55:17 [INFO] wordpress.property_publisher —   [WP] Foto 4 subida (media ID 46087)
2026-05-21 06:55:27 [INFO] wordpress.property_publisher —   [WP] Foto 5 subida (media ID 46088)
2026-05-21 06:55:37 [INFO] wordpress.property_publisher —   [WP] Foto 6 subida (media ID 46089)
2026-05-21 06:55:45 [INFO] wordpress.property_publisher —   [WP] Foto 7 subida (media ID 46090)
2026-05-21 06:55:54 [INFO] wordpress.property_publisher —   [WP] Foto 8 subida (media ID 46091)
2026-05-21 06:56:03 [INFO] wordpress.property_publisher —   [WP] Foto 9 subida (media ID 46092)
2026-05-21 06:56:11 [INFO] wordpress.property_publisher —   [WP] Foto 10 subida (media ID 46093)
2026-05-21 06:56:18 [INFO] wordpress.property_publisher —   [WP] Foto 11 subida (media ID 46094)
2026-05-21 06:56:27 [INFO] wordpress.property_publisher —   [WP] Foto 12 subida (media ID 46095)
2026-05-21 06:56:35 [INFO] wordpress.property_publisher —   [WP] Foto 13 subida (media ID 46096)
2026-05-21 06:56:45 [INFO] wordpress.property_publisher —   [WP] Foto 14 subida (media ID 46097)
2026-05-21 06:56:56 [INFO] wordpress.property_publisher —   [WP] Foto 15 subida (media ID 46098)
2026-05-21 06:57:06 [INFO] wordpress.property_publisher —   [WP] Foto 16 subida (media ID 46099)
2026-05-21 06:57:15 [INFO] wordpress.property_publisher — Descripcion reescrita con IA (1398 -> 1153 chars)
2026-05-21 06:57:16 [INFO] wordpress.property_publisher — Propiedad 106971678 creada en WP (ID 46100)
2026-05-21 06:57:32 [INFO] monitor.property_monitor — [REINTENTO OK] 106971678 → wp_post_id=46100
2026-05-21 06:57:32 [INFO] photo_processor.photo_classifier — Clasificando 43 fotos con OpenRouter vision (type+empty+shot)...
2026-05-21 06:57:58 [INFO] photo_processor.photo_classifier — Calculando pHash de 43 fotos para deduplicación...
2026-05-21 06:58:01 [INFO] photo_processor.photo_classifier — Fotos seleccionadas: {'fachada': 0, 'salon': 4, 'cocina': 2, 'dormitorio': 4, 'bano': 3, 'terraza': 2, 'exterior': 3} | vacías: 4 (total: 18)
2026-05-21 06:58:01 [INFO] photo_processor.photo_enhancer — Enviando 3 fotos a KIE.AI (0 con Home Staging por habitación vacía)...
2026-05-21 06:59:10 [INFO] photo_processor.photo_enhancer —   [OK] foto 11 mejorada (bano, empty=False, wide)
2026-05-21 06:59:11 [INFO] photo_processor.photo_enhancer —   [OK] foto 12 mejorada (bano, empty=False, wide)
2026-05-21 06:59:11 [INFO] photo_processor.photo_enhancer —   [OK] foto 13 mejorada (bano, empty=False, wide)
2026-05-21 06:59:11 [INFO] photo_processor.photo_enhancer — Propiedad 110519456: 18 mejoradas OK | 0 planos | 0 fallback
2026-05-21 06:59:21 [INFO] wordpress.property_publisher —   [WP] Foto 1 subida (media ID 46102)
2026-05-21 06:59:30 [INFO] wordpress.property_publisher —   [WP] Foto 2 subida (media ID 46103)
2026-05-21 06:59:39 [INFO] wordpress.property_publisher —   [WP] Foto 3 subida (media ID 46104)
2026-05-21 06:59:48 [INFO] wordpress.property_publisher —   [WP] Foto 4 subida (media ID 46105)
2026-05-21 06:59:57 [INFO] wordpress.property_publisher —   [WP] Foto 5 subida (media ID 46106)
2026-05-21 07:00:06 [INFO] wordpress.property_publisher —   [WP] Foto 6 subida (media ID 46107)
2026-05-21 07:00:16 [INFO] wordpress.property_publisher —   [WP] Foto 7 subida (media ID 46108)
2026-05-21 07:00:27 [INFO] wordpress.property_publisher —   [WP] Foto 8 subida (media ID 46109)
2026-05-21 07:00:38 [INFO] wordpress.property_publisher —   [WP] Foto 9 subida (media ID 46110)
2026-05-21 07:00:48 [INFO] wordpress.property_publisher —   [WP] Foto 10 subida (media ID 46111)
2026-05-21 07:00:58 [INFO] wordpress.property_publisher —   [WP] Foto 11 subida (media ID 46112)
2026-05-21 07:01:08 [INFO] wordpress.property_publisher —   [WP] Foto 12 subida (media ID 46113)
2026-05-21 07:01:18 [INFO] wordpress.property_publisher —   [WP] Foto 13 subida (media ID 46114)
2026-05-21 07:01:28 [INFO] wordpress.property_publisher —   [WP] Foto 14 subida (media ID 46115)
2026-05-21 07:01:38 [INFO] wordpress.property_publisher —   [WP] Foto 15 subida (media ID 46116)
2026-05-21 07:01:47 [INFO] wordpress.property_publisher —   [WP] Foto 16 subida (media ID 46117)
2026-05-21 07:01:58 [INFO] wordpress.property_publisher —   [WP] Foto 17 subida (media ID 46118)
2026-05-21 07:02:10 [INFO] wordpress.property_publisher —   [WP] Foto 18 subida (media ID 46119)
2026-05-21 07:02:20 [INFO] wordpress.property_publisher — Descripcion reescrita con IA (1161 -> 1120 chars)
2026-05-21 07:02:21 [INFO] wordpress.property_publisher — Propiedad 110519456 creada en WP (ID 46120)
2026-05-21 07:02:37 [INFO] monitor.property_monitor — [REINTENTO OK] 110519456 → wp_post_id=46120
2026-05-21 07:02:37 [INFO] photo_processor.photo_classifier — Clasificando 64 fotos con OpenRouter vision (type+empty+shot)...
2026-05-21 07:03:22 [INFO] photo_processor.photo_classifier — Calculando pHash de 64 fotos para deduplicación...
2026-05-21 07:03:25 [INFO] photo_processor.photo_classifier — Fotos seleccionadas: {'fachada': 1, 'salon': 4, 'cocina': 3, 'dormitorio': 4, 'bano': 3, 'terraza': 2, 'exterior': 3} | vacías: 0 (total: 20)
2026-05-21 07:03:26 [INFO] photo_processor.photo_enhancer — Enviando 4 fotos a KIE.AI (0 con Home Staging por habitación vacía)...
2026-05-21 07:04:34 [INFO] photo_processor.photo_enhancer —   [OK] foto 10 mejorada (dormitorio, empty=False, wide)
2026-05-21 07:04:35 [INFO] photo_processor.photo_enhancer —   [OK] foto 11 mejorada (dormitorio, empty=False, wide)
2026-05-21 07:04:36 [INFO] photo_processor.photo_enhancer —   [OK] foto 12 mejorada (dormitorio, empty=False, wide)
2026-05-21 07:04:37 [INFO] photo_processor.photo_enhancer —   [OK] foto 20 mejorada (exterior, empty=False, wide)
2026-05-21 07:04:37 [INFO] photo_processor.photo_enhancer — Propiedad 109277199: 20 mejoradas OK | 0 planos | 0 fallback
2026-05-21 07:04:48 [INFO] wordpress.property_publisher —   [WP] Foto 1 subida (media ID 46122)
2026-05-21 07:04:58 [INFO] wordpress.property_publisher —   [WP] Foto 2 subida (media ID 46123)
2026-05-21 07:05:09 [INFO] wordpress.property_publisher —   [WP] Foto 3 subida (media ID 46124)
2026-05-21 07:05:20 [INFO] wordpress.property_publisher —   [WP] Foto 4 subida (media ID 46125)
2026-05-21 07:05:31 [INFO] wordpress.property_publisher —   [WP] Foto 5 subida (media ID 46126)
2026-05-21 07:05:42 [INFO] wordpress.property_publisher —   [WP] Foto 6 subida (media ID 46127)
2026-05-21 07:05:52 [INFO] wordpress.property_publisher —   [WP] Foto 7 subida (media ID 46128)
2026-05-21 07:06:02 [INFO] wordpress.property_publisher —   [WP] Foto 8 subida (media ID 46129)
2026-05-21 07:06:13 [INFO] wordpress.property_publisher —   [WP] Foto 9 subida (media ID 46130)
2026-05-21 07:06:24 [INFO] wordpress.property_publisher —   [WP] Foto 10 subida (media ID 46131)
2026-05-21 07:06:35 [INFO] wordpress.property_publisher —   [WP] Foto 11 subida (media ID 46132)
2026-05-21 07:06:46 [INFO] wordpress.property_publisher —   [WP] Foto 12 subida (media ID 46133)
2026-05-21 07:06:55 [INFO] wordpress.property_publisher —   [WP] Foto 13 subida (media ID 46134)
2026-05-21 07:07:04 [INFO] wordpress.property_publisher —   [WP] Foto 14 subida (media ID 46135)
2026-05-21 07:07:13 [INFO] wordpress.property_publisher —   [WP] Foto 15 subida (media ID 46136)
2026-05-21 07:07:24 [INFO] wordpress.property_publisher —   [WP] Foto 16 subida (media ID 46137)
2026-05-21 07:07:34 [INFO] wordpress.property_publisher —   [WP] Foto 17 subida (media ID 46138)
2026-05-21 07:07:45 [INFO] wordpress.property_publisher —   [WP] Foto 18 subida (media ID 46139)
2026-05-21 07:07:57 [INFO] wordpress.property_publisher —   [WP] Foto 19 subida (media ID 46140)
2026-05-21 07:08:09 [INFO] wordpress.property_publisher —   [WP] Foto 20 subida (media ID 46141)
2026-05-21 07:08:23 [INFO] wordpress.property_publisher — Descripcion reescrita con IA (1840 -> 1196 chars)
2026-05-21 07:08:24 [INFO] wordpress.property_publisher — Propiedad 109277199 creada en WP (ID 46142)
2026-05-21 07:08:42 [INFO] monitor.property_monitor — [REINTENTO OK] 109277199 → wp_post_id=46142
2026-05-21 07:08:42 [INFO] photo_processor.photo_classifier — Clasificando 69 fotos con OpenRouter vision (type+empty+shot)...
2026-05-21 07:09:30 [INFO] photo_processor.photo_classifier — Calculando pHash de 69 fotos para deduplicación...
2026-05-21 07:09:34 [INFO] photo_processor.photo_classifier — Fotos seleccionadas: {'fachada': 0, 'salon': 4, 'cocina': 3, 'dormitorio': 4, 'bano': 3, 'terraza': 4, 'exterior': 3} | vacías: 0 (total: 21)
2026-05-21 07:09:36 [INFO] photo_processor.photo_enhancer — Enviando 21 fotos a KIE.AI (0 con Home Staging por habitación vacía)...
2026-05-21 07:14:23 [INFO] photo_processor.photo_enhancer —   [OK] foto 1 mejorada (salon, empty=False, wide)
2026-05-21 07:14:24 [INFO] photo_processor.photo_enhancer —   [OK] foto 2 mejorada (salon, empty=False, wide)
2026-05-21 07:14:25 [INFO] photo_processor.photo_enhancer —   [OK] foto 3 mejorada (salon, empty=False, wide)
2026-05-21 07:14:26 [INFO] photo_processor.photo_enhancer —   [OK] foto 4 mejorada (salon, empty=False, wide)
2026-05-21 07:14:26 [INFO] photo_processor.photo_enhancer —   [OK] foto 5 mejorada (cocina, empty=False, wide)
2026-05-21 07:14:27 [INFO] photo_processor.photo_enhancer —   [OK] foto 6 mejorada (cocina, empty=False, wide)
2026-05-21 07:14:27 [INFO] photo_processor.photo_enhancer —   [OK] foto 7 mejorada (cocina, empty=False, wide)
2026-05-21 07:14:28 [INFO] photo_processor.photo_enhancer —   [OK] foto 8 mejorada (dormitorio, empty=False, wide)
2026-05-21 07:14:29 [INFO] photo_processor.photo_enhancer —   [OK] foto 9 mejorada (dormitorio, empty=False, wide)
2026-05-21 07:14:29 [INFO] photo_processor.photo_enhancer —   [OK] foto 10 mejorada (dormitorio, empty=False, wide)
2026-05-21 07:14:30 [INFO] photo_processor.photo_enhancer —   [OK] foto 11 mejorada (dormitorio, empty=False, wide)
2026-05-21 07:14:31 [INFO] photo_processor.photo_enhancer —   [OK] foto 12 mejorada (bano, empty=False, wide)
2026-05-21 07:14:31 [INFO] photo_processor.photo_enhancer —   [OK] foto 13 mejorada (bano, empty=False, wide)
2026-05-21 07:14:32 [INFO] photo_processor.photo_enhancer —   [OK] foto 14 mejorada (bano, empty=False, wide)
2026-05-21 07:14:32 [INFO] photo_processor.photo_enhancer —   [OK] foto 15 mejorada (terraza, empty=False, wide)
2026-05-21 07:14:33 [INFO] photo_processor.photo_enhancer —   [OK] foto 16 mejorada (terraza, empty=False, wide)
2026-05-21 07:14:34 [INFO] photo_processor.photo_enhancer —   [OK] foto 17 mejorada (terraza, empty=False, wide)
2026-05-21 07:14:35 [INFO] photo_processor.photo_enhancer —   [OK] foto 18 mejorada (terraza, empty=False, wide)
2026-05-21 07:14:36 [INFO] photo_processor.photo_enhancer —   [OK] foto 19 mejorada (exterior, empty=False, wide)
2026-05-21 07:14:37 [INFO] photo_processor.photo_enhancer —   [OK] foto 20 mejorada (exterior, empty=False, wide)
2026-05-21 07:14:37 [INFO] photo_processor.photo_enhancer —   [OK] foto 21 mejorada (exterior, empty=False, wide)
2026-05-21 07:14:37 [INFO] photo_processor.photo_enhancer — Propiedad 110659138: 21 mejoradas OK | 0 planos | 0 fallback
2026-05-21 07:14:48 [INFO] wordpress.property_publisher —   [WP] Foto 1 subida (media ID 46144)
2026-05-21 07:14:58 [INFO] wordpress.property_publisher —   [WP] Foto 2 subida (media ID 46145)
2026-05-21 07:15:08 [INFO] wordpress.property_publisher —   [WP] Foto 3 subida (media ID 46146)
2026-05-21 07:15:17 [INFO] wordpress.property_publisher —   [WP] Foto 4 subida (media ID 46147)
2026-05-21 07:15:27 [INFO] wordpress.property_publisher —   [WP] Foto 5 subida (media ID 46148)
2026-05-21 07:15:37 [INFO] wordpress.property_publisher —   [WP] Foto 6 subida (media ID 46149)
2026-05-21 07:15:48 [INFO] wordpress.property_publisher —   [WP] Foto 7 subida (media ID 46150)
2026-05-21 07:15:59 [INFO] wordpress.property_publisher —   [WP] Foto 8 subida (media ID 46151)
2026-05-21 07:16:09 [INFO] wordpress.property_publisher —   [WP] Foto 9 subida (media ID 46152)
2026-05-21 07:16:20 [INFO] wordpress.property_publisher —   [WP] Foto 10 subida (media ID 46153)
2026-05-21 07:16:30 [INFO] wordpress.property_publisher —   [WP] Foto 11 subida (media ID 46154)
2026-05-21 07:16:40 [INFO] wordpress.property_publisher —   [WP] Foto 12 subida (media ID 46155)
2026-05-21 07:16:49 [INFO] wordpress.property_publisher —   [WP] Foto 13 subida (media ID 46156)
2026-05-21 07:16:59 [INFO] wordpress.property_publisher —   [WP] Foto 14 subida (media ID 46157)
2026-05-21 07:17:10 [INFO] wordpress.property_publisher —   [WP] Foto 15 subida (media ID 46158)
2026-05-21 07:17:21 [INFO] wordpress.property_publisher —   [WP] Foto 16 subida (media ID 46159)
2026-05-21 07:17:31 [INFO] wordpress.property_publisher —   [WP] Foto 17 subida (media ID 46160)
2026-05-21 07:17:42 [INFO] wordpress.property_publisher —   [WP] Foto 18 subida (media ID 46161)
2026-05-21 07:17:52 [INFO] wordpress.property_publisher —   [WP] Foto 19 subida (media ID 46162)
2026-05-21 07:18:03 [INFO] wordpress.property_publisher —   [WP] Foto 20 subida (media ID 46163)
2026-05-21 07:18:14 [INFO] wordpress.property_publisher —   [WP] Foto 21 subida (media ID 46164)
2026-05-21 07:18:22 [INFO] wordpress.property_publisher — Descripcion reescrita con IA (1904 -> 1278 chars)
2026-05-21 07:18:23 [INFO] wordpress.property_publisher — Propiedad 110659138 creada en WP (ID 46165)
2026-05-21 07:18:42 [INFO] monitor.property_monitor — [REINTENTO OK] 110659138 → wp_post_id=46165
2026-05-21 07:18:42 [INFO] photo_processor.photo_classifier — Clasificando 111 fotos con OpenRouter vision (type+empty+shot)...
2026-05-21 07:19:59 [INFO] photo_processor.photo_classifier — Calculando pHash de 111 fotos para deduplicación...
2026-05-21 07:20:06 [INFO] photo_processor.photo_classifier — Duplicados eliminados por pHash: {'exterior': 1}
2026-05-21 07:20:06 [INFO] photo_processor.photo_classifier — Fotos seleccionadas: {'fachada': 0, 'salon': 4, 'cocina': 3, 'dormitorio': 4, 'bano': 3, 'terraza': 4, 'exterior': 3} | vacías: 0 (total: 21)
2026-05-21 07:20:08 [INFO] photo_processor.photo_enhancer — Enviando 18 fotos a KIE.AI (0 con Home Staging por habitación vacía)...
2026-05-21 07:24:29 [INFO] photo_processor.photo_enhancer —   [OK] foto 1 mejorada (salon, empty=False, wide)
2026-05-21 07:24:30 [INFO] photo_processor.photo_enhancer —   [OK] foto 5 mejorada (cocina, empty=False, wide)
2026-05-21 07:24:30 [INFO] photo_processor.photo_enhancer —   [OK] foto 6 mejorada (cocina, empty=False, wide)
2026-05-21 07:24:31 [INFO] photo_processor.photo_enhancer —   [OK] foto 7 mejorada (cocina, empty=False, wide)
2026-05-21 07:24:32 [INFO] photo_processor.photo_enhancer —   [OK] foto 8 mejorada (dormitorio, empty=False, wide)
2026-05-21 07:24:32 [INFO] photo_processor.photo_enhancer —   [OK] foto 9 mejorada (dormitorio, empty=False, wide)
2026-05-21 07:24:32 [INFO] photo_processor.photo_enhancer —   [OK] foto 10 mejorada (dormitorio, empty=False, wide)
2026-05-21 07:24:33 [INFO] photo_processor.photo_enhancer —   [OK] foto 11 mejorada (dormitorio, empty=False, wide)
2026-05-21 07:24:33 [INFO] photo_processor.photo_enhancer —   [OK] foto 12 mejorada (bano, empty=False, wide)
2026-05-21 07:24:34 [INFO] photo_processor.photo_enhancer —   [OK] foto 13 mejorada (bano, empty=False, wide)
2026-05-21 07:24:35 [INFO] photo_processor.photo_enhancer —   [OK] foto 14 mejorada (bano, empty=False, wide)
2026-05-21 07:24:36 [INFO] photo_processor.photo_enhancer —   [OK] foto 15 mejorada (terraza, empty=False, wide)
2026-05-21 07:24:37 [INFO] photo_processor.photo_enhancer —   [OK] foto 16 mejorada (terraza, empty=False, wide)
2026-05-21 07:24:38 [INFO] photo_processor.photo_enhancer —   [OK] foto 17 mejorada (terraza, empty=False, wide)
2026-05-21 07:24:39 [INFO] photo_processor.photo_enhancer —   [OK] foto 18 mejorada (terraza, empty=False, wide)
2026-05-21 07:24:39 [INFO] photo_processor.photo_enhancer —   [OK] foto 19 mejorada (exterior, empty=False, wide)
2026-05-21 07:24:40 [INFO] photo_processor.photo_enhancer —   [OK] foto 20 mejorada (exterior, empty=False, wide)
2026-05-21 07:24:41 [INFO] photo_processor.photo_enhancer —   [OK] foto 21 mejorada (exterior, empty=False, wide)
2026-05-21 07:24:41 [INFO] photo_processor.photo_enhancer — Propiedad 110097974: 21 mejoradas OK | 0 planos | 0 fallback
2026-05-21 07:24:52 [INFO] wordpress.property_publisher —   [WP] Foto 1 subida (media ID 46167)
2026-05-21 07:25:02 [INFO] wordpress.property_publisher —   [WP] Foto 2 subida (media ID 46168)
2026-05-21 07:25:13 [INFO] wordpress.property_publisher —   [WP] Foto 3 subida (media ID 46169)
2026-05-21 07:25:23 [INFO] wordpress.property_publisher —   [WP] Foto 4 subida (media ID 46170)
2026-05-21 07:25:34 [INFO] wordpress.property_publisher —   [WP] Foto 5 subida (media ID 46171)
2026-05-21 07:25:43 [INFO] wordpress.property_publisher —   [WP] Foto 6 subida (media ID 46172)
2026-05-21 07:25:54 [INFO] wordpress.property_publisher —   [WP] Foto 7 subida (media ID 46173)
2026-05-21 07:26:04 [INFO] wordpress.property_publisher —   [WP] Foto 8 subida (media ID 46174)
2026-05-21 07:26:13 [INFO] wordpress.property_publisher —   [WP] Foto 9 subida (media ID 46175)
2026-05-21 07:26:22 [INFO] wordpress.property_publisher —   [WP] Foto 10 subida (media ID 46176)
2026-05-21 07:26:31 [INFO] wordpress.property_publisher —   [WP] Foto 11 subida (media ID 46177)
2026-05-21 07:26:41 [INFO] wordpress.property_publisher —   [WP] Foto 12 subida (media ID 46178)
2026-05-21 07:26:51 [INFO] wordpress.property_publisher —   [WP] Foto 13 subida (media ID 46179)
2026-05-21 07:27:00 [INFO] wordpress.property_publisher —   [WP] Foto 14 subida (media ID 46180)
2026-05-21 07:27:12 [INFO] wordpress.property_publisher —   [WP] Foto 15 subida (media ID 46181)
2026-05-21 07:27:23 [INFO] wordpress.property_publisher —   [WP] Foto 16 subida (media ID 46182)
2026-05-21 07:27:34 [INFO] wordpress.property_publisher —   [WP] Foto 17 subida (media ID 46183)
2026-05-21 07:27:44 [INFO] wordpress.property_publisher —   [WP] Foto 18 subida (media ID 46184)
2026-05-21 07:27:56 [INFO] wordpress.property_publisher —   [WP] Foto 19 subida (media ID 46185)
2026-05-21 07:28:07 [INFO] wordpress.property_publisher —   [WP] Foto 20 subida (media ID 46186)
2026-05-21 07:28:19 [INFO] wordpress.property_publisher —   [WP] Foto 21 subida (media ID 46187)
2026-05-21 07:28:27 [INFO] wordpress.property_publisher — Descripcion reescrita con IA (2924 -> 1193 chars)
2026-05-21 07:28:28 [INFO] wordpress.property_publisher — Propiedad 110097974 creada en WP (ID 46188)
2026-05-21 07:28:47 [INFO] monitor.property_monitor — [REINTENTO OK] 110097974 → wp_post_id=46188
2026-05-21 07:28:47 [INFO] photo_processor.photo_classifier — Clasificando 48 fotos con OpenRouter vision (type+empty+shot)...
2026-05-21 07:29:20 [INFO] photo_processor.photo_classifier — Calculando pHash de 48 fotos para deduplicación...
2026-05-21 07:29:23 [INFO] photo_processor.photo_classifier — Fotos seleccionadas: {'fachada': 0, 'salon': 4, 'cocina': 3, 'dormitorio': 3, 'bano': 3, 'terraza': 0, 'exterior': 3} | vacías: 4 (total: 16)
2026-05-21 07:29:24 [INFO] photo_processor.photo_enhancer — Enviando 16 fotos a KIE.AI (4 con Home Staging por habitación vacía)...
2026-05-21 07:33:03 [INFO] photo_processor.photo_enhancer —   [OK] foto 1 mejorada (salon, empty=True, wide)
2026-05-21 07:33:04 [INFO] photo_processor.photo_enhancer —   [OK] foto 2 mejorada (salon, empty=True, wide)
2026-05-21 07:33:05 [INFO] photo_processor.photo_enhancer —   [OK] foto 3 mejorada (salon, empty=True, wide)
2026-05-21 07:33:06 [INFO] photo_processor.photo_enhancer —   [OK] foto 4 mejorada (salon, empty=True, wide)
2026-05-21 07:33:07 [INFO] photo_processor.photo_enhancer —   [OK] foto 5 mejorada (cocina, empty=False, wide)
2026-05-21 07:33:07 [INFO] photo_processor.photo_enhancer —   [OK] foto 6 mejorada (cocina, empty=False, wide)
2026-05-21 07:33:08 [INFO] photo_processor.photo_enhancer —   [OK] foto 7 mejorada (cocina, empty=False, wide)
2026-05-21 07:33:08 [INFO] photo_processor.photo_enhancer —   [OK] foto 8 mejorada (dormitorio, empty=False, wide)
2026-05-21 07:33:09 [INFO] photo_processor.photo_enhancer —   [OK] foto 9 mejorada (dormitorio, empty=False, wide)
2026-05-21 07:33:09 [INFO] photo_processor.photo_enhancer —   [OK] foto 10 mejorada (dormitorio, empty=False, wide)
2026-05-21 07:33:10 [INFO] photo_processor.photo_enhancer —   [OK] foto 11 mejorada (bano, empty=False, wide)
2026-05-21 07:33:10 [INFO] photo_processor.photo_enhancer —   [OK] foto 12 mejorada (bano, empty=False, wide)
2026-05-21 07:33:11 [INFO] photo_processor.photo_enhancer —   [OK] foto 13 mejorada (bano, empty=False, wide)
2026-05-21 07:33:12 [INFO] photo_processor.photo_enhancer —   [OK] foto 14 mejorada (exterior, empty=False, wide)
2026-05-21 07:33:13 [INFO] photo_processor.photo_enhancer —   [OK] foto 15 mejorada (exterior, empty=False, wide)
2026-05-21 07:33:14 [INFO] photo_processor.photo_enhancer —   [OK] foto 16 mejorada (exterior, empty=False, wide)
2026-05-21 07:33:14 [INFO] photo_processor.photo_enhancer — Propiedad 97522429: 16 mejoradas OK | 0 planos | 0 fallback
2026-05-21 07:33:24 [INFO] wordpress.property_publisher —   [WP] Foto 1 subida (media ID 46190)
2026-05-21 07:33:33 [INFO] wordpress.property_publisher —   [WP] Foto 2 subida (media ID 46191)
2026-05-21 07:33:42 [INFO] wordpress.property_publisher —   [WP] Foto 3 subida (media ID 46192)
2026-05-21 07:33:52 [INFO] wordpress.property_publisher —   [WP] Foto 4 subida (media ID 46193)
2026-05-21 07:34:01 [INFO] wordpress.property_publisher —   [WP] Foto 5 subida (media ID 46194)
2026-05-21 07:34:04 [INFO] wordpress.property_publisher —   [WP] Foto 6 subida (media ID 46195)
2026-05-21 07:34:06 [INFO] wordpress.property_publisher —   [WP] Foto 7 subida (media ID 46196)
2026-05-21 07:34:09 [INFO] wordpress.property_publisher —   [WP] Foto 8 subida (media ID 46197)
2026-05-21 07:34:12 [INFO] wordpress.property_publisher —   [WP] Foto 9 subida (media ID 46198)
2026-05-21 07:34:22 [INFO] wordpress.property_publisher —   [WP] Foto 10 subida (media ID 46199)
2026-05-21 07:34:30 [INFO] wordpress.property_publisher —   [WP] Foto 11 subida (media ID 46200)
2026-05-21 07:34:40 [INFO] wordpress.property_publisher —   [WP] Foto 12 subida (media ID 46201)
2026-05-21 07:34:50 [INFO] wordpress.property_publisher —   [WP] Foto 13 subida (media ID 46202)
2026-05-21 07:34:59 [INFO] wordpress.property_publisher —   [WP] Foto 14 subida (media ID 46203)
2026-05-21 07:35:08 [INFO] wordpress.property_publisher —   [WP] Foto 15 subida (media ID 46204)
2026-05-21 07:35:17 [INFO] wordpress.property_publisher —   [WP] Foto 16 subida (media ID 46205)
2026-05-21 07:35:24 [INFO] wordpress.property_publisher — Descripcion reescrita con IA (1406 -> 1191 chars)
2026-05-21 07:35:25 [INFO] wordpress.property_publisher — Propiedad 97522429 creada en WP (ID 46206)
2026-05-21 07:35:40 [INFO] monitor.property_monitor — [REINTENTO OK] 97522429 → wp_post_id=46206
2026-05-21 07:35:40 [INFO] photo_processor.photo_classifier — Clasificando 21 fotos con OpenRouter vision (type+empty+shot)...
2026-05-21 07:35:54 [INFO] photo_processor.photo_classifier — Calculando pHash de 21 fotos para deduplicación...
2026-05-21 07:35:56 [INFO] photo_processor.photo_classifier — Fotos seleccionadas: {'fachada': 0, 'salon': 1, 'cocina': 3, 'dormitorio': 4, 'bano': 3, 'terraza': 1, 'exterior': 0} | vacías: 5 (total: 12)
2026-05-21 07:35:56 [INFO] photo_processor.photo_enhancer — Enviando 3 fotos a KIE.AI (0 con Home Staging por habitación vacía)...
2026-05-21 07:37:05 [INFO] photo_processor.photo_enhancer —   [OK] foto 9 mejorada (bano, empty=False, wide)
2026-05-21 07:37:05 [INFO] photo_processor.photo_enhancer —   [OK] foto 10 mejorada (bano, empty=False, wide)
2026-05-21 07:37:06 [INFO] photo_processor.photo_enhancer —   [OK] foto 11 mejorada (bano, empty=False, close)
2026-05-21 07:37:06 [INFO] photo_processor.photo_enhancer — Propiedad 110814373: 12 mejoradas OK | 0 planos | 0 fallback
2026-05-21 07:37:16 [INFO] wordpress.property_publisher —   [WP] Foto 1 subida (media ID 46208)
2026-05-21 07:37:26 [INFO] wordpress.property_publisher —   [WP] Foto 2 subida (media ID 46209)
2026-05-21 07:37:34 [INFO] wordpress.property_publisher —   [WP] Foto 3 subida (media ID 46210)
2026-05-21 07:37:43 [INFO] wordpress.property_publisher —   [WP] Foto 4 subida (media ID 46211)
2026-05-21 07:37:53 [INFO] wordpress.property_publisher —   [WP] Foto 5 subida (media ID 46212)
2026-05-21 07:38:01 [INFO] wordpress.property_publisher —   [WP] Foto 6 subida (media ID 46213)
2026-05-21 07:38:10 [INFO] wordpress.property_publisher —   [WP] Foto 7 subida (media ID 46214)
2026-05-21 07:38:19 [INFO] wordpress.property_publisher —   [WP] Foto 8 subida (media ID 46215)
2026-05-21 07:38:28 [INFO] wordpress.property_publisher —   [WP] Foto 9 subida (media ID 46216)
2026-05-21 07:38:40 [INFO] wordpress.property_publisher —   [WP] Foto 10 subida (media ID 46217)
2026-05-21 07:38:48 [INFO] wordpress.property_publisher —   [WP] Foto 11 subida (media ID 46218)
2026-05-21 07:38:57 [INFO] wordpress.property_publisher —   [WP] Foto 12 subida (media ID 46219)
2026-05-21 07:39:01 [WARNING] wordpress.property_publisher — Error reescribiendo descripción con IA: 402 Client Error: Payment Required for url: https://openrouter.ai/api/v1/chat/completions — usando original
2026-05-21 07:39:02 [INFO] wordpress.property_publisher — Propiedad 110814373 creada en WP (ID 46220)
2026-05-21 07:39:13 [INFO] monitor.property_monitor — [REINTENTO OK] 110814373 → wp_post_id=46220
2026-05-21 07:39:13 [INFO] photo_processor.photo_classifier — Clasificando 38 fotos con OpenRouter vision (type+empty+shot)...
2026-05-21 07:39:13 [WARNING] photo_processor.photo_classifier — Error clasificando foto https://img4.idealista.com/blur/WEB_DETAIL/0/id.pro.es.image.master/9e/ce/c1/137: 402 Client Error: Payment Required for url: https://openrouter.ai/api/v1/chat/completions
2026-05-21 07:39:13 [WARNING] photo_processor.photo_classifier — Error clasificando foto https://img4.idealista.com/blur/WEB_DETAIL/0/id.pro.es.image.master/48/9b/c4/137: 402 Client Error: Payment Required for url: https://openrouter.ai/api/v1/chat/completions
2026-05-21 07:39:13 [WARNING] photo_processor.photo_classifier — Error clasificando foto https://img4.idealista.com/blur/WEB_DETAIL/0/id.pro.es.image.master/2f/e0/ee/137: 402 Client Error: Payment Required for url: https://openrouter.ai/api/v1/chat/completions
2026-05-21 07:39:13 [WARNING] photo_processor.photo_classifier — Error clasificando foto https://img4.idealista.com/blur/WEB_DETAIL/0/id.pro.es.image.master/06/da/bf/137: 402 Client Error: Payment Required for url: https://openrouter.ai/api/v1/chat/completions
2026-05-21 07:39:13 [WARNING] photo_processor.photo_classifier — Error clasificando foto https://img4.idealista.com/blur/WEB_DETAIL/0/id.pro.es.image.master/72/82/b8/137: 402 Client Error: Payment Required for url: https://openrouter.ai/api/v1/chat/completions
2026-05-21 07:39:13 [WARNING] photo_processor.photo_classifier — Error clasificando foto https://img4.idealista.com/blur/WEB_DETAIL/0/id.pro.es.image.master/5b/34/df/137: 402 Client Error: Payment Required for url: https://openrouter.ai/api/v1/chat/completions
2026-05-21 07:39:13 [WARNING] photo_processor.photo_classifier — Error clasificando foto https://img4.idealista.com/blur/WEB_DETAIL/0/id.pro.es.image.master/7f/6f/44/137: 402 Client Error: Payment Required for url: https://openrouter.ai/api/v1/chat/completions
2026-05-21 07:39:13 [WARNING] photo_processor.photo_classifier — Error clasificando foto https://img4.idealista.com/blur/WEB_DETAIL/0/id.pro.es.image.master/40/d1/2e/137: 402 Client Error: Payment Required for url: https://openrouter.ai/api/v1/chat/completions
2026-05-21 07:39:13 [WARNING] photo_processor.photo_classifier — Error clasificando foto https://img4.idealista.com/blur/WEB_DETAIL/0/id.pro.es.image.master/d7/3a/7a/137: 402 Client Error: Payment Required for url: https://openrouter.ai/api/v1/chat/completions
2026-05-21 07:39:14 [WARNING] photo_processor.photo_classifier — Error clasificando foto https://img4.idealista.com/blur/WEB_DETAIL/0/id.pro.es.image.master/20/54/23/137: 402 Client Error: Payment Required for url: https://openrouter.ai/api/v1/chat/completions
2026-05-21 07:39:14 [WARNING] photo_processor.photo_classifier — Error clasificando foto https://img4.idealista.com/blur/WEB_DETAIL/0/id.pro.es.image.master/e4/63/e2/137: 402 Client Error: Payment Required for url: https://openrouter.ai/api/v1/chat/completions
2026-05-21 07:39:14 [WARNING] photo_processor.photo_classifier — Error clasificando foto https://img4.idealista.com/blur/WEB_DETAIL/0/id.pro.es.image.master/27/9a/46/137: 402 Client Error: Payment Required for url: https://openrouter.ai/api/v1/chat/completions
2026-05-21 07:39:14 [WARNING] photo_processor.photo_classifier — Error clasificando foto https://img4.idealista.com/blur/WEB_DETAIL/0/id.pro.es.image.master/6c/bc/a7/137: 402 Client Error: Payment Required for url: https://openrouter.ai/api/v1/chat/completions
2026-05-21 07:39:14 [WARNING] photo_processor.photo_classifier — Error clasificando foto https://img4.idealista.com/blur/WEB_DETAIL/0/id.pro.es.image.master/99/5b/41/137: 402 Client Error: Payment Required for url: https://openrouter.ai/api/v1/chat/completions
2026-05-21 07:39:14 [WARNING] photo_processor.photo_classifier — Error clasificando foto https://img4.idealista.com/blur/WEB_DETAIL/0/id.pro.es.image.master/65/4b/27/137: 402 Client Error: Payment Required for url: https://openrouter.ai/api/v1/chat/completions
2026-05-21 07:39:14 [WARNING] photo_processor.photo_classifier — Error clasificando foto https://img4.idealista.com/blur/WEB_DETAIL/0/id.pro.es.image.master/ee/ea/cb/137: 402 Client Error: Payment Required for url: https://openrouter.ai/api/v1/chat/completions
2026-05-21 07:39:14 [WARNING] photo_processor.photo_classifier — Error clasificando foto https://img4.idealista.com/blur/WEB_DETAIL/0/id.pro.es.image.master/8d/b1/4b/137: 402 Client Error: Payment Required for url: https://openrouter.ai/api/v1/chat/completions
2026-05-21 07:39:14 [WARNING] photo_processor.photo_classifier — Error clasificando foto https://img4.idealista.com/blur/WEB_DETAIL/0/id.pro.es.image.master/aa/e7/c2/137: 402 Client Error: Payment Required for url: https://openrouter.ai/api/v1/chat/completions
2026-05-21 07:39:14 [WARNING] photo_processor.photo_classifier — Error clasificando foto https://img4.idealista.com/blur/WEB_DETAIL/0/id.pro.es.image.master/24/79/9d/137: 402 Client Error: Payment Required for url: https://openrouter.ai/api/v1/chat/completions
2026-05-21 07:39:14 [WARNING] photo_processor.photo_classifier — Error clasificando foto https://img4.idealista.com/blur/WEB_DETAIL/0/id.pro.es.image.master/c9/cc/42/137: 402 Client Error: Payment Required for url: https://openrouter.ai/api/v1/chat/completions
2026-05-21 07:39:14 [WARNING] photo_processor.photo_classifier — Error clasificando foto https://img4.idealista.com/blur/WEB_DETAIL/0/id.pro.es.image.master/b7/00/76/137: 402 Client Error: Payment Required for url: https://openrouter.ai/api/v1/chat/completions
2026-05-21 07:39:14 [WARNING] photo_processor.photo_classifier — Error clasificando foto https://img4.idealista.com/blur/WEB_DETAIL/0/id.pro.es.image.master/e4/10/95/137: 402 Client Error: Payment Required for url: https://openrouter.ai/api/v1/chat/completions
2026-05-21 07:39:14 [WARNING] photo_processor.photo_classifier — Error clasificando foto https://img4.idealista.com/blur/WEB_DETAIL/0/id.pro.es.image.master/7f/93/f8/137: 402 Client Error: Payment Required for url: https://openrouter.ai/api/v1/chat/completions
2026-05-21 07:39:14 [WARNING] photo_processor.photo_classifier — Error clasificando foto https://img4.idealista.com/blur/WEB_DETAIL/0/id.pro.es.image.master/5a/f5/6a/137: 402 Client Error: Payment Required for url: https://openrouter.ai/api/v1/chat/completions
2026-05-21 07:39:14 [WARNING] photo_processor.photo_classifier — Error clasificando foto https://img4.idealista.com/blur/WEB_DETAIL/0/id.pro.es.image.master/b6/ac/bd/137: 402 Client Error: Payment Required for url: https://openrouter.ai/api/v1/chat/completions
2026-05-21 07:39:14 [WARNING] photo_processor.photo_classifier — Error clasificando foto https://img4.idealista.com/blur/WEB_DETAIL/0/id.pro.es.image.master/97/4b/74/137: 402 Client Error: Payment Required for url: https://openrouter.ai/api/v1/chat/completions
2026-05-21 07:39:14 [WARNING] photo_processor.photo_classifier — Error clasificando foto https://img4.idealista.com/blur/WEB_DETAIL/0/id.pro.es.image.master/d9/4f/1e/137: 402 Client Error: Payment Required for url: https://openrouter.ai/api/v1/chat/completions
2026-05-21 07:39:14 [WARNING] photo_processor.photo_classifier — Error clasificando foto https://img4.idealista.com/blur/WEB_DETAIL/90/id.pro.es.image.master/d6/43/74/13: 402 Client Error: Payment Required for url: https://openrouter.ai/api/v1/chat/completions
2026-05-21 07:39:14 [WARNING] photo_processor.photo_classifier — Error clasificando foto https://img4.idealista.com/blur/WEB_DETAIL/0/id.pro.es.image.master/24/c2/25/137: 402 Client Error: Payment Required for url: https://openrouter.ai/api/v1/chat/completions
2026-05-21 07:39:14 [WARNING] photo_processor.photo_classifier — Error clasificando foto https://img4.idealista.com/blur/WEB_DETAIL/0/id.pro.es.image.master/64/c4/4d/137: 402 Client Error: Payment Required for url: https://openrouter.ai/api/v1/chat/completions
2026-05-21 07:39:14 [WARNING] photo_processor.photo_classifier — Error clasificando foto https://img4.idealista.com/blur/WEB_DETAIL/0/id.pro.es.image.master/72/95/37/137: 402 Client Error: Payment Required for url: https://openrouter.ai/api/v1/chat/completions
2026-05-21 07:39:14 [WARNING] photo_processor.photo_classifier — Error clasificando foto https://img4.idealista.com/blur/WEB_DETAIL/0/id.pro.es.image.master/87/d2/16/137: 402 Client Error: Payment Required for url: https://openrouter.ai/api/v1/chat/completions
2026-05-21 07:39:14 [WARNING] photo_processor.photo_classifier — Error clasificando foto https://img4.idealista.com/blur/WEB_DETAIL/0/id.pro.es.image.master/6b/5f/22/137: 402 Client Error: Payment Required for url: https://openrouter.ai/api/v1/chat/completions
2026-05-21 07:39:14 [WARNING] photo_processor.photo_classifier — Error clasificando foto https://img4.idealista.com/blur/WEB_DETAIL/0/id.pro.es.image.master/f2/50/21/137: 402 Client Error: Payment Required for url: https://openrouter.ai/api/v1/chat/completions
2026-05-21 07:39:14 [WARNING] photo_processor.photo_classifier — Error clasificando foto https://img4.idealista.com/blur/WEB_DETAIL/0/id.pro.es.image.master/9e/ae/3b/137: 402 Client Error: Payment Required for url: https://openrouter.ai/api/v1/chat/completions
2026-05-21 07:39:14 [WARNING] photo_processor.photo_classifier — Error clasificando foto https://img4.idealista.com/blur/WEB_DETAIL/0/id.pro.es.video.master/68/fb/28/d_0: 402 Client Error: Payment Required for url: https://openrouter.ai/api/v1/chat/completions
2026-05-21 07:39:14 [WARNING] photo_processor.photo_classifier — Error clasificando foto https://img4.idealista.com/blur/WEB_DETAIL/0/id.pro.es.video.master/90/e1/ac/d_0: 402 Client Error: Payment Required for url: https://openrouter.ai/api/v1/chat/completions
2026-05-21 07:39:14 [WARNING] photo_processor.photo_classifier — Error clasificando foto https://img4.idealista.com/blur/WEB_DETAIL/0/id.pro.es.video.master/48/66/76/d_0: 402 Client Error: Payment Required for url: https://openrouter.ai/api/v1/chat/completions
2026-05-21 07:39:14 [INFO] photo_processor.photo_classifier — Calculando pHash de 38 fotos para deduplicación...
2026-05-21 07:39:16 [INFO] photo_processor.photo_classifier — Fotos seleccionadas: {'fachada': 0, 'salon': 0, 'cocina': 0, 'dormitorio': 0, 'bano': 0, 'terraza': 0, 'exterior': 0} | vacías: 0 (total: 0)
2026-05-21 07:39:16 [WARNING] photo_processor.photo_enhancer — Propiedad 109279679: 0 fotos seleccionadas por el clasificador
2026-05-21 07:39:16 [WARNING] monitor.property_monitor — [SKIP-WP] Propiedad 109279679 no se publica en WP — fotos no procesadas (se reintentará próximo ciclo)
2026-05-21 07:39:16 [WARNING] monitor.property_monitor — [REINTENTO ABORTADO] 109279679 — ver reporte
2026-05-21 07:39:16 [INFO] photo_processor.photo_classifier — Clasificando 22 fotos con OpenRouter vision (type+empty+shot)...
2026-05-21 07:39:16 [WARNING] photo_processor.photo_classifier — Error clasificando foto https://img4.idealista.com/blur/WEB_DETAIL/0/id.pro.es.image.master/bb/b5/96/141: 402 Client Error: Payment Required for url: https://openrouter.ai/api/v1/chat/completions
2026-05-21 07:39:16 [WARNING] photo_processor.photo_classifier — Error clasificando foto https://img4.idealista.com/blur/WEB_DETAIL/0/id.pro.es.image.master/dd/b4/e6/141: 402 Client Error: Payment Required for url: https://openrouter.ai/api/v1/chat/completions
2026-05-21 07:39:16 [WARNING] photo_processor.photo_classifier — Error clasificando foto https://img4.idealista.com/blur/WEB_DETAIL/0/id.pro.es.image.master/14/ca/e6/141: 402 Client Error: Payment Required for url: https://openrouter.ai/api/v1/chat/completions
2026-05-21 07:39:16 [WARNING] photo_processor.photo_classifier — Error clasificando foto https://img4.idealista.com/blur/WEB_DETAIL/0/id.pro.es.image.master/a0/1c/21/141: 402 Client Error: Payment Required for url: https://openrouter.ai/api/v1/chat/completions
2026-05-21 07:39:16 [WARNING] photo_processor.photo_classifier — Error clasificando foto https://img4.idealista.com/blur/WEB_DETAIL/0/id.pro.es.image.master/b9/2d/7a/141: 402 Client Error: Payment Required for url: https://openrouter.ai/api/v1/chat/completions
2026-05-21 07:39:16 [WARNING] photo_processor.photo_classifier — Error clasificando foto https://img4.idealista.com/blur/WEB_DETAIL/0/id.pro.es.image.master/20/78/d4/141: 402 Client Error: Payment Required for url: https://openrouter.ai/api/v1/chat/completions
2026-05-21 07:39:16 [WARNING] photo_processor.photo_classifier — Error clasificando foto https://img4.idealista.com/blur/WEB_DETAIL/0/id.pro.es.image.master/a4/b8/3c/141: 402 Client Error: Payment Required for url: https://openrouter.ai/api/v1/chat/completions
2026-05-21 07:39:16 [WARNING] photo_processor.photo_classifier — Error clasificando foto https://img4.idealista.com/blur/WEB_DETAIL/0/id.pro.es.image.master/52/08/2a/141: 402 Client Error: Payment Required for url: https://openrouter.ai/api/v1/chat/completions
2026-05-21 07:39:16 [WARNING] photo_processor.photo_classifier — Error clasificando foto https://img4.idealista.com/blur/WEB_DETAIL/0/id.pro.es.image.master/28/71/6e/141: 402 Client Error: Payment Required for url: https://openrouter.ai/api/v1/chat/completions
2026-05-21 07:39:16 [WARNING] photo_processor.photo_classifier — Error clasificando foto https://img4.idealista.com/blur/WEB_DETAIL/0/id.pro.es.image.master/5c/90/b8/141: 402 Client Error: Payment Required for url: https://openrouter.ai/api/v1/chat/completions
2026-05-21 07:39:16 [WARNING] photo_processor.photo_classifier — Error clasificando foto https://img4.idealista.com/blur/WEB_DETAIL/0/id.pro.es.image.master/8b/93/f0/141: 402 Client Error: Payment Required for url: https://openrouter.ai/api/v1/chat/completions
2026-05-21 07:39:17 [WARNING] photo_processor.photo_classifier — Error clasificando foto https://img4.idealista.com/blur/WEB_DETAIL/0/id.pro.es.image.master/84/f8/82/141: 402 Client Error: Payment Required for url: https://openrouter.ai/api/v1/chat/completions
2026-05-21 07:39:17 [WARNING] photo_processor.photo_classifier — Error clasificando foto https://img4.idealista.com/blur/WEB_DETAIL/0/id.pro.es.image.master/5d/5d/e1/141: 402 Client Error: Payment Required for url: https://openrouter.ai/api/v1/chat/completions
2026-05-21 07:39:17 [WARNING] photo_processor.photo_classifier — Error clasificando foto https://img4.idealista.com/blur/WEB_DETAIL/0/id.pro.es.image.master/b1/fd/5b/141: 402 Client Error: Payment Required for url: https://openrouter.ai/api/v1/chat/completions
2026-05-21 07:39:17 [WARNING] photo_processor.photo_classifier — Error clasificando foto https://img4.idealista.com/blur/WEB_DETAIL/0/id.pro.es.image.master/19/1a/92/141: 402 Client Error: Payment Required for url: https://openrouter.ai/api/v1/chat/completions
2026-05-21 07:39:17 [WARNING] photo_processor.photo_classifier — Error clasificando foto https://img4.idealista.com/blur/WEB_DETAIL/0/id.pro.es.image.master/48/1b/dc/141: 402 Client Error: Payment Required for url: https://openrouter.ai/api/v1/chat/completions
2026-05-21 07:39:17 [WARNING] photo_processor.photo_classifier — Error clasificando foto https://img4.idealista.com/blur/WEB_DETAIL/0/id.pro.es.image.master/f0/a5/6e/141: 402 Client Error: Payment Required for url: https://openrouter.ai/api/v1/chat/completions
2026-05-21 07:39:17 [WARNING] photo_processor.photo_classifier — Error clasificando foto https://img4.idealista.com/blur/WEB_DETAIL/0/id.pro.es.image.master/16/94/36/141: 402 Client Error: Payment Required for url: https://openrouter.ai/api/v1/chat/completions
2026-05-21 07:39:17 [WARNING] photo_processor.photo_classifier — Error clasificando foto https://img4.idealista.com/blur/WEB_DETAIL/0/id.pro.es.video.master/80/9b/c5/d_0: 402 Client Error: Payment Required for url: https://openrouter.ai/api/v1/chat/completions
2026-05-21 07:39:17 [WARNING] photo_processor.photo_classifier — Error clasificando foto https://img4.idealista.com/blur/WEB_DETAIL/0/id.pro.es.image.master/3e/b3/96/141: 402 Client Error: Payment Required for url: https://openrouter.ai/api/v1/chat/completions
2026-05-21 07:39:17 [WARNING] photo_processor.photo_classifier — Error clasificando foto https://img4.idealista.com/blur/WEB_DETAIL/0/id.pro.es.image.master/5e/2f/a8/141: 402 Client Error: Payment Required for url: https://openrouter.ai/api/v1/chat/completions
2026-05-21 07:39:17 [WARNING] photo_processor.photo_classifier — Error clasificando foto https://img4.idealista.com/blur/WEB_DETAIL/0/id.pro.es.image.master/00/2c/4f/141: 402 Client Error: Payment Required for url: https://openrouter.ai/api/v1/chat/completions
2026-05-21 07:39:17 [INFO] photo_processor.photo_classifier — Calculando pHash de 22 fotos para deduplicación...
2026-05-21 07:39:18 [INFO] photo_processor.photo_classifier — Fotos seleccionadas: {'fachada': 0, 'salon': 0, 'cocina': 0, 'dormitorio': 0, 'bano': 0, 'terraza': 0, 'exterior': 0} | vacías: 0 (total: 0)
2026-05-21 07:39:18 [WARNING] photo_processor.photo_enhancer — Propiedad 110922785: 0 fotos seleccionadas por el clasificador
2026-05-21 07:39:18 [WARNING] monitor.property_monitor — [SKIP-WP] Propiedad 110922785 no se publica en WP — fotos no procesadas (se reintentará próximo ciclo)
2026-05-21 07:39:18 [WARNING] monitor.property_monitor — [REINTENTO ABORTADO] 110922785 — ver reporte
2026-05-21 07:39:18 [INFO] photo_processor.photo_classifier — Clasificando 61 fotos con OpenRouter vision (type+empty+shot)...
2026-05-21 07:39:19 [WARNING] photo_processor.photo_classifier — Error clasificando foto https://img4.idealista.com/blur/WEB_DETAIL/0/id.pro.es.image.master/91/e0/62/132: 402 Client Error: Payment Required for url: https://openrouter.ai/api/v1/chat/completions
2026-05-21 07:39:19 [WARNING] photo_processor.photo_classifier — Error clasificando foto https://img4.idealista.com/blur/WEB_DETAIL/0/id.pro.es.image.master/de/a1/e6/132: 402 Client Error: Payment Required for url: https://openrouter.ai/api/v1/chat/completions
2026-05-21 07:39:19 [WARNING] photo_processor.photo_classifier — Error clasificando foto https://img4.idealista.com/blur/WEB_DETAIL/0/id.pro.es.image.master/c3/e8/f9/132: 402 Client Error: Payment Required for url: https://openrouter.ai/api/v1/chat/completions
2026-05-21 07:39:19 [WARNING] photo_processor.photo_classifier — Error clasificando foto https://img4.idealista.com/blur/WEB_DETAIL/0/id.pro.es.image.master/b5/11/b6/132: 402 Client Error: Payment Required for url: https://openrouter.ai/api/v1/chat/completions
2026-05-21 07:39:19 [WARNING] photo_processor.photo_classifier — Error clasificando foto https://img4.idealista.com/blur/WEB_DETAIL/0/id.pro.es.image.master/cc/38/a9/132: 402 Client Error: Payment Required for url: https://openrouter.ai/api/v1/chat/completions
2026-05-21 07:39:19 [WARNING] photo_processor.photo_classifier — Error clasificando foto https://img4.idealista.com/blur/WEB_DETAIL/0/id.pro.es.image.master/2b/22/c7/132: 402 Client Error: Payment Required for url: https://openrouter.ai/api/v1/chat/completions
2026-05-21 07:39:19 [WARNING] photo_processor.photo_classifier — Error clasificando foto https://img4.idealista.com/blur/WEB_DETAIL/0/id.pro.es.image.master/ae/0f/ab/132: 402 Client Error: Payment Required for url: https://openrouter.ai/api/v1/chat/completions
2026-05-21 07:39:19 [WARNING] photo_processor.photo_classifier — Error clasificando foto https://img4.idealista.com/blur/WEB_DETAIL/0/id.pro.es.image.master/15/eb/9e/132: 402 Client Error: Payment Required for url: https://openrouter.ai/api/v1/chat/completions
2026-05-21 07:39:19 [WARNING] photo_processor.photo_classifier — Error clasificando foto https://img4.idealista.com/blur/WEB_DETAIL/0/id.pro.es.image.master/90/a5/5d/132: 402 Client Error: Payment Required for url: https://openrouter.ai/api/v1/chat/completions
2026-05-21 07:39:19 [WARNING] photo_processor.photo_classifier — Error clasificando foto https://img4.idealista.com/blur/WEB_DETAIL/0/id.pro.es.image.master/0b/31/47/132: 402 Client Error: Payment Required for url: https://openrouter.ai/api/v1/chat/completions
2026-05-21 07:39:19 [WARNING] photo_processor.photo_classifier — Error clasificando foto https://img4.idealista.com/blur/WEB_DETAIL/0/id.pro.es.image.master/61/10/8c/132: 402 Client Error: Payment Required for url: https://openrouter.ai/api/v1/chat/completions
2026-05-21 07:39:19 [WARNING] photo_processor.photo_classifier — Error clasificando foto https://img4.idealista.com/blur/WEB_DETAIL/0/id.pro.es.image.master/3f/55/3e/132: 402 Client Error: Payment Required for url: https://openrouter.ai/api/v1/chat/completions
2026-05-21 07:39:19 [WARNING] photo_processor.photo_classifier — Error clasificando foto https://img4.idealista.com/blur/WEB_DETAIL/0/id.pro.es.image.master/3c/42/5c/132: 402 Client Error: Payment Required for url: https://openrouter.ai/api/v1/chat/completions
2026-05-21 07:39:19 [WARNING] photo_processor.photo_classifier — Error clasificando foto https://img4.idealista.com/blur/WEB_DETAIL/0/id.pro.es.image.master/59/a5/97/132: 402 Client Error: Payment Required for url: https://openrouter.ai/api/v1/chat/completions
2026-05-21 07:39:19 [WARNING] photo_processor.photo_classifier — Error clasificando foto https://img4.idealista.com/blur/WEB_DETAIL/0/id.pro.es.image.master/e2/e0/ec/132: 402 Client Error: Payment Required for url: https://openrouter.ai/api/v1/chat/completions
2026-05-21 07:39:19 [WARNING] photo_processor.photo_classifier — Error clasificando foto https://img4.idealista.com/blur/WEB_DETAIL/0/id.pro.es.image.master/97/0d/cf/132: 402 Client Error: Payment Required for url: https://openrouter.ai/api/v1/chat/completions
2026-05-21 07:39:19 [WARNING] photo_processor.photo_classifier — Error clasificando foto https://img4.idealista.com/blur/WEB_DETAIL/0/id.pro.es.image.master/4c/7a/9e/132: 402 Client Error: Payment Required for url: https://openrouter.ai/api/v1/chat/completions
2026-05-21 07:39:19 [WARNING] photo_processor.photo_classifier — Error clasificando foto https://img4.idealista.com/blur/WEB_DETAIL/0/id.pro.es.image.master/d4/d3/65/132: 402 Client Error: Payment Required for url: https://openrouter.ai/api/v1/chat/completions
2026-05-21 07:39:19 [WARNING] photo_processor.photo_classifier — Error clasificando foto https://img4.idealista.com/blur/WEB_DETAIL/0/id.pro.es.image.master/4b/b6/b1/132: 402 Client Error: Payment Required for url: https://openrouter.ai/api/v1/chat/completions
2026-05-21 07:39:19 [WARNING] photo_processor.photo_classifier — Error clasificando foto https://img4.idealista.com/blur/WEB_DETAIL/0/id.pro.es.image.master/21/a0/e8/132: 402 Client Error: Payment Required for url: https://openrouter.ai/api/v1/chat/completions
2026-05-21 07:39:19 [WARNING] photo_processor.photo_classifier — Error clasificando foto https://img4.idealista.com/blur/WEB_DETAIL/0/id.pro.es.image.master/16/22/64/132: 402 Client Error: Payment Required for url: https://openrouter.ai/api/v1/chat/completions
2026-05-21 07:39:19 [WARNING] photo_processor.photo_classifier — Error clasificando foto https://img4.idealista.com/blur/WEB_DETAIL/0/id.pro.es.image.master/e6/f7/0f/132: 402 Client Error: Payment Required for url: https://openrouter.ai/api/v1/chat/completions
2026-05-21 07:39:19 [WARNING] photo_processor.photo_classifier — Error clasificando foto https://img4.idealista.com/blur/WEB_DETAIL/0/id.pro.es.image.master/d7/fb/46/132: 402 Client Error: Payment Required for url: https://openrouter.ai/api/v1/chat/completions
2026-05-21 07:39:19 [WARNING] photo_processor.photo_classifier — Error clasificando foto https://img4.idealista.com/blur/WEB_DETAIL/0/id.pro.es.image.master/4a/6a/36/132: 402 Client Error: Payment Required for url: https://openrouter.ai/api/v1/chat/completions
2026-05-21 07:39:19 [WARNING] photo_processor.photo_classifier — Error clasificando foto https://img4.idealista.com/blur/WEB_DETAIL/0/id.pro.es.image.master/1c/6a/f1/132: 402 Client Error: Payment Required for url: https://openrouter.ai/api/v1/chat/completions
2026-05-21 07:39:19 [WARNING] photo_processor.photo_classifier — Error clasificando foto https://img4.idealista.com/blur/WEB_DETAIL/0/id.pro.es.image.master/10/4b/a0/132: 402 Client Error: Payment Required for url: https://openrouter.ai/api/v1/chat/completions
2026-05-21 07:39:19 [WARNING] photo_processor.photo_classifier — Error clasificando foto https://img4.idealista.com/blur/WEB_DETAIL/0/id.pro.es.image.master/3a/fa/b5/132: 402 Client Error: Payment Required for url: https://openrouter.ai/api/v1/chat/completions
2026-05-21 07:39:19 [WARNING] photo_processor.photo_classifier — Error clasificando foto https://img4.idealista.com/blur/WEB_DETAIL/0/id.pro.es.image.master/b4/81/5d/132: 402 Client Error: Payment Required for url: https://openrouter.ai/api/v1/chat/completions
2026-05-21 07:39:19 [WARNING] photo_processor.photo_classifier — Error clasificando foto https://img4.idealista.com/blur/WEB_DETAIL/0/id.pro.es.image.master/13/74/74/132: 402 Client Error: Payment Required for url: https://openrouter.ai/api/v1/chat/completions
2026-05-21 07:39:19 [WARNING] photo_processor.photo_classifier — Error clasificando foto https://img4.idealista.com/blur/WEB_DETAIL/0/id.pro.es.image.master/f0/50/f6/132: 402 Client Error: Payment Required for url: https://openrouter.ai/api/v1/chat/completions
2026-05-21 07:39:19 [WARNING] photo_processor.photo_classifier — Error clasificando foto https://img4.idealista.com/blur/WEB_DETAIL/0/id.pro.es.image.master/5d/1f/1e/132: 402 Client Error: Payment Required for url: https://openrouter.ai/api/v1/chat/completions
2026-05-21 07:39:19 [WARNING] photo_processor.photo_classifier — Error clasificando foto https://img4.idealista.com/blur/WEB_DETAIL/0/id.pro.es.image.master/3d/ae/8c/132: 402 Client Error: Payment Required for url: https://openrouter.ai/api/v1/chat/completions
2026-05-21 07:39:19 [WARNING] photo_processor.photo_classifier — Error clasificando foto https://img4.idealista.com/blur/WEB_DETAIL/0/id.pro.es.image.master/69/f1/83/132: 402 Client Error: Payment Required for url: https://openrouter.ai/api/v1/chat/completions
2026-05-21 07:39:19 [WARNING] photo_processor.photo_classifier — Error clasificando foto https://img4.idealista.com/blur/WEB_DETAIL/0/id.pro.es.image.master/c1/1a/a6/132: 402 Client Error: Payment Required for url: https://openrouter.ai/api/v1/chat/completions
2026-05-21 07:39:19 [WARNING] photo_processor.photo_classifier — Error clasificando foto https://img4.idealista.com/blur/WEB_DETAIL/0/id.pro.es.image.master/1e/6f/c2/132: 402 Client Error: Payment Required for url: https://openrouter.ai/api/v1/chat/completions
2026-05-21 07:39:19 [WARNING] photo_processor.photo_classifier — Error clasificando foto https://img4.idealista.com/blur/WEB_DETAIL/0/id.pro.es.image.master/37/0f/a3/132: 402 Client Error: Payment Required for url: https://openrouter.ai/api/v1/chat/completions
2026-05-21 07:39:19 [WARNING] photo_processor.photo_classifier — Error clasificando foto https://img4.idealista.com/blur/WEB_DETAIL/0/id.pro.es.image.master/cf/ef/43/132: 402 Client Error: Payment Required for url: https://openrouter.ai/api/v1/chat/completions
2026-05-21 07:39:19 [WARNING] photo_processor.photo_classifier — Error clasificando foto https://img4.idealista.com/blur/WEB_DETAIL/0/id.pro.es.image.master/df/f1/91/132: 402 Client Error: Payment Required for url: https://openrouter.ai/api/v1/chat/completions
2026-05-21 07:39:19 [WARNING] photo_processor.photo_classifier — Error clasificando foto https://img4.idealista.com/blur/WEB_DETAIL/0/id.pro.es.image.master/2c/a3/48/132: 402 Client Error: Payment Required for url: https://openrouter.ai/api/v1/chat/completions
2026-05-21 07:39:19 [WARNING] photo_processor.photo_classifier — Error clasificando foto https://img4.idealista.com/blur/WEB_DETAIL/0/id.pro.es.image.master/30/28/82/132: 402 Client Error: Payment Required for url: https://openrouter.ai/api/v1/chat/completions
2026-05-21 07:39:19 [WARNING] photo_processor.photo_classifier — Error clasificando foto https://img4.idealista.com/blur/WEB_DETAIL/0/id.pro.es.image.master/f8/4e/21/132: 402 Client Error: Payment Required for url: https://openrouter.ai/api/v1/chat/completions
2026-05-21 07:39:19 [WARNING] photo_processor.photo_classifier — Error clasificando foto https://img4.idealista.com/blur/WEB_DETAIL/0/id.pro.es.image.master/0b/73/00/132: 402 Client Error: Payment Required for url: https://openrouter.ai/api/v1/chat/completions
2026-05-21 07:39:19 [WARNING] photo_processor.photo_classifier — Error clasificando foto https://img4.idealista.com/blur/WEB_DETAIL/0/id.pro.es.image.master/95/6b/6f/132: 402 Client Error: Payment Required for url: https://openrouter.ai/api/v1/chat/completions
2026-05-21 07:39:19 [WARNING] photo_processor.photo_classifier — Error clasificando foto https://img4.idealista.com/blur/WEB_DETAIL/0/id.pro.es.image.master/c0/be/27/132: 402 Client Error: Payment Required for url: https://openrouter.ai/api/v1/chat/completions
2026-05-21 07:39:19 [WARNING] photo_processor.photo_classifier — Error clasificando foto https://img4.idealista.com/blur/WEB_DETAIL/0/id.pro.es.image.master/28/aa/db/132: 402 Client Error: Payment Required for url: https://openrouter.ai/api/v1/chat/completions
2026-05-21 07:39:19 [WARNING] photo_processor.photo_classifier — Error clasificando foto https://img4.idealista.com/blur/WEB_DETAIL/0/id.pro.es.image.master/16/61/13/132: 402 Client Error: Payment Required for url: https://openrouter.ai/api/v1/chat/completions
2026-05-21 07:39:19 [WARNING] photo_processor.photo_classifier — Error clasificando foto https://img4.idealista.com/blur/WEB_DETAIL/0/id.pro.es.image.master/3a/39/71/132: 402 Client Error: Payment Required for url: https://openrouter.ai/api/v1/chat/completions
2026-05-21 07:39:19 [WARNING] photo_processor.photo_classifier — Error clasificando foto https://img4.idealista.com/blur/WEB_DETAIL/0/id.pro.es.image.master/1d/42/29/132: 402 Client Error: Payment Required for url: https://openrouter.ai/api/v1/chat/completions
2026-05-21 07:39:20 [WARNING] photo_processor.photo_classifier — Error clasificando foto https://img4.idealista.com/blur/WEB_DETAIL/0/id.pro.es.image.master/6b/f4/4c/132: 402 Client Error: Payment Required for url: https://openrouter.ai/api/v1/chat/completions
2026-05-21 07:39:20 [WARNING] photo_processor.photo_classifier — Error clasificando foto https://img4.idealista.com/blur/WEB_DETAIL/0/id.pro.es.image.master/2e/f1/a8/132: 402 Client Error: Payment Required for url: https://openrouter.ai/api/v1/chat/completions
2026-05-21 07:39:20 [WARNING] photo_processor.photo_classifier — Error clasificando foto https://img4.idealista.com/blur/WEB_DETAIL/0/id.pro.es.image.master/d7/a2/40/132: 402 Client Error: Payment Required for url: https://openrouter.ai/api/v1/chat/completions
2026-05-21 07:39:20 [WARNING] photo_processor.photo_classifier — Error clasificando foto https://img4.idealista.com/blur/WEB_DETAIL/0/id.pro.es.image.master/87/c6/45/132: 402 Client Error: Payment Required for url: https://openrouter.ai/api/v1/chat/completions
2026-05-21 07:39:20 [WARNING] photo_processor.photo_classifier — Error clasificando foto https://img4.idealista.com/blur/WEB_DETAIL/0/id.pro.es.image.master/19/5a/5e/132: 402 Client Error: Payment Required for url: https://openrouter.ai/api/v1/chat/completions
2026-05-21 07:39:20 [WARNING] photo_processor.photo_classifier — Error clasificando foto https://img4.idealista.com/blur/WEB_DETAIL/0/id.pro.es.image.master/25/3f/0b/132: 402 Client Error: Payment Required for url: https://openrouter.ai/api/v1/chat/completions
2026-05-21 07:39:20 [WARNING] photo_processor.photo_classifier — Error clasificando foto https://img4.idealista.com/blur/WEB_DETAIL/0/id.pro.es.image.master/d3/50/a7/132: 402 Client Error: Payment Required for url: https://openrouter.ai/api/v1/chat/completions
2026-05-21 07:39:20 [WARNING] photo_processor.photo_classifier — Error clasificando foto https://img4.idealista.com/blur/WEB_DETAIL/0/id.pro.es.image.master/04/d1/83/132: 402 Client Error: Payment Required for url: https://openrouter.ai/api/v1/chat/completions
2026-05-21 07:39:20 [WARNING] photo_processor.photo_classifier — Error clasificando foto https://img4.idealista.com/blur/WEB_DETAIL/0/id.pro.es.image.master/6f/db/4f/132: 402 Client Error: Payment Required for url: https://openrouter.ai/api/v1/chat/completions
2026-05-21 07:39:20 [WARNING] photo_processor.photo_classifier — Error clasificando foto https://img4.idealista.com/blur/WEB_DETAIL/0/id.pro.es.image.master/b9/c0/ec/132: 402 Client Error: Payment Required for url: https://openrouter.ai/api/v1/chat/completions
2026-05-21 07:39:20 [WARNING] photo_processor.photo_classifier — Error clasificando foto https://img4.idealista.com/blur/WEB_DETAIL/0/id.pro.es.video.master/d3/3a/03/d_0: 402 Client Error: Payment Required for url: https://openrouter.ai/api/v1/chat/completions
2026-05-21 07:39:20 [WARNING] photo_processor.photo_classifier — Error clasificando foto https://img4.idealista.com/blur/WEB_DETAIL/0/id.pro.es.image.master/b5/fc/2a/132: 402 Client Error: Payment Required for url: https://openrouter.ai/api/v1/chat/completions
2026-05-21 07:39:20 [WARNING] photo_processor.photo_classifier — Error clasificando foto https://img4.idealista.com/blur/WEB_DETAIL/0/id.pro.es.image.master/dc/42/7a/132: 402 Client Error: Payment Required for url: https://openrouter.ai/api/v1/chat/completions
2026-05-21 07:39:20 [INFO] photo_processor.photo_classifier — Calculando pHash de 61 fotos para deduplicación...
2026-05-21 07:39:25 [INFO] photo_processor.photo_classifier — Fotos seleccionadas: {'fachada': 0, 'salon': 0, 'cocina': 0, 'dormitorio': 0, 'bano': 0, 'terraza': 0, 'exterior': 0} | vacías: 0 (total: 0)
2026-05-21 07:39:25 [WARNING] photo_processor.photo_enhancer — Propiedad 107685699: 0 fotos seleccionadas por el clasificador
2026-05-21 07:39:25 [WARNING] monitor.property_monitor — [SKIP-WP] Propiedad 107685699 no se publica en WP — fotos no procesadas (se reintentará próximo ciclo)
2026-05-21 07:39:25 [WARNING] monitor.property_monitor — [REINTENTO ABORTADO] 107685699 — ver reporte
2026-05-21 07:39:25 [INFO] photo_processor.photo_classifier — Clasificando 34 fotos con OpenRouter vision (type+empty+shot)...
2026-05-21 07:39:25 [WARNING] photo_processor.photo_classifier — Error clasificando foto https://img4.idealista.com/blur/WEB_DETAIL/0/id.pro.es.image.master/86/7c/ee/141: 402 Client Error: Payment Required for url: https://openrouter.ai/api/v1/chat/completions
2026-05-21 07:39:25 [WARNING] photo_processor.photo_classifier — Error clasificando foto https://img4.idealista.com/blur/WEB_DETAIL/0/id.pro.es.image.master/9b/d6/2e/141: 402 Client Error: Payment Required for url: https://openrouter.ai/api/v1/chat/completions
2026-05-21 07:39:25 [WARNING] photo_processor.photo_classifier — Error clasificando foto https://img4.idealista.com/blur/WEB_DETAIL/0/id.pro.es.image.master/70/7f/be/141: 402 Client Error: Payment Required for url: https://openrouter.ai/api/v1/chat/completions
2026-05-21 07:39:25 [WARNING] photo_processor.photo_classifier — Error clasificando foto https://img4.idealista.com/blur/WEB_DETAIL/0/id.pro.es.image.master/24/4b/63/141: 402 Client Error: Payment Required for url: https://openrouter.ai/api/v1/chat/completions
2026-05-21 07:39:25 [WARNING] photo_processor.photo_classifier — Error clasificando foto https://img4.idealista.com/blur/WEB_DETAIL/0/id.pro.es.image.master/42/11/f3/141: 402 Client Error: Payment Required for url: https://openrouter.ai/api/v1/chat/completions
2026-05-21 07:39:25 [WARNING] photo_processor.photo_classifier — Error clasificando foto https://img4.idealista.com/blur/WEB_DETAIL/0/id.pro.es.image.master/63/c9/21/141: 402 Client Error: Payment Required for url: https://openrouter.ai/api/v1/chat/completions
2026-05-21 07:39:25 [WARNING] photo_processor.photo_classifier — Error clasificando foto https://img4.idealista.com/blur/WEB_DETAIL/0/id.pro.es.image.master/24/0d/70/141: 402 Client Error: Payment Required for url: https://openrouter.ai/api/v1/chat/completions
2026-05-21 07:39:25 [WARNING] photo_processor.photo_classifier — Error clasificando foto https://img4.idealista.com/blur/WEB_DETAIL/0/id.pro.es.image.master/5e/fc/50/141: 402 Client Error: Payment Required for url: https://openrouter.ai/api/v1/chat/completions
2026-05-21 07:39:25 [WARNING] photo_processor.photo_classifier — Error clasificando foto https://img4.idealista.com/blur/WEB_DETAIL/0/id.pro.es.image.master/35/f9/e3/141: 402 Client Error: Payment Required for url: https://openrouter.ai/api/v1/chat/completions
2026-05-21 07:39:25 [WARNING] photo_processor.photo_classifier — Error clasificando foto https://img4.idealista.com/blur/WEB_DETAIL/0/id.pro.es.image.master/6a/05/65/141: 402 Client Error: Payment Required for url: https://openrouter.ai/api/v1/chat/completions
2026-05-21 07:39:25 [WARNING] photo_processor.photo_classifier — Error clasificando foto https://img4.idealista.com/blur/WEB_DETAIL/0/id.pro.es.image.master/7e/62/29/141: 402 Client Error: Payment Required for url: https://openrouter.ai/api/v1/chat/completions
2026-05-21 07:39:25 [WARNING] photo_processor.photo_classifier — Error clasificando foto https://img4.idealista.com/blur/WEB_DETAIL/0/id.pro.es.image.master/8d/66/e7/141: 402 Client Error: Payment Required for url: https://openrouter.ai/api/v1/chat/completions
2026-05-21 07:39:25 [WARNING] photo_processor.photo_classifier — Error clasificando foto https://img4.idealista.com/blur/WEB_DETAIL/0/id.pro.es.image.master/2b/a8/75/141: 402 Client Error: Payment Required for url: https://openrouter.ai/api/v1/chat/completions
2026-05-21 07:39:25 [WARNING] photo_processor.photo_classifier — Error clasificando foto https://img4.idealista.com/blur/WEB_DETAIL/0/id.pro.es.image.master/7e/9e/89/141: 402 Client Error: Payment Required for url: https://openrouter.ai/api/v1/chat/completions
2026-05-21 07:39:25 [WARNING] photo_processor.photo_classifier — Error clasificando foto https://img4.idealista.com/blur/WEB_DETAIL/0/id.pro.es.image.master/ec/47/01/141: 402 Client Error: Payment Required for url: https://openrouter.ai/api/v1/chat/completions
2026-05-21 07:39:25 [WARNING] photo_processor.photo_classifier — Error clasificando foto https://img4.idealista.com/blur/WEB_DETAIL/0/id.pro.es.image.master/db/71/83/141: 402 Client Error: Payment Required for url: https://openrouter.ai/api/v1/chat/completions
2026-05-21 07:39:25 [WARNING] photo_processor.photo_classifier — Error clasificando foto https://img4.idealista.com/blur/WEB_DETAIL/0/id.pro.es.image.master/28/4c/b1/141: 402 Client Error: Payment Required for url: https://openrouter.ai/api/v1/chat/completions
2026-05-21 07:39:25 [WARNING] photo_processor.photo_classifier — Error clasificando foto https://img4.idealista.com/blur/WEB_DETAIL/0/id.pro.es.image.master/8b/26/04/141: 402 Client Error: Payment Required for url: https://openrouter.ai/api/v1/chat/completions
2026-05-21 07:39:25 [WARNING] photo_processor.photo_classifier — Error clasificando foto https://img4.idealista.com/blur/WEB_DETAIL/0/id.pro.es.image.master/07/29/b4/141: 402 Client Error: Payment Required for url: https://openrouter.ai/api/v1/chat/completions
2026-05-21 07:39:25 [WARNING] photo_processor.photo_classifier — Error clasificando foto https://img4.idealista.com/blur/WEB_DETAIL/0/id.pro.es.image.master/ea/2b/12/141: 402 Client Error: Payment Required for url: https://openrouter.ai/api/v1/chat/completions
2026-05-21 07:39:25 [WARNING] photo_processor.photo_classifier — Error clasificando foto https://img4.idealista.com/blur/WEB_DETAIL/0/id.pro.es.image.master/2e/de/d8/141: 402 Client Error: Payment Required for url: https://openrouter.ai/api/v1/chat/completions
2026-05-21 07:39:25 [WARNING] photo_processor.photo_classifier — Error clasificando foto https://img4.idealista.com/blur/WEB_DETAIL/90/id.pro.es.image.master/ea/04/f6/14: 402 Client Error: Payment Required for url: https://openrouter.ai/api/v1/chat/completions
2026-05-21 07:39:25 [WARNING] photo_processor.photo_classifier — Error clasificando foto https://img4.idealista.com/blur/WEB_DETAIL/0/id.pro.es.image.master/de/7e/3a/141: 402 Client Error: Payment Required for url: https://openrouter.ai/api/v1/chat/completions
2026-05-21 07:39:26 [WARNING] photo_processor.photo_classifier — Error clasificando foto https://img4.idealista.com/blur/WEB_DETAIL/90/id.pro.es.image.master/79/31/f8/14: 402 Client Error: Payment Required for url: https://openrouter.ai/api/v1/chat/completions
2026-05-21 07:39:26 [WARNING] photo_processor.photo_classifier — Error clasificando foto https://img4.idealista.com/blur/WEB_DETAIL/0/id.pro.es.image.master/9c/7f/02/141: 402 Client Error: Payment Required for url: https://openrouter.ai/api/v1/chat/completions
2026-05-21 07:39:26 [WARNING] photo_processor.photo_classifier — Error clasificando foto https://img4.idealista.com/blur/WEB_DETAIL/0/id.pro.es.image.master/b8/eb/b4/141: 402 Client Error: Payment Required for url: https://openrouter.ai/api/v1/chat/completions
2026-05-21 07:39:26 [WARNING] photo_processor.photo_classifier — Error clasificando foto https://img4.idealista.com/blur/WEB_DETAIL/0/id.pro.es.image.master/c4/0a/c8/141: 402 Client Error: Payment Required for url: https://openrouter.ai/api/v1/chat/completions
2026-05-21 07:39:26 [WARNING] photo_processor.photo_classifier — Error clasificando foto https://img4.idealista.com/blur/WEB_DETAIL/0/id.pro.es.image.master/f2/e5/5a/141: 402 Client Error: Payment Required for url: https://openrouter.ai/api/v1/chat/completions
2026-05-21 07:39:26 [WARNING] photo_processor.photo_classifier — Error clasificando foto https://img4.idealista.com/blur/WEB_DETAIL/0/id.pro.es.image.master/dd/4f/d1/141: 402 Client Error: Payment Required for url: https://openrouter.ai/api/v1/chat/completions
2026-05-21 07:39:26 [WARNING] photo_processor.photo_classifier — Error clasificando foto https://img4.idealista.com/blur/WEB_DETAIL/0/id.pro.es.video.master/a0/dc/4c/d_0: 402 Client Error: Payment Required for url: https://openrouter.ai/api/v1/chat/completions
2026-05-21 07:39:26 [WARNING] photo_processor.photo_classifier — Error clasificando foto https://img4.idealista.com/blur/WEB_DETAIL/0/id.pro.es.image.master/b1/3f/94/141: 402 Client Error: Payment Required for url: https://openrouter.ai/api/v1/chat/completions
2026-05-21 07:39:26 [WARNING] photo_processor.photo_classifier — Error clasificando foto https://img4.idealista.com/blur/WEB_DETAIL/0/id.pro.es.image.master/b8/c1/eb/141: 402 Client Error: Payment Required for url: https://openrouter.ai/api/v1/chat/completions
2026-05-21 07:39:26 [WARNING] photo_processor.photo_classifier — Error clasificando foto https://img4.idealista.com/blur/WEB_DETAIL/0/id.pro.es.image.master/5d/e2/33/141: 402 Client Error: Payment Required for url: https://openrouter.ai/api/v1/chat/completions
2026-05-21 07:39:26 [WARNING] photo_processor.photo_classifier — Error clasificando foto https://img4.idealista.com/blur/WEB_DETAIL/0/id.pro.es.video.master/6d/58/7d/d_0: 402 Client Error: Payment Required for url: https://openrouter.ai/api/v1/chat/completions
2026-05-21 07:39:26 [INFO] photo_processor.photo_classifier — Calculando pHash de 34 fotos para deduplicación...
2026-05-21 07:39:28 [INFO] photo_processor.photo_classifier — Fotos seleccionadas: {'fachada': 0, 'salon': 0, 'cocina': 0, 'dormitorio': 0, 'bano': 0, 'terraza': 0, 'exterior': 0} | vacías: 0 (total: 0)
2026-05-21 07:39:28 [WARNING] photo_processor.photo_enhancer — Propiedad 110729569: 0 fotos seleccionadas por el clasificador
2026-05-21 07:39:28 [WARNING] monitor.property_monitor — [SKIP-WP] Propiedad 110729569 no se publica en WP — fotos no procesadas (se reintentará próximo ciclo)
2026-05-21 07:39:28 [WARNING] monitor.property_monitor — [REINTENTO ABORTADO] 110729569 — ver reporte
2026-05-21 07:39:28 [INFO] photo_processor.photo_classifier — Clasificando 30 fotos con OpenRouter vision (type+empty+shot)...
2026-05-21 07:39:28 [WARNING] photo_processor.photo_classifier — Error clasificando foto https://img4.idealista.com/blur/WEB_DETAIL/0/id.pro.es.image.master/41/85/1a/137: 402 Client Error: Payment Required for url: https://openrouter.ai/api/v1/chat/completions
2026-05-21 07:39:28 [WARNING] photo_processor.photo_classifier — Error clasificando foto https://img4.idealista.com/blur/WEB_DETAIL/0/id.pro.es.image.master/6b/f1/49/137: 402 Client Error: Payment Required for url: https://openrouter.ai/api/v1/chat/completions
2026-05-21 07:39:28 [WARNING] photo_processor.photo_classifier — Error clasificando foto https://img4.idealista.com/blur/WEB_DETAIL/0/id.pro.es.image.master/a3/6f/29/137: 402 Client Error: Payment Required for url: https://openrouter.ai/api/v1/chat/completions
2026-05-21 07:39:29 [WARNING] photo_processor.photo_classifier — Error clasificando foto https://img4.idealista.com/blur/WEB_DETAIL/0/id.pro.es.image.master/be/f6/0f/137: 402 Client Error: Payment Required for url: https://openrouter.ai/api/v1/chat/completions
2026-05-21 07:39:29 [WARNING] photo_processor.photo_classifier — Error clasificando foto https://img4.idealista.com/blur/WEB_DETAIL/0/id.pro.es.image.master/5a/1f/00/137: 402 Client Error: Payment Required for url: https://openrouter.ai/api/v1/chat/completions
2026-05-21 07:39:29 [WARNING] photo_processor.photo_classifier — Error clasificando foto https://img4.idealista.com/blur/WEB_DETAIL/0/id.pro.es.image.master/83/12/a1/137: 402 Client Error: Payment Required for url: https://openrouter.ai/api/v1/chat/completions
2026-05-21 07:39:29 [WARNING] photo_processor.photo_classifier — Error clasificando foto https://img4.idealista.com/blur/WEB_DETAIL/0/id.pro.es.image.master/f8/97/6f/137: 402 Client Error: Payment Required for url: https://openrouter.ai/api/v1/chat/completions
2026-05-21 07:39:29 [WARNING] photo_processor.photo_classifier — Error clasificando foto https://img4.idealista.com/blur/WEB_DETAIL/0/id.pro.es.image.master/18/43/ca/137: 402 Client Error: Payment Required for url: https://openrouter.ai/api/v1/chat/completions
2026-05-21 07:39:29 [WARNING] photo_processor.photo_classifier — Error clasificando foto https://img4.idealista.com/blur/WEB_DETAIL/0/id.pro.es.image.master/7e/51/9f/137: 402 Client Error: Payment Required for url: https://openrouter.ai/api/v1/chat/completions
2026-05-21 07:39:29 [WARNING] photo_processor.photo_classifier — Error clasificando foto https://img4.idealista.com/blur/WEB_DETAIL/0/id.pro.es.image.master/ee/f4/18/137: 402 Client Error: Payment Required for url: https://openrouter.ai/api/v1/chat/completions
2026-05-21 07:39:29 [WARNING] photo_processor.photo_classifier — Error clasificando foto https://img4.idealista.com/blur/WEB_DETAIL/0/id.pro.es.image.master/79/6f/e5/137: 402 Client Error: Payment Required for url: https://openrouter.ai/api/v1/chat/completions
2026-05-21 07:39:29 [WARNING] photo_processor.photo_classifier — Error clasificando foto https://img4.idealista.com/blur/WEB_DETAIL/0/id.pro.es.image.master/90/2e/05/137: 402 Client Error: Payment Required for url: https://openrouter.ai/api/v1/chat/completions
2026-05-21 07:39:29 [WARNING] photo_processor.photo_classifier — Error clasificando foto https://img4.idealista.com/blur/WEB_DETAIL/0/id.pro.es.image.master/bc/c0/82/137: 402 Client Error: Payment Required for url: https://openrouter.ai/api/v1/chat/completions
2026-05-21 07:39:29 [WARNING] photo_processor.photo_classifier — Error clasificando foto https://img4.idealista.com/blur/WEB_DETAIL/0/id.pro.es.image.master/c8/46/3f/137: 402 Client Error: Payment Required for url: https://openrouter.ai/api/v1/chat/completions
2026-05-21 07:39:29 [WARNING] photo_processor.photo_classifier — Error clasificando foto https://img4.idealista.com/blur/WEB_DETAIL/0/id.pro.es.image.master/be/56/67/137: 402 Client Error: Payment Required for url: https://openrouter.ai/api/v1/chat/completions
2026-05-21 07:39:29 [WARNING] photo_processor.photo_classifier — Error clasificando foto https://img4.idealista.com/blur/WEB_DETAIL/0/id.pro.es.image.master/d7/ae/ec/137: 402 Client Error: Payment Required for url: https://openrouter.ai/api/v1/chat/completions
2026-05-21 07:39:29 [WARNING] photo_processor.photo_classifier — Error clasificando foto https://img4.idealista.com/blur/WEB_DETAIL/0/id.pro.es.image.master/e3/04/01/137: 402 Client Error: Payment Required for url: https://openrouter.ai/api/v1/chat/completions
2026-05-21 07:39:29 [WARNING] photo_processor.photo_classifier — Error clasificando foto https://img4.idealista.com/blur/WEB_DETAIL/0/id.pro.es.image.master/10/19/69/137: 402 Client Error: Payment Required for url: https://openrouter.ai/api/v1/chat/completions
2026-05-21 07:39:29 [WARNING] photo_processor.photo_classifier — Error clasificando foto https://img4.idealista.com/blur/WEB_DETAIL/0/id.pro.es.image.master/c4/df/db/137: 402 Client Error: Payment Required for url: https://openrouter.ai/api/v1/chat/completions
2026-05-21 07:39:29 [WARNING] photo_processor.photo_classifier — Error clasificando foto https://img4.idealista.com/blur/WEB_DETAIL/0/id.pro.es.image.master/d2/dd/49/137: 402 Client Error: Payment Required for url: https://openrouter.ai/api/v1/chat/completions
2026-05-21 07:39:29 [WARNING] photo_processor.photo_classifier — Error clasificando foto https://img4.idealista.com/blur/WEB_DETAIL/0/id.pro.es.image.master/53/5f/d7/137: 402 Client Error: Payment Required for url: https://openrouter.ai/api/v1/chat/completions
2026-05-21 07:39:29 [WARNING] photo_processor.photo_classifier — Error clasificando foto https://img4.idealista.com/blur/WEB_DETAIL/0/id.pro.es.image.master/31/bf/3d/137: 402 Client Error: Payment Required for url: https://openrouter.ai/api/v1/chat/completions
2026-05-21 07:39:29 [WARNING] photo_processor.photo_classifier — Error clasificando foto https://img4.idealista.com/blur/WEB_DETAIL/90/id.pro.es.image.master/51/e1/07/13: 402 Client Error: Payment Required for url: https://openrouter.ai/api/v1/chat/completions
2026-05-21 07:39:29 [WARNING] photo_processor.photo_classifier — Error clasificando foto https://img4.idealista.com/blur/WEB_DETAIL/0/id.pro.es.image.master/f6/1d/60/137: 402 Client Error: Payment Required for url: https://openrouter.ai/api/v1/chat/completions
2026-05-21 07:39:29 [WARNING] photo_processor.photo_classifier — Error clasificando foto https://img4.idealista.com/blur/WEB_DETAIL/0/id.pro.es.image.master/d9/c4/64/137: 402 Client Error: Payment Required for url: https://openrouter.ai/api/v1/chat/completions
2026-05-21 07:39:29 [WARNING] photo_processor.photo_classifier — Error clasificando foto https://img4.idealista.com/blur/WEB_DETAIL/0/id.pro.es.image.master/6e/8e/c7/137: 402 Client Error: Payment Required for url: https://openrouter.ai/api/v1/chat/completions
2026-05-21 07:39:29 [WARNING] photo_processor.photo_classifier — Error clasificando foto https://img4.idealista.com/blur/WEB_DETAIL/0/id.pro.es.image.master/27/d9/e1/137: 402 Client Error: Payment Required for url: https://openrouter.ai/api/v1/chat/completions
2026-05-21 07:39:29 [WARNING] photo_processor.photo_classifier — Error clasificando foto https://img4.idealista.com/blur/WEB_DETAIL/0/id.pro.es.video.master/8b/82/7d/d_0: 402 Client Error: Payment Required for url: https://openrouter.ai/api/v1/chat/completions
2026-05-21 07:39:29 [WARNING] photo_processor.photo_classifier — Error clasificando foto https://img4.idealista.com/blur/WEB_DETAIL/0/id.pro.es.image.master/28/e7/d0/137: 402 Client Error: Payment Required for url: https://openrouter.ai/api/v1/chat/completions
2026-05-21 07:39:30 [WARNING] photo_processor.photo_classifier — Error clasificando foto https://img4.idealista.com/blur/WEB_DETAIL/0/id.pro.es.image.master/4c/11/3e/137: 402 Client Error: Payment Required for url: https://openrouter.ai/api/v1/chat/completions
2026-05-21 07:39:30 [INFO] photo_processor.photo_classifier — Calculando pHash de 30 fotos para deduplicación...
2026-05-21 07:39:32 [INFO] photo_processor.photo_classifier — Fotos seleccionadas: {'fachada': 0, 'salon': 0, 'cocina': 0, 'dormitorio': 0, 'bano': 0, 'terraza': 0, 'exterior': 0} | vacías: 0 (total: 0)
2026-05-21 07:39:32 [WARNING] photo_processor.photo_enhancer — Propiedad 109454426: 0 fotos seleccionadas por el clasificador
2026-05-21 07:39:32 [WARNING] monitor.property_monitor — [SKIP-WP] Propiedad 109454426 no se publica en WP — fotos no procesadas (se reintentará próximo ciclo)
2026-05-21 07:39:32 [WARNING] monitor.property_monitor — [REINTENTO ABORTADO] 109454426 — ver reporte
2026-05-21 07:39:32 [INFO] photo_processor.photo_classifier — Clasificando 63 fotos con OpenRouter vision (type+empty+shot)...
2026-05-21 07:39:32 [WARNING] photo_processor.photo_classifier — Error clasificando foto https://img4.idealista.com/blur/WEB_DETAIL/0/id.pro.es.image.master/dc/d3/00/142: 402 Client Error: Payment Required for url: https://openrouter.ai/api/v1/chat/completions
2026-05-21 07:39:32 [WARNING] photo_processor.photo_classifier — Error clasificando foto https://img4.idealista.com/blur/WEB_DETAIL/0/id.pro.es.image.master/3f/cf/0a/142: 402 Client Error: Payment Required for url: https://openrouter.ai/api/v1/chat/completions
2026-05-21 07:39:32 [WARNING] photo_processor.photo_classifier — Error clasificando foto https://img4.idealista.com/blur/WEB_DETAIL/0/id.pro.es.image.master/3b/55/66/142: 402 Client Error: Payment Required for url: https://openrouter.ai/api/v1/chat/completions
2026-05-21 07:39:32 [WARNING] photo_processor.photo_classifier — Error clasificando foto https://img4.idealista.com/blur/WEB_DETAIL/0/id.pro.es.image.master/a8/42/5b/142: 402 Client Error: Payment Required for url: https://openrouter.ai/api/v1/chat/completions
2026-05-21 07:39:32 [WARNING] photo_processor.photo_classifier — Error clasificando foto https://img4.idealista.com/blur/WEB_DETAIL/0/id.pro.es.image.master/32/e1/3a/136: 402 Client Error: Payment Required for url: https://openrouter.ai/api/v1/chat/completions
2026-05-21 07:39:32 [WARNING] photo_processor.photo_classifier — Error clasificando foto https://img4.idealista.com/blur/WEB_DETAIL/0/id.pro.es.image.master/dd/74/e2/135: 402 Client Error: Payment Required for url: https://openrouter.ai/api/v1/chat/completions
2026-05-21 07:39:32 [WARNING] photo_processor.photo_classifier — Error clasificando foto https://img4.idealista.com/blur/WEB_DETAIL/0/id.pro.es.image.master/0e/5e/af/135: 402 Client Error: Payment Required for url: https://openrouter.ai/api/v1/chat/completions
2026-05-21 07:39:32 [WARNING] photo_processor.photo_classifier — Error clasificando foto https://img4.idealista.com/blur/WEB_DETAIL/0/id.pro.es.image.master/6d/62/95/135: 402 Client Error: Payment Required for url: https://openrouter.ai/api/v1/chat/completions
2026-05-21 07:39:32 [WARNING] photo_processor.photo_classifier — Error clasificando foto https://img4.idealista.com/blur/WEB_DETAIL/0/id.pro.es.image.master/20/2f/79/135: 402 Client Error: Payment Required for url: https://openrouter.ai/api/v1/chat/completions
2026-05-21 07:39:32 [WARNING] photo_processor.photo_classifier — Error clasificando foto https://img4.idealista.com/blur/WEB_DETAIL/0/id.pro.es.image.master/8b/cf/86/136: 402 Client Error: Payment Required for url: https://openrouter.ai/api/v1/chat/completions
2026-05-21 07:39:32 [WARNING] photo_processor.photo_classifier — Error clasificando foto https://img4.idealista.com/blur/WEB_DETAIL/0/id.pro.es.image.master/f5/04/4c/135: 402 Client Error: Payment Required for url: https://openrouter.ai/api/v1/chat/completions
2026-05-21 07:39:32 [WARNING] photo_processor.photo_classifier — Error clasificando foto https://img4.idealista.com/blur/WEB_DETAIL/0/id.pro.es.image.master/eb/14/3b/135: 402 Client Error: Payment Required for url: https://openrouter.ai/api/v1/chat/completions
2026-05-21 07:39:32 [WARNING] photo_processor.photo_classifier — Error clasificando foto https://img4.idealista.com/blur/WEB_DETAIL/0/id.pro.es.image.master/db/56/2a/142: 402 Client Error: Payment Required for url: https://openrouter.ai/api/v1/chat/completions
2026-05-21 07:39:32 [WARNING] photo_processor.photo_classifier — Error clasificando foto https://img4.idealista.com/blur/WEB_DETAIL/0/id.pro.es.image.master/2b/ca/22/136: 402 Client Error: Payment Required for url: https://openrouter.ai/api/v1/chat/completions
2026-05-21 07:39:32 [WARNING] photo_processor.photo_classifier — Error clasificando foto https://img4.idealista.com/blur/WEB_DETAIL/0/id.pro.es.image.master/e8/de/85/142: 402 Client Error: Payment Required for url: https://openrouter.ai/api/v1/chat/completions
2026-05-21 07:39:32 [WARNING] photo_processor.photo_classifier — Error clasificando foto https://img4.idealista.com/blur/WEB_DETAIL/0/id.pro.es.image.master/0d/48/ef/135: 402 Client Error: Payment Required for url: https://openrouter.ai/api/v1/chat/completions
2026-05-21 07:39:32 [WARNING] photo_processor.photo_classifier — Error clasificando foto https://img4.idealista.com/blur/WEB_DETAIL/0/id.pro.es.image.master/57/8f/2b/135: 402 Client Error: Payment Required for url: https://openrouter.ai/api/v1/chat/completions
2026-05-21 07:39:32 [WARNING] photo_processor.photo_classifier — Error clasificando foto https://img4.idealista.com/blur/WEB_DETAIL/0/id.pro.es.image.master/84/da/63/135: 402 Client Error: Payment Required for url: https://openrouter.ai/api/v1/chat/completions
2026-05-21 07:39:32 [WARNING] photo_processor.photo_classifier — Error clasificando foto https://img4.idealista.com/blur/WEB_DETAIL/0/id.pro.es.image.master/17/7d/90/136: 402 Client Error: Payment Required for url: https://openrouter.ai/api/v1/chat/completions
2026-05-21 07:39:32 [WARNING] photo_processor.photo_classifier — Error clasificando foto https://img4.idealista.com/blur/WEB_DETAIL/0/id.pro.es.image.master/b0/a6/8a/135: 402 Client Error: Payment Required for url: https://openrouter.ai/api/v1/chat/completions
2026-05-21 07:39:32 [WARNING] photo_processor.photo_classifier — Error clasificando foto https://img4.idealista.com/blur/WEB_DETAIL/0/id.pro.es.image.master/4d/23/18/135: 402 Client Error: Payment Required for url: https://openrouter.ai/api/v1/chat/completions
2026-05-21 07:39:32 [WARNING] photo_processor.photo_classifier — Error clasificando foto https://img4.idealista.com/blur/WEB_DETAIL/0/id.pro.es.image.master/2d/00/28/135: 402 Client Error: Payment Required for url: https://openrouter.ai/api/v1/chat/completions
2026-05-21 07:39:32 [WARNING] photo_processor.photo_classifier — Error clasificando foto https://img4.idealista.com/blur/WEB_DETAIL/0/id.pro.es.image.master/e9/5d/73/135: 402 Client Error: Payment Required for url: https://openrouter.ai/api/v1/chat/completions
2026-05-21 07:39:32 [WARNING] photo_processor.photo_classifier — Error clasificando foto https://img4.idealista.com/blur/WEB_DETAIL/0/id.pro.es.image.master/b5/70/8e/135: 402 Client Error: Payment Required for url: https://openrouter.ai/api/v1/chat/completions
2026-05-21 07:39:32 [WARNING] photo_processor.photo_classifier — Error clasificando foto https://img4.idealista.com/blur/WEB_DETAIL/0/id.pro.es.image.master/17/1c/30/135: 402 Client Error: Payment Required for url: https://openrouter.ai/api/v1/chat/completions
2026-05-21 07:39:32 [WARNING] photo_processor.photo_classifier — Error clasificando foto https://img4.idealista.com/blur/WEB_DETAIL/0/id.pro.es.image.master/4f/b6/11/135: 402 Client Error: Payment Required for url: https://openrouter.ai/api/v1/chat/completions
2026-05-21 07:39:32 [WARNING] photo_processor.photo_classifier — Error clasificando foto https://img4.idealista.com/blur/WEB_DETAIL/0/id.pro.es.image.master/0d/56/dc/135: 402 Client Error: Payment Required for url: https://openrouter.ai/api/v1/chat/completions
2026-05-21 07:39:32 [WARNING] photo_processor.photo_classifier — Error clasificando foto https://img4.idealista.com/blur/WEB_DETAIL/0/id.pro.es.image.master/7c/81/8d/135: 402 Client Error: Payment Required for url: https://openrouter.ai/api/v1/chat/completions
2026-05-21 07:39:32 [WARNING] photo_processor.photo_classifier — Error clasificando foto https://img4.idealista.com/blur/WEB_DETAIL/0/id.pro.es.image.master/e5/55/f1/135: 402 Client Error: Payment Required for url: https://openrouter.ai/api/v1/chat/completions
2026-05-21 07:39:32 [WARNING] photo_processor.photo_classifier — Error clasificando foto https://img4.idealista.com/blur/WEB_DETAIL/0/id.pro.es.image.master/17/61/8f/135: 402 Client Error: Payment Required for url: https://openrouter.ai/api/v1/chat/completions
2026-05-21 07:39:32 [WARNING] photo_processor.photo_classifier — Error clasificando foto https://img4.idealista.com/blur/WEB_DETAIL/0/id.pro.es.image.master/4c/19/b7/135: 402 Client Error: Payment Required for url: https://openrouter.ai/api/v1/chat/completions
2026-05-21 07:39:32 [WARNING] photo_processor.photo_classifier — Error clasificando foto https://img4.idealista.com/blur/WEB_DETAIL/0/id.pro.es.image.master/ec/b7/01/135: 402 Client Error: Payment Required for url: https://openrouter.ai/api/v1/chat/completions
2026-05-21 07:39:32 [WARNING] photo_processor.photo_classifier — Error clasificando foto https://img4.idealista.com/blur/WEB_DETAIL/0/id.pro.es.image.master/5c/ab/7c/135: 402 Client Error: Payment Required for url: https://openrouter.ai/api/v1/chat/completions
2026-05-21 07:39:32 [WARNING] photo_processor.photo_classifier — Error clasificando foto https://img4.idealista.com/blur/WEB_DETAIL/0/id.pro.es.image.master/0f/f2/ed/135: 402 Client Error: Payment Required for url: https://openrouter.ai/api/v1/chat/completions
2026-05-21 07:39:32 [WARNING] photo_processor.photo_classifier — Error clasificando foto https://img4.idealista.com/blur/WEB_DETAIL/0/id.pro.es.image.master/b9/99/36/135: 402 Client Error: Payment Required for url: https://openrouter.ai/api/v1/chat/completions
2026-05-21 07:39:32 [WARNING] photo_processor.photo_classifier — Error clasificando foto https://img4.idealista.com/blur/WEB_DETAIL/0/id.pro.es.image.master/f7/7d/96/135: 402 Client Error: Payment Required for url: https://openrouter.ai/api/v1/chat/completions
2026-05-21 07:39:32 [WARNING] photo_processor.photo_classifier — Error clasificando foto https://img4.idealista.com/blur/WEB_DETAIL/0/id.pro.es.image.master/b5/2a/92/135: 402 Client Error: Payment Required for url: https://openrouter.ai/api/v1/chat/completions
2026-05-21 07:39:32 [WARNING] photo_processor.photo_classifier — Error clasificando foto https://img4.idealista.com/blur/WEB_DETAIL/0/id.pro.es.image.master/16/32/cf/135: 402 Client Error: Payment Required for url: https://openrouter.ai/api/v1/chat/completions
2026-05-21 07:39:32 [WARNING] photo_processor.photo_classifier — Error clasificando foto https://img4.idealista.com/blur/WEB_DETAIL/0/id.pro.es.image.master/e9/36/91/135: 402 Client Error: Payment Required for url: https://openrouter.ai/api/v1/chat/completions
2026-05-21 07:39:32 [WARNING] photo_processor.photo_classifier — Error clasificando foto https://img4.idealista.com/blur/WEB_DETAIL/0/id.pro.es.image.master/1a/51/b8/135: 402 Client Error: Payment Required for url: https://openrouter.ai/api/v1/chat/completions
2026-05-21 07:39:32 [WARNING] photo_processor.photo_classifier — Error clasificando foto https://img4.idealista.com/blur/WEB_DETAIL/0/id.pro.es.image.master/6f/67/e2/135: 402 Client Error: Payment Required for url: https://openrouter.ai/api/v1/chat/completions
2026-05-21 07:39:32 [WARNING] photo_processor.photo_classifier — Error clasificando foto https://img4.idealista.com/blur/WEB_DETAIL/0/id.pro.es.image.master/6e/42/a4/135: 402 Client Error: Payment Required for url: https://openrouter.ai/api/v1/chat/completions
2026-05-21 07:39:32 [WARNING] photo_processor.photo_classifier — Error clasificando foto https://img4.idealista.com/blur/WEB_DETAIL/0/id.pro.es.image.master/a5/36/b5/135: 402 Client Error: Payment Required for url: https://openrouter.ai/api/v1/chat/completions
2026-05-21 07:39:32 [WARNING] photo_processor.photo_classifier — Error clasificando foto https://img4.idealista.com/blur/WEB_DETAIL/0/id.pro.es.image.master/f6/55/bc/135: 402 Client Error: Payment Required for url: https://openrouter.ai/api/v1/chat/completions
2026-05-21 07:39:32 [WARNING] photo_processor.photo_classifier — Error clasificando foto https://img4.idealista.com/blur/WEB_DETAIL/0/id.pro.es.image.master/4b/2d/97/135: 402 Client Error: Payment Required for url: https://openrouter.ai/api/v1/chat/completions
2026-05-21 07:39:32 [WARNING] photo_processor.photo_classifier — Error clasificando foto https://img4.idealista.com/blur/WEB_DETAIL/0/id.pro.es.image.master/77/96/57/135: 402 Client Error: Payment Required for url: https://openrouter.ai/api/v1/chat/completions
2026-05-21 07:39:32 [WARNING] photo_processor.photo_classifier — Error clasificando foto https://img4.idealista.com/blur/WEB_DETAIL/0/id.pro.es.image.master/43/22/77/135: 402 Client Error: Payment Required for url: https://openrouter.ai/api/v1/chat/completions
2026-05-21 07:39:32 [WARNING] photo_processor.photo_classifier — Error clasificando foto https://img4.idealista.com/blur/WEB_DETAIL/0/id.pro.es.image.master/8b/27/03/135: 402 Client Error: Payment Required for url: https://openrouter.ai/api/v1/chat/completions
2026-05-21 07:39:32 [WARNING] photo_processor.photo_classifier — Error clasificando foto https://img4.idealista.com/blur/WEB_DETAIL/0/id.pro.es.image.master/6c/cc/68/135: 402 Client Error: Payment Required for url: https://openrouter.ai/api/v1/chat/completions
2026-05-21 07:39:32 [WARNING] photo_processor.photo_classifier — Error clasificando foto https://img4.idealista.com/blur/WEB_DETAIL/0/id.pro.es.image.master/ea/8c/84/135: 402 Client Error: Payment Required for url: https://openrouter.ai/api/v1/chat/completions
2026-05-21 07:39:33 [WARNING] photo_processor.photo_classifier — Error clasificando foto https://img4.idealista.com/blur/WEB_DETAIL/0/id.pro.es.image.master/f4/e2/95/135: 402 Client Error: Payment Required for url: https://openrouter.ai/api/v1/chat/completions
2026-05-21 07:39:33 [WARNING] photo_processor.photo_classifier — Error clasificando foto https://img4.idealista.com/blur/WEB_DETAIL/0/id.pro.es.image.master/34/29/3b/135: 402 Client Error: Payment Required for url: https://openrouter.ai/api/v1/chat/completions
2026-05-21 07:39:33 [WARNING] photo_processor.photo_classifier — Error clasificando foto https://img4.idealista.com/blur/WEB_DETAIL/0/id.pro.es.image.master/0c/e4/3f/135: 402 Client Error: Payment Required for url: https://openrouter.ai/api/v1/chat/completions
2026-05-21 07:39:33 [WARNING] photo_processor.photo_classifier — Error clasificando foto https://img4.idealista.com/blur/WEB_DETAIL/0/id.pro.es.image.master/5d/a1/93/135: 402 Client Error: Payment Required for url: https://openrouter.ai/api/v1/chat/completions
2026-05-21 07:39:33 [WARNING] photo_processor.photo_classifier — Error clasificando foto https://img4.idealista.com/blur/WEB_DETAIL/0/id.pro.es.image.master/04/6a/e4/135: 402 Client Error: Payment Required for url: https://openrouter.ai/api/v1/chat/completions
2026-05-21 07:39:33 [WARNING] photo_processor.photo_classifier — Error clasificando foto https://img4.idealista.com/blur/WEB_DETAIL/0/id.pro.es.image.master/73/84/84/135: 402 Client Error: Payment Required for url: https://openrouter.ai/api/v1/chat/completions
2026-05-21 07:39:33 [WARNING] photo_processor.photo_classifier — Error clasificando foto https://img4.idealista.com/blur/WEB_DETAIL/0/id.pro.es.image.master/9b/7a/a0/135: 402 Client Error: Payment Required for url: https://openrouter.ai/api/v1/chat/completions
2026-05-21 07:39:33 [WARNING] photo_processor.photo_classifier — Error clasificando foto https://img4.idealista.com/blur/WEB_DETAIL/0/id.pro.es.image.master/f2/15/7c/135: 402 Client Error: Payment Required for url: https://openrouter.ai/api/v1/chat/completions
2026-05-21 07:39:33 [WARNING] photo_processor.photo_classifier — Error clasificando foto https://img4.idealista.com/blur/WEB_DETAIL/0/id.pro.es.image.master/32/65/5a/135: 402 Client Error: Payment Required for url: https://openrouter.ai/api/v1/chat/completions
2026-05-21 07:39:33 [WARNING] photo_processor.photo_classifier — Error clasificando foto https://img4.idealista.com/blur/WEB_DETAIL/0/id.pro.es.image.master/cf/2f/ab/135: 402 Client Error: Payment Required for url: https://openrouter.ai/api/v1/chat/completions
2026-05-21 07:39:33 [WARNING] photo_processor.photo_classifier — Error clasificando foto https://img4.idealista.com/blur/WEB_DETAIL/0/id.pro.es.video.master/c0/ee/26/d_0: 402 Client Error: Payment Required for url: https://openrouter.ai/api/v1/chat/completions
2026-05-21 07:39:33 [WARNING] photo_processor.photo_classifier — Error clasificando foto https://img4.idealista.com/blur/WEB_DETAIL/0/id.pro.es.video.master/82/bc/39/d_0: 402 Client Error: Payment Required for url: https://openrouter.ai/api/v1/chat/completions
2026-05-21 07:39:33 [WARNING] photo_processor.photo_classifier — Error clasificando foto https://img4.idealista.com/blur/WEB_DETAIL/0/id.pro.es.image.master/23/14/67/135: 402 Client Error: Payment Required for url: https://openrouter.ai/api/v1/chat/completions
2026-05-21 07:39:33 [INFO] photo_processor.photo_classifier — Calculando pHash de 63 fotos para deduplicación...
2026-05-21 07:39:38 [INFO] photo_processor.photo_classifier — Fotos seleccionadas: {'fachada': 0, 'salon': 0, 'cocina': 0, 'dormitorio': 0, 'bano': 0, 'terraza': 0, 'exterior': 0} | vacías: 0 (total: 0)
2026-05-21 07:39:38 [WARNING] photo_processor.photo_enhancer — Propiedad 108901397: 0 fotos seleccionadas por el clasificador
2026-05-21 07:39:38 [WARNING] monitor.property_monitor — [SKIP-WP] Propiedad 108901397 no se publica en WP — fotos no procesadas (se reintentará próximo ciclo)
2026-05-21 07:39:38 [WARNING] monitor.property_monitor — [REINTENTO ABORTADO] 108901397 — ver reporte
2026-05-21 07:39:38 [INFO] photo_processor.photo_classifier — Clasificando 9 fotos con OpenRouter vision (type+empty+shot)...
2026-05-21 07:39:38 [WARNING] photo_processor.photo_classifier — Error clasificando foto https://img4.idealista.com/blur/WEB_DETAIL/0/id.pro.es.image.master/fc/2a/37/141: 402 Client Error: Payment Required for url: https://openrouter.ai/api/v1/chat/completions
2026-05-21 07:39:38 [WARNING] photo_processor.photo_classifier — Error clasificando foto https://img4.idealista.com/blur/WEB_DETAIL/0/id.pro.es.image.master/89/3d/65/141: 402 Client Error: Payment Required for url: https://openrouter.ai/api/v1/chat/completions
2026-05-21 07:39:38 [WARNING] photo_processor.photo_classifier — Error clasificando foto https://img4.idealista.com/blur/WEB_DETAIL/0/id.pro.es.image.master/4b/1f/55/141: 402 Client Error: Payment Required for url: https://openrouter.ai/api/v1/chat/completions
2026-05-21 07:39:38 [WARNING] photo_processor.photo_classifier — Error clasificando foto https://img4.idealista.com/blur/WEB_DETAIL/0/id.pro.es.image.master/ed/1c/d3/141: 402 Client Error: Payment Required for url: https://openrouter.ai/api/v1/chat/completions
2026-05-21 07:39:38 [WARNING] photo_processor.photo_classifier — Error clasificando foto https://img4.idealista.com/blur/WEB_DETAIL/0/id.pro.es.image.master/47/a6/c8/141: 402 Client Error: Payment Required for url: https://openrouter.ai/api/v1/chat/completions
2026-05-21 07:39:38 [WARNING] photo_processor.photo_classifier — Error clasificando foto https://img4.idealista.com/blur/WEB_DETAIL/0/id.pro.es.image.master/37/b0/ba/141: 402 Client Error: Payment Required for url: https://openrouter.ai/api/v1/chat/completions
2026-05-21 07:39:38 [WARNING] photo_processor.photo_classifier — Error clasificando foto https://img4.idealista.com/blur/WEB_DETAIL/0/id.pro.es.image.master/44/62/eb/141: 402 Client Error: Payment Required for url: https://openrouter.ai/api/v1/chat/completions
2026-05-21 07:39:38 [WARNING] photo_processor.photo_classifier — Error clasificando foto https://img4.idealista.com/blur/WEB_DETAIL/0/id.pro.es.image.master/da/14/91/141: 402 Client Error: Payment Required for url: https://openrouter.ai/api/v1/chat/completions
2026-05-21 07:39:38 [WARNING] photo_processor.photo_classifier — Error clasificando foto https://img4.idealista.com/blur/WEB_DETAIL/0/id.pro.es.video.master/0e/0f/19/d_0: 402 Client Error: Payment Required for url: https://openrouter.ai/api/v1/chat/completions
2026-05-21 07:39:38 [INFO] photo_processor.photo_classifier — Calculando pHash de 9 fotos para deduplicación...
2026-05-21 07:39:39 [INFO] photo_processor.photo_classifier — Fotos seleccionadas: {'fachada': 0, 'salon': 0, 'cocina': 0, 'dormitorio': 0, 'bano': 0, 'terraza': 0, 'exterior': 0} | vacías: 0 (total: 0)
2026-05-21 07:39:39 [WARNING] photo_processor.photo_enhancer — Propiedad 110808784: 0 fotos seleccionadas por el clasificador
2026-05-21 07:39:39 [WARNING] monitor.property_monitor — [SKIP-WP] Propiedad 110808784 no se publica en WP — fotos no procesadas (se reintentará próximo ciclo)
2026-05-21 07:39:39 [WARNING] monitor.property_monitor — [REINTENTO ABORTADO] 110808784 — ver reporte
2026-05-21 07:39:39 [INFO] photo_processor.photo_classifier — Clasificando 11 fotos con OpenRouter vision (type+empty+shot)...
2026-05-21 07:39:39 [WARNING] photo_processor.photo_classifier — Error clasificando foto https://img4.idealista.com/blur/WEB_DETAIL/0/id.pro.es.image.master/47/7f/a1/140: 402 Client Error: Payment Required for url: https://openrouter.ai/api/v1/chat/completions
2026-05-21 07:39:39 [WARNING] photo_processor.photo_classifier — Error clasificando foto https://img4.idealista.com/blur/WEB_DETAIL/0/id.pro.es.image.master/76/cf/4b/140: 402 Client Error: Payment Required for url: https://openrouter.ai/api/v1/chat/completions
2026-05-21 07:39:39 [WARNING] photo_processor.photo_classifier — Error clasificando foto https://img4.idealista.com/blur/WEB_DETAIL/0/id.pro.es.image.master/8f/83/58/140: 402 Client Error: Payment Required for url: https://openrouter.ai/api/v1/chat/completions
2026-05-21 07:39:39 [WARNING] photo_processor.photo_classifier — Error clasificando foto https://img4.idealista.com/blur/WEB_DETAIL/0/id.pro.es.image.master/16/35/dd/140: 402 Client Error: Payment Required for url: https://openrouter.ai/api/v1/chat/completions
2026-05-21 07:39:39 [WARNING] photo_processor.photo_classifier — Error clasificando foto https://img4.idealista.com/blur/WEB_DETAIL/0/id.pro.es.image.master/4e/cc/a0/140: 402 Client Error: Payment Required for url: https://openrouter.ai/api/v1/chat/completions
2026-05-21 07:39:39 [WARNING] photo_processor.photo_classifier — Error clasificando foto https://img4.idealista.com/blur/WEB_DETAIL/0/id.pro.es.image.master/b6/77/90/140: 402 Client Error: Payment Required for url: https://openrouter.ai/api/v1/chat/completions
2026-05-21 07:39:39 [WARNING] photo_processor.photo_classifier — Error clasificando foto https://img4.idealista.com/blur/WEB_DETAIL/0/id.pro.es.image.master/b3/26/31/140: 402 Client Error: Payment Required for url: https://openrouter.ai/api/v1/chat/completions
2026-05-21 07:39:39 [WARNING] photo_processor.photo_classifier — Error clasificando foto https://img4.idealista.com/blur/WEB_DETAIL/0/id.pro.es.image.master/43/50/be/140: 402 Client Error: Payment Required for url: https://openrouter.ai/api/v1/chat/completions
2026-05-21 07:39:39 [WARNING] photo_processor.photo_classifier — Error clasificando foto https://img4.idealista.com/blur/WEB_DETAIL/0/id.pro.es.image.master/b2/cb/2f/140: 402 Client Error: Payment Required for url: https://openrouter.ai/api/v1/chat/completions
2026-05-21 07:39:39 [WARNING] photo_processor.photo_classifier — Error clasificando foto https://img4.idealista.com/blur/WEB_DETAIL/0/id.pro.es.video.master/df/01/6d/d_0: 402 Client Error: Payment Required for url: https://openrouter.ai/api/v1/chat/completions
2026-05-21 07:39:39 [WARNING] photo_processor.photo_classifier — Error clasificando foto https://img4.idealista.com/blur/WEB_DETAIL/0/id.pro.es.image.master/f8/0d/c6/140: 402 Client Error: Payment Required for url: https://openrouter.ai/api/v1/chat/completions
2026-05-21 07:39:39 [INFO] photo_processor.photo_classifier — Calculando pHash de 11 fotos para deduplicación...
2026-05-21 07:39:40 [INFO] photo_processor.photo_classifier — Fotos seleccionadas: {'fachada': 0, 'salon': 0, 'cocina': 0, 'dormitorio': 0, 'bano': 0, 'terraza': 0, 'exterior': 0} | vacías: 0 (total: 0)
2026-05-21 07:39:40 [WARNING] photo_processor.photo_enhancer — Propiedad 110535686: 0 fotos seleccionadas por el clasificador
2026-05-21 07:39:40 [WARNING] monitor.property_monitor — [SKIP-WP] Propiedad 110535686 no se publica en WP — fotos no procesadas (se reintentará próximo ciclo)
2026-05-21 07:39:40 [WARNING] monitor.property_monitor — [REINTENTO ABORTADO] 110535686 — ver reporte
2026-05-21 07:39:40 [INFO] photo_processor.photo_classifier — Clasificando 31 fotos con OpenRouter vision (type+empty+shot)...
2026-05-21 07:39:40 [WARNING] photo_processor.photo_classifier — Error clasificando foto https://img4.idealista.com/blur/WEB_DETAIL/0/id.pro.es.image.master/f8/9d/e5/141: 402 Client Error: Payment Required for url: https://openrouter.ai/api/v1/chat/completions
2026-05-21 07:39:40 [WARNING] photo_processor.photo_classifier — Error clasificando foto https://img4.idealista.com/blur/WEB_DETAIL/0/id.pro.es.image.master/00/d1/5e/143: 402 Client Error: Payment Required for url: https://openrouter.ai/api/v1/chat/completions
2026-05-21 07:39:40 [WARNING] photo_processor.photo_classifier — Error clasificando foto https://img4.idealista.com/blur/WEB_DETAIL/0/id.pro.es.image.master/4f/ba/7e/141: 402 Client Error: Payment Required for url: https://openrouter.ai/api/v1/chat/completions
2026-05-21 07:39:40 [WARNING] photo_processor.photo_classifier — Error clasificando foto https://img4.idealista.com/blur/WEB_DETAIL/0/id.pro.es.image.master/14/ab/c9/141: 402 Client Error: Payment Required for url: https://openrouter.ai/api/v1/chat/completions
2026-05-21 07:39:40 [WARNING] photo_processor.photo_classifier — Error clasificando foto https://img4.idealista.com/blur/WEB_DETAIL/0/id.pro.es.image.master/e2/0a/f6/143: 402 Client Error: Payment Required for url: https://openrouter.ai/api/v1/chat/completions
2026-05-21 07:39:40 [WARNING] photo_processor.photo_classifier — Error clasificando foto https://img4.idealista.com/blur/WEB_DETAIL/0/id.pro.es.image.master/2a/11/b4/141: 402 Client Error: Payment Required for url: https://openrouter.ai/api/v1/chat/completions
2026-05-21 07:39:40 [WARNING] photo_processor.photo_classifier — Error clasificando foto https://img4.idealista.com/blur/WEB_DETAIL/0/id.pro.es.image.master/60/cb/60/143: 402 Client Error: Payment Required for url: https://openrouter.ai/api/v1/chat/completions
2026-05-21 07:39:40 [WARNING] photo_processor.photo_classifier — Error clasificando foto https://img4.idealista.com/blur/WEB_DETAIL/0/id.pro.es.image.master/71/51/63/141: 402 Client Error: Payment Required for url: https://openrouter.ai/api/v1/chat/completions
2026-05-21 07:39:40 [WARNING] photo_processor.photo_classifier — Error clasificando foto https://img4.idealista.com/blur/WEB_DETAIL/0/id.pro.es.image.master/79/56/ee/141: 402 Client Error: Payment Required for url: https://openrouter.ai/api/v1/chat/completions
2026-05-21 07:39:40 [WARNING] photo_processor.photo_classifier — Error clasificando foto https://img4.idealista.com/blur/WEB_DETAIL/0/id.pro.es.image.master/23/0c/95/141: 402 Client Error: Payment Required for url: https://openrouter.ai/api/v1/chat/completions
2026-05-21 07:39:40 [WARNING] photo_processor.photo_classifier — Error clasificando foto https://img4.idealista.com/blur/WEB_DETAIL/0/id.pro.es.image.master/21/a5/cf/141: 402 Client Error: Payment Required for url: https://openrouter.ai/api/v1/chat/completions
2026-05-21 07:39:40 [WARNING] photo_processor.photo_classifier — Error clasificando foto https://img4.idealista.com/blur/WEB_DETAIL/0/id.pro.es.image.master/be/f7/17/141: 402 Client Error: Payment Required for url: https://openrouter.ai/api/v1/chat/completions
2026-05-21 07:39:40 [WARNING] photo_processor.photo_classifier — Error clasificando foto https://img4.idealista.com/blur/WEB_DETAIL/0/id.pro.es.image.master/db/21/32/141: 402 Client Error: Payment Required for url: https://openrouter.ai/api/v1/chat/completions
2026-05-21 07:39:40 [WARNING] photo_processor.photo_classifier — Error clasificando foto https://img4.idealista.com/blur/WEB_DETAIL/0/id.pro.es.image.master/a6/17/9e/141: 402 Client Error: Payment Required for url: https://openrouter.ai/api/v1/chat/completions
2026-05-21 07:39:40 [WARNING] photo_processor.photo_classifier — Error clasificando foto https://img4.idealista.com/blur/WEB_DETAIL/0/id.pro.es.image.master/66/df/97/141: 402 Client Error: Payment Required for url: https://openrouter.ai/api/v1/chat/completions
2026-05-21 07:39:40 [WARNING] photo_processor.photo_classifier — Error clasificando foto https://img4.idealista.com/blur/WEB_DETAIL/0/id.pro.es.image.master/0f/a7/30/141: 402 Client Error: Payment Required for url: https://openrouter.ai/api/v1/chat/completions
2026-05-21 07:39:40 [WARNING] photo_processor.photo_classifier — Error clasificando foto https://img4.idealista.com/blur/WEB_DETAIL/0/id.pro.es.image.master/dc/22/1d/141: 402 Client Error: Payment Required for url: https://openrouter.ai/api/v1/chat/completions
2026-05-21 07:39:40 [WARNING] photo_processor.photo_classifier — Error clasificando foto https://img4.idealista.com/blur/WEB_DETAIL/0/id.pro.es.image.master/81/dd/ca/141: 402 Client Error: Payment Required for url: https://openrouter.ai/api/v1/chat/completions
2026-05-21 07:39:40 [WARNING] photo_processor.photo_classifier — Error clasificando foto https://img4.idealista.com/blur/WEB_DETAIL/0/id.pro.es.image.master/0f/6a/41/141: 402 Client Error: Payment Required for url: https://openrouter.ai/api/v1/chat/completions
2026-05-21 07:39:40 [WARNING] photo_processor.photo_classifier — Error clasificando foto https://img4.idealista.com/blur/WEB_DETAIL/0/id.pro.es.image.master/6e/d2/6b/141: 402 Client Error: Payment Required for url: https://openrouter.ai/api/v1/chat/completions
2026-05-21 07:39:40 [WARNING] photo_processor.photo_classifier — Error clasificando foto https://img4.idealista.com/blur/WEB_DETAIL/0/id.pro.es.image.master/37/f7/1c/141: 402 Client Error: Payment Required for url: https://openrouter.ai/api/v1/chat/completions
2026-05-21 07:39:40 [WARNING] photo_processor.photo_classifier — Error clasificando foto https://img4.idealista.com/blur/WEB_DETAIL/0/id.pro.es.image.master/31/9f/25/141: 402 Client Error: Payment Required for url: https://openrouter.ai/api/v1/chat/completions
2026-05-21 07:39:40 [WARNING] photo_processor.photo_classifier — Error clasificando foto https://img4.idealista.com/blur/WEB_DETAIL/0/id.pro.es.image.master/a9/3b/5f/141: 402 Client Error: Payment Required for url: https://openrouter.ai/api/v1/chat/completions
2026-05-21 07:39:40 [WARNING] photo_processor.photo_classifier — Error clasificando foto https://img4.idealista.com/blur/WEB_DETAIL/0/id.pro.es.image.master/88/fc/7e/141: 402 Client Error: Payment Required for url: https://openrouter.ai/api/v1/chat/completions
2026-05-21 07:39:40 [WARNING] photo_processor.photo_classifier — Error clasificando foto https://img4.idealista.com/blur/WEB_DETAIL/0/id.pro.es.image.master/29/ca/88/141: 402 Client Error: Payment Required for url: https://openrouter.ai/api/v1/chat/completions
2026-05-21 07:39:40 [WARNING] photo_processor.photo_classifier — Error clasificando foto https://img4.idealista.com/blur/WEB_DETAIL/0/id.pro.es.image.master/76/1b/1d/141: 402 Client Error: Payment Required for url: https://openrouter.ai/api/v1/chat/completions
2026-05-21 07:39:40 [WARNING] photo_processor.photo_classifier — Error clasificando foto https://img4.idealista.com/blur/WEB_DETAIL/0/id.pro.es.image.master/a9/14/6f/141: 402 Client Error: Payment Required for url: https://openrouter.ai/api/v1/chat/completions
2026-05-21 07:39:40 [WARNING] photo_processor.photo_classifier — Error clasificando foto https://img4.idealista.com/blur/WEB_DETAIL/0/id.pro.es.image.master/80/45/db/141: 402 Client Error: Payment Required for url: https://openrouter.ai/api/v1/chat/completions
2026-05-21 07:39:40 [WARNING] photo_processor.photo_classifier — Error clasificando foto https://img4.idealista.com/blur/WEB_DETAIL/0/id.pro.es.image.master/d4/1f/01/143: 402 Client Error: Payment Required for url: https://openrouter.ai/api/v1/chat/completions
2026-05-21 07:39:40 [WARNING] photo_processor.photo_classifier — Error clasificando foto https://img4.idealista.com/blur/WEB_DETAIL/0/id.pro.es.image.master/b7/5b/90/141: 402 Client Error: Payment Required for url: https://openrouter.ai/api/v1/chat/completions
2026-05-21 07:39:40 [WARNING] photo_processor.photo_classifier — Error clasificando foto https://img4.idealista.com/blur/WEB_DETAIL/0/id.pro.es.image.master/16/ec/db/141: 402 Client Error: Payment Required for url: https://openrouter.ai/api/v1/chat/completions
2026-05-21 07:39:40 [INFO] photo_processor.photo_classifier — Calculando pHash de 31 fotos para deduplicación...
2026-05-21 07:39:42 [INFO] photo_processor.photo_classifier — Fotos seleccionadas: {'fachada': 0, 'salon': 0, 'cocina': 0, 'dormitorio': 0, 'bano': 0, 'terraza': 0, 'exterior': 0} | vacías: 0 (total: 0)
2026-05-21 07:39:42 [WARNING] photo_processor.photo_enhancer — Propiedad 110674654: 0 fotos seleccionadas por el clasificador
2026-05-21 07:39:42 [WARNING] monitor.property_monitor — [SKIP-WP] Propiedad 110674654 no se publica en WP — fotos no procesadas (se reintentará próximo ciclo)
2026-05-21 07:39:42 [WARNING] monitor.property_monitor — [REINTENTO ABORTADO] 110674654 — ver reporte
2026-05-21 07:39:42 [INFO] photo_processor.photo_classifier — Clasificando 20 fotos con OpenRouter vision (type+empty+shot)...
2026-05-21 07:39:42 [WARNING] photo_processor.photo_classifier — Error clasificando foto https://img4.idealista.com/blur/WEB_DETAIL/0/id.pro.es.image.master/cf/eb/93/140: 402 Client Error: Payment Required for url: https://openrouter.ai/api/v1/chat/completions
2026-05-21 07:39:42 [WARNING] photo_processor.photo_classifier — Error clasificando foto https://img4.idealista.com/blur/WEB_DETAIL/0/id.pro.es.image.master/25/ac/66/140: 402 Client Error: Payment Required for url: https://openrouter.ai/api/v1/chat/completions
2026-05-21 07:39:42 [WARNING] photo_processor.photo_classifier — Error clasificando foto https://img4.idealista.com/blur/WEB_DETAIL/0/id.pro.es.image.master/ba/af/2f/140: 402 Client Error: Payment Required for url: https://openrouter.ai/api/v1/chat/completions
2026-05-21 07:39:42 [WARNING] photo_processor.photo_classifier — Error clasificando foto https://img4.idealista.com/blur/WEB_DETAIL/0/id.pro.es.image.master/20/3a/7b/140: 402 Client Error: Payment Required for url: https://openrouter.ai/api/v1/chat/completions
2026-05-21 07:39:42 [WARNING] photo_processor.photo_classifier — Error clasificando foto https://img4.idealista.com/blur/WEB_DETAIL/0/id.pro.es.image.master/02/fc/29/140: 402 Client Error: Payment Required for url: https://openrouter.ai/api/v1/chat/completions
2026-05-21 07:39:42 [WARNING] photo_processor.photo_classifier — Error clasificando foto https://img4.idealista.com/blur/WEB_DETAIL/0/id.pro.es.image.master/e2/ae/42/140: 402 Client Error: Payment Required for url: https://openrouter.ai/api/v1/chat/completions
2026-05-21 07:39:42 [WARNING] photo_processor.photo_classifier — Error clasificando foto https://img4.idealista.com/blur/WEB_DETAIL/0/id.pro.es.image.master/ea/89/69/140: 402 Client Error: Payment Required for url: https://openrouter.ai/api/v1/chat/completions
2026-05-21 07:39:42 [WARNING] photo_processor.photo_classifier — Error clasificando foto https://img4.idealista.com/blur/WEB_DETAIL/0/id.pro.es.image.master/1d/57/97/140: 402 Client Error: Payment Required for url: https://openrouter.ai/api/v1/chat/completions
2026-05-21 07:39:42 [WARNING] photo_processor.photo_classifier — Error clasificando foto https://img4.idealista.com/blur/WEB_DETAIL/0/id.pro.es.image.master/47/07/3a/140: 402 Client Error: Payment Required for url: https://openrouter.ai/api/v1/chat/completions
2026-05-21 07:39:42 [WARNING] photo_processor.photo_classifier — Error clasificando foto https://img4.idealista.com/blur/WEB_DETAIL/0/id.pro.es.image.master/2e/ce/ea/140: 402 Client Error: Payment Required for url: https://openrouter.ai/api/v1/chat/completions
2026-05-21 07:39:42 [WARNING] photo_processor.photo_classifier — Error clasificando foto https://img4.idealista.com/blur/WEB_DETAIL/0/id.pro.es.image.master/8f/ca/9b/140: 402 Client Error: Payment Required for url: https://openrouter.ai/api/v1/chat/completions
2026-05-21 07:39:42 [WARNING] photo_processor.photo_classifier — Error clasificando foto https://img4.idealista.com/blur/WEB_DETAIL/0/id.pro.es.image.master/d2/05/96/140: 402 Client Error: Payment Required for url: https://openrouter.ai/api/v1/chat/completions
2026-05-21 07:39:42 [WARNING] photo_processor.photo_classifier — Error clasificando foto https://img4.idealista.com/blur/WEB_DETAIL/0/id.pro.es.image.master/34/50/30/140: 402 Client Error: Payment Required for url: https://openrouter.ai/api/v1/chat/completions
2026-05-21 07:39:42 [WARNING] photo_processor.photo_classifier — Error clasificando foto https://img4.idealista.com/blur/WEB_DETAIL/0/id.pro.es.image.master/ea/49/b7/140: 402 Client Error: Payment Required for url: https://openrouter.ai/api/v1/chat/completions
2026-05-21 07:39:42 [WARNING] photo_processor.photo_classifier — Error clasificando foto https://img4.idealista.com/blur/WEB_DETAIL/0/id.pro.es.image.master/7e/05/b4/140: 402 Client Error: Payment Required for url: https://openrouter.ai/api/v1/chat/completions
2026-05-21 07:39:42 [WARNING] photo_processor.photo_classifier — Error clasificando foto https://img4.idealista.com/blur/WEB_DETAIL/0/id.pro.es.image.master/3e/a8/28/140: 402 Client Error: Payment Required for url: https://openrouter.ai/api/v1/chat/completions
2026-05-21 07:39:42 [WARNING] photo_processor.photo_classifier — Error clasificando foto https://img4.idealista.com/blur/WEB_DETAIL/0/id.pro.es.image.master/4a/ac/4c/141: 402 Client Error: Payment Required for url: https://openrouter.ai/api/v1/chat/completions
2026-05-21 07:39:42 [WARNING] photo_processor.photo_classifier — Error clasificando foto https://img4.idealista.com/blur/WEB_DETAIL/0/id.pro.es.image.master/27/7f/f5/140: 402 Client Error: Payment Required for url: https://openrouter.ai/api/v1/chat/completions
2026-05-21 07:39:42 [WARNING] photo_processor.photo_classifier — Error clasificando foto https://img4.idealista.com/blur/WEB_DETAIL/0/id.pro.es.image.master/38/5c/1a/141: 402 Client Error: Payment Required for url: https://openrouter.ai/api/v1/chat/completions
2026-05-21 07:39:42 [WARNING] photo_processor.photo_classifier — Error clasificando foto https://img4.idealista.com/blur/WEB_DETAIL/0/id.pro.es.image.master/6b/86/fd/141: 402 Client Error: Payment Required for url: https://openrouter.ai/api/v1/chat/completions
2026-05-21 07:39:42 [INFO] photo_processor.photo_classifier — Calculando pHash de 20 fotos para deduplicación...
2026-05-21 07:39:43 [INFO] photo_processor.photo_classifier — Fotos seleccionadas: {'fachada': 0, 'salon': 0, 'cocina': 0, 'dormitorio': 0, 'bano': 0, 'terraza': 0, 'exterior': 0} | vacías: 0 (total: 0)
2026-05-21 07:39:43 [WARNING] photo_processor.photo_enhancer — Propiedad 110435987: 0 fotos seleccionadas por el clasificador
2026-05-21 07:39:43 [WARNING] monitor.property_monitor — [SKIP-WP] Propiedad 110435987 no se publica en WP — fotos no procesadas (se reintentará próximo ciclo)
2026-05-21 07:39:43 [WARNING] monitor.property_monitor — [REINTENTO ABORTADO] 110435987 — ver reporte
2026-05-21 07:39:43 [INFO] photo_processor.photo_classifier — Clasificando 27 fotos con OpenRouter vision (type+empty+shot)...
2026-05-21 07:39:43 [WARNING] photo_processor.photo_classifier — Error clasificando foto https://img4.idealista.com/blur/WEB_DETAIL/0/id.pro.es.image.master/ea/a2/23/142: 402 Client Error: Payment Required for url: https://openrouter.ai/api/v1/chat/completions
2026-05-21 07:39:43 [WARNING] photo_processor.photo_classifier — Error clasificando foto https://img4.idealista.com/blur/WEB_DETAIL/0/id.pro.es.image.master/a7/d5/e6/142: 402 Client Error: Payment Required for url: https://openrouter.ai/api/v1/chat/completions
2026-05-21 07:39:43 [WARNING] photo_processor.photo_classifier — Error clasificando foto https://img4.idealista.com/blur/WEB_DETAIL/0/id.pro.es.image.master/94/de/96/142: 402 Client Error: Payment Required for url: https://openrouter.ai/api/v1/chat/completions
2026-05-21 07:39:43 [WARNING] photo_processor.photo_classifier — Error clasificando foto https://img4.idealista.com/blur/WEB_DETAIL/0/id.pro.es.image.master/d7/51/4a/142: 402 Client Error: Payment Required for url: https://openrouter.ai/api/v1/chat/completions
2026-05-21 07:39:43 [WARNING] photo_processor.photo_classifier — Error clasificando foto https://img4.idealista.com/blur/WEB_DETAIL/0/id.pro.es.image.master/6c/51/c6/142: 402 Client Error: Payment Required for url: https://openrouter.ai/api/v1/chat/completions
2026-05-21 07:39:43 [WARNING] photo_processor.photo_classifier — Error clasificando foto https://img4.idealista.com/blur/WEB_DETAIL/0/id.pro.es.image.master/40/ef/8e/142: 402 Client Error: Payment Required for url: https://openrouter.ai/api/v1/chat/completions
2026-05-21 07:39:43 [WARNING] photo_processor.photo_classifier — Error clasificando foto https://img4.idealista.com/blur/WEB_DETAIL/0/id.pro.es.image.master/2a/0f/7a/142: 402 Client Error: Payment Required for url: https://openrouter.ai/api/v1/chat/completions
2026-05-21 07:39:43 [WARNING] photo_processor.photo_classifier — Error clasificando foto https://img4.idealista.com/blur/WEB_DETAIL/0/id.pro.es.image.master/b4/71/7c/142: 402 Client Error: Payment Required for url: https://openrouter.ai/api/v1/chat/completions
2026-05-21 07:39:43 [WARNING] photo_processor.photo_classifier — Error clasificando foto https://img4.idealista.com/blur/WEB_DETAIL/0/id.pro.es.image.master/9b/b1/0f/142: 402 Client Error: Payment Required for url: https://openrouter.ai/api/v1/chat/completions
2026-05-21 07:39:43 [WARNING] photo_processor.photo_classifier — Error clasificando foto https://img4.idealista.com/blur/WEB_DETAIL/0/id.pro.es.image.master/d2/18/c6/142: 402 Client Error: Payment Required for url: https://openrouter.ai/api/v1/chat/completions
2026-05-21 07:39:43 [WARNING] photo_processor.photo_classifier — Error clasificando foto https://img4.idealista.com/blur/WEB_DETAIL/0/id.pro.es.image.master/88/02/f3/142: 402 Client Error: Payment Required for url: https://openrouter.ai/api/v1/chat/completions
2026-05-21 07:39:43 [WARNING] photo_processor.photo_classifier — Error clasificando foto https://img4.idealista.com/blur/WEB_DETAIL/0/id.pro.es.image.master/e8/ae/2e/142: 402 Client Error: Payment Required for url: https://openrouter.ai/api/v1/chat/completions
2026-05-21 07:39:43 [WARNING] photo_processor.photo_classifier — Error clasificando foto https://img4.idealista.com/blur/WEB_DETAIL/0/id.pro.es.image.master/c7/d9/77/142: 402 Client Error: Payment Required for url: https://openrouter.ai/api/v1/chat/completions
2026-05-21 07:39:43 [WARNING] photo_processor.photo_classifier — Error clasificando foto https://img4.idealista.com/blur/WEB_DETAIL/0/id.pro.es.image.master/13/52/03/142: 402 Client Error: Payment Required for url: https://openrouter.ai/api/v1/chat/completions
2026-05-21 07:39:43 [WARNING] photo_processor.photo_classifier — Error clasificando foto https://img4.idealista.com/blur/WEB_DETAIL/0/id.pro.es.image.master/55/6e/3d/142: 402 Client Error: Payment Required for url: https://openrouter.ai/api/v1/chat/completions
2026-05-21 07:39:43 [WARNING] photo_processor.photo_classifier — Error clasificando foto https://img4.idealista.com/blur/WEB_DETAIL/0/id.pro.es.image.master/b6/d9/a0/142: 402 Client Error: Payment Required for url: https://openrouter.ai/api/v1/chat/completions
2026-05-21 07:39:43 [WARNING] photo_processor.photo_classifier — Error clasificando foto https://img4.idealista.com/blur/WEB_DETAIL/0/id.pro.es.image.master/99/ae/81/142: 402 Client Error: Payment Required for url: https://openrouter.ai/api/v1/chat/completions
2026-05-21 07:39:43 [WARNING] photo_processor.photo_classifier — Error clasificando foto https://img4.idealista.com/blur/WEB_DETAIL/0/id.pro.es.image.master/7c/a1/b8/142: 402 Client Error: Payment Required for url: https://openrouter.ai/api/v1/chat/completions
2026-05-21 07:39:43 [WARNING] photo_processor.photo_classifier — Error clasificando foto https://img4.idealista.com/blur/WEB_DETAIL/0/id.pro.es.image.master/05/f2/bc/142: 402 Client Error: Payment Required for url: https://openrouter.ai/api/v1/chat/completions
2026-05-21 07:39:43 [WARNING] photo_processor.photo_classifier — Error clasificando foto https://img4.idealista.com/blur/WEB_DETAIL/0/id.pro.es.image.master/3b/4c/97/142: 402 Client Error: Payment Required for url: https://openrouter.ai/api/v1/chat/completions
2026-05-21 07:39:43 [WARNING] photo_processor.photo_classifier — Error clasificando foto https://img4.idealista.com/blur/WEB_DETAIL/0/id.pro.es.image.master/6a/69/94/142: 402 Client Error: Payment Required for url: https://openrouter.ai/api/v1/chat/completions
2026-05-21 07:39:43 [WARNING] photo_processor.photo_classifier — Error clasificando foto https://img4.idealista.com/blur/WEB_DETAIL/0/id.pro.es.image.master/bc/33/36/142: 402 Client Error: Payment Required for url: https://openrouter.ai/api/v1/chat/completions
2026-05-21 07:39:43 [WARNING] photo_processor.photo_classifier — Error clasificando foto https://img4.idealista.com/blur/WEB_DETAIL/0/id.pro.es.image.master/53/8a/0e/142: 402 Client Error: Payment Required for url: https://openrouter.ai/api/v1/chat/completions
2026-05-21 07:39:43 [WARNING] photo_processor.photo_classifier — Error clasificando foto https://img4.idealista.com/blur/WEB_DETAIL/0/id.pro.es.image.master/73/d8/73/142: 402 Client Error: Payment Required for url: https://openrouter.ai/api/v1/chat/completions
2026-05-21 07:39:43 [WARNING] photo_processor.photo_classifier — Error clasificando foto https://img4.idealista.com/blur/WEB_DETAIL/0/id.pro.es.image.master/40/85/b2/142: 402 Client Error: Payment Required for url: https://openrouter.ai/api/v1/chat/completions
2026-05-21 07:39:43 [WARNING] photo_processor.photo_classifier — Error clasificando foto https://img4.idealista.com/blur/WEB_DETAIL/0/id.pro.es.image.master/78/b8/40/142: 402 Client Error: Payment Required for url: https://openrouter.ai/api/v1/chat/completions
2026-05-21 07:39:43 [WARNING] photo_processor.photo_classifier — Error clasificando foto https://img4.idealista.com/blur/WEB_DETAIL/0/id.pro.es.image.master/9a/95/7b/142: 402 Client Error: Payment Required for url: https://openrouter.ai/api/v1/chat/completions
2026-05-21 07:39:43 [INFO] photo_processor.photo_classifier — Calculando pHash de 27 fotos para deduplicación...
2026-05-21 07:39:44 [INFO] photo_processor.photo_classifier — Fotos seleccionadas: {'fachada': 0, 'salon': 0, 'cocina': 0, 'dormitorio': 0, 'bano': 0, 'terraza': 0, 'exterior': 0} | vacías: 0 (total: 0)
2026-05-21 07:39:44 [WARNING] photo_processor.photo_enhancer — Propiedad 111003024: 0 fotos seleccionadas por el clasificador
2026-05-21 07:39:44 [WARNING] monitor.property_monitor — [SKIP-WP] Propiedad 111003024 no se publica en WP — fotos no procesadas (se reintentará próximo ciclo)
2026-05-21 07:39:44 [WARNING] monitor.property_monitor — [REINTENTO ABORTADO] 111003024 — ver reporte
2026-05-21 07:39:44 [INFO] photo_processor.photo_classifier — Clasificando 16 fotos con OpenRouter vision (type+empty+shot)...
2026-05-21 07:39:44 [WARNING] photo_processor.photo_classifier — Error clasificando foto https://img4.idealista.com/blur/WEB_DETAIL/0/id.pro.es.image.master/be/ee/be/142: 402 Client Error: Payment Required for url: https://openrouter.ai/api/v1/chat/completions
2026-05-21 07:39:44 [WARNING] photo_processor.photo_classifier — Error clasificando foto https://img4.idealista.com/blur/WEB_DETAIL/0/id.pro.es.image.master/71/dc/80/142: 402 Client Error: Payment Required for url: https://openrouter.ai/api/v1/chat/completions
2026-05-21 07:39:44 [WARNING] photo_processor.photo_classifier — Error clasificando foto https://img4.idealista.com/blur/WEB_DETAIL/0/id.pro.es.image.master/18/18/fb/142: 402 Client Error: Payment Required for url: https://openrouter.ai/api/v1/chat/completions
2026-05-21 07:39:44 [WARNING] photo_processor.photo_classifier — Error clasificando foto https://img4.idealista.com/blur/WEB_DETAIL/0/id.pro.es.image.master/1a/df/02/142: 402 Client Error: Payment Required for url: https://openrouter.ai/api/v1/chat/completions
2026-05-21 07:39:44 [WARNING] photo_processor.photo_classifier — Error clasificando foto https://img4.idealista.com/blur/WEB_DETAIL/0/id.pro.es.image.master/7f/28/30/142: 402 Client Error: Payment Required for url: https://openrouter.ai/api/v1/chat/completions
2026-05-21 07:39:45 [WARNING] photo_processor.photo_classifier — Error clasificando foto https://img4.idealista.com/blur/WEB_DETAIL/0/id.pro.es.image.master/8a/64/ab/142: 402 Client Error: Payment Required for url: https://openrouter.ai/api/v1/chat/completions
2026-05-21 07:39:45 [WARNING] photo_processor.photo_classifier — Error clasificando foto https://img4.idealista.com/blur/WEB_DETAIL/0/id.pro.es.image.master/64/81/33/142: 402 Client Error: Payment Required for url: https://openrouter.ai/api/v1/chat/completions
2026-05-21 07:39:45 [WARNING] photo_processor.photo_classifier — Error clasificando foto https://img4.idealista.com/blur/WEB_DETAIL/0/id.pro.es.image.master/88/c5/af/142: 402 Client Error: Payment Required for url: https://openrouter.ai/api/v1/chat/completions
2026-05-21 07:39:45 [WARNING] photo_processor.photo_classifier — Error clasificando foto https://img4.idealista.com/blur/WEB_DETAIL/0/id.pro.es.image.master/f2/d7/a4/142: 402 Client Error: Payment Required for url: https://openrouter.ai/api/v1/chat/completions
2026-05-21 07:39:45 [WARNING] photo_processor.photo_classifier — Error clasificando foto https://img4.idealista.com/blur/WEB_DETAIL/0/id.pro.es.image.master/1d/ae/1f/142: 402 Client Error: Payment Required for url: https://openrouter.ai/api/v1/chat/completions
2026-05-21 07:39:45 [WARNING] photo_processor.photo_classifier — Error clasificando foto https://img4.idealista.com/blur/WEB_DETAIL/0/id.pro.es.image.master/8c/98/76/142: 402 Client Error: Payment Required for url: https://openrouter.ai/api/v1/chat/completions
2026-05-21 07:39:45 [WARNING] photo_processor.photo_classifier — Error clasificando foto https://img4.idealista.com/blur/WEB_DETAIL/0/id.pro.es.image.master/b3/94/66/142: 402 Client Error: Payment Required for url: https://openrouter.ai/api/v1/chat/completions
2026-05-21 07:39:45 [WARNING] photo_processor.photo_classifier — Error clasificando foto https://img4.idealista.com/blur/WEB_DETAIL/0/id.pro.es.image.master/03/66/93/142: 402 Client Error: Payment Required for url: https://openrouter.ai/api/v1/chat/completions
2026-05-21 07:39:45 [WARNING] photo_processor.photo_classifier — Error clasificando foto https://img4.idealista.com/blur/WEB_DETAIL/0/id.pro.es.image.master/84/c9/dc/142: 402 Client Error: Payment Required for url: https://openrouter.ai/api/v1/chat/completions
2026-05-21 07:39:45 [WARNING] photo_processor.photo_classifier — Error clasificando foto https://img4.idealista.com/blur/WEB_DETAIL/0/id.pro.es.image.master/17/83/21/142: 402 Client Error: Payment Required for url: https://openrouter.ai/api/v1/chat/completions
2026-05-21 07:39:45 [WARNING] photo_processor.photo_classifier — Error clasificando foto https://img4.idealista.com/blur/WEB_DETAIL/0/id.pro.es.image.master/4d/59/3c/142: 402 Client Error: Payment Required for url: https://openrouter.ai/api/v1/chat/completions
2026-05-21 07:39:45 [INFO] photo_processor.photo_classifier — Calculando pHash de 16 fotos para deduplicación...
2026-05-21 07:39:45 [INFO] photo_processor.photo_classifier — Fotos seleccionadas: {'fachada': 0, 'salon': 0, 'cocina': 0, 'dormitorio': 0, 'bano': 0, 'terraza': 0, 'exterior': 0} | vacías: 0 (total: 0)
2026-05-21 07:39:45 [WARNING] photo_processor.photo_enhancer — Propiedad 110991729: 0 fotos seleccionadas por el clasificador
2026-05-21 07:39:45 [WARNING] monitor.property_monitor — [SKIP-WP] Propiedad 110991729 no se publica en WP — fotos no procesadas (se reintentará próximo ciclo)
2026-05-21 07:39:45 [WARNING] monitor.property_monitor — [REINTENTO ABORTADO] 110991729 — ver reporte
2026-05-21 07:39:45 [INFO] photo_processor.photo_classifier — Clasificando 54 fotos con OpenRouter vision (type+empty+shot)...
2026-05-21 07:39:45 [WARNING] photo_processor.photo_classifier — Error clasificando foto https://img4.idealista.com/blur/WEB_DETAIL/0/id.pro.es.image.master/ae/9c/df/135: 402 Client Error: Payment Required for url: https://openrouter.ai/api/v1/chat/completions
2026-05-21 07:39:45 [WARNING] photo_processor.photo_classifier — Error clasificando foto https://img4.idealista.com/blur/WEB_DETAIL/0/id.pro.es.image.master/56/0a/71/135: 402 Client Error: Payment Required for url: https://openrouter.ai/api/v1/chat/completions
2026-05-21 07:39:45 [WARNING] photo_processor.photo_classifier — Error clasificando foto https://img4.idealista.com/blur/WEB_DETAIL/0/id.pro.es.image.master/d7/4f/b9/135: 402 Client Error: Payment Required for url: https://openrouter.ai/api/v1/chat/completions
2026-05-21 07:39:45 [WARNING] photo_processor.photo_classifier — Error clasificando foto https://img4.idealista.com/blur/WEB_DETAIL/0/id.pro.es.image.master/c9/9f/27/135: 402 Client Error: Payment Required for url: https://openrouter.ai/api/v1/chat/completions
2026-05-21 07:39:45 [WARNING] photo_processor.photo_classifier — Error clasificando foto https://img4.idealista.com/blur/WEB_DETAIL/0/id.pro.es.image.master/04/c0/6b/135: 402 Client Error: Payment Required for url: https://openrouter.ai/api/v1/chat/completions
2026-05-21 07:39:45 [WARNING] photo_processor.photo_classifier — Error clasificando foto https://img4.idealista.com/blur/WEB_DETAIL/0/id.pro.es.image.master/30/19/c3/135: 402 Client Error: Payment Required for url: https://openrouter.ai/api/v1/chat/completions
2026-05-21 07:39:45 [WARNING] photo_processor.photo_classifier — Error clasificando foto https://img4.idealista.com/blur/WEB_DETAIL/0/id.pro.es.image.master/63/95/cb/135: 402 Client Error: Payment Required for url: https://openrouter.ai/api/v1/chat/completions
2026-05-21 07:39:45 [WARNING] photo_processor.photo_classifier — Error clasificando foto https://img4.idealista.com/blur/WEB_DETAIL/0/id.pro.es.image.master/2f/d6/f1/135: 402 Client Error: Payment Required for url: https://openrouter.ai/api/v1/chat/completions
2026-05-21 07:39:45 [WARNING] photo_processor.photo_classifier — Error clasificando foto https://img4.idealista.com/blur/WEB_DETAIL/0/id.pro.es.image.master/c2/53/11/135: 402 Client Error: Payment Required for url: https://openrouter.ai/api/v1/chat/completions
2026-05-21 07:39:45 [WARNING] photo_processor.photo_classifier — Error clasificando foto https://img4.idealista.com/blur/WEB_DETAIL/0/id.pro.es.image.master/5b/75/16/135: 402 Client Error: Payment Required for url: https://openrouter.ai/api/v1/chat/completions
2026-05-21 07:39:45 [WARNING] photo_processor.photo_classifier — Error clasificando foto https://img4.idealista.com/blur/WEB_DETAIL/0/id.pro.es.image.master/db/e1/83/135: 402 Client Error: Payment Required for url: https://openrouter.ai/api/v1/chat/completions
2026-05-21 07:39:45 [WARNING] photo_processor.photo_classifier — Error clasificando foto https://img4.idealista.com/blur/WEB_DETAIL/0/id.pro.es.image.master/eb/63/83/135: 402 Client Error: Payment Required for url: https://openrouter.ai/api/v1/chat/completions
2026-05-21 07:39:45 [WARNING] photo_processor.photo_classifier — Error clasificando foto https://img4.idealista.com/blur/WEB_DETAIL/0/id.pro.es.image.master/1f/27/30/135: 402 Client Error: Payment Required for url: https://openrouter.ai/api/v1/chat/completions
2026-05-21 07:39:45 [WARNING] photo_processor.photo_classifier — Error clasificando foto https://img4.idealista.com/blur/WEB_DETAIL/0/id.pro.es.image.master/55/28/80/135: 402 Client Error: Payment Required for url: https://openrouter.ai/api/v1/chat/completions
2026-05-21 07:39:45 [WARNING] photo_processor.photo_classifier — Error clasificando foto https://img4.idealista.com/blur/WEB_DETAIL/0/id.pro.es.image.master/11/23/99/135: 402 Client Error: Payment Required for url: https://openrouter.ai/api/v1/chat/completions
2026-05-21 07:39:45 [WARNING] photo_processor.photo_classifier — Error clasificando foto https://img4.idealista.com/blur/WEB_DETAIL/0/id.pro.es.image.master/81/2d/ac/135: 402 Client Error: Payment Required for url: https://openrouter.ai/api/v1/chat/completions
2026-05-21 07:39:45 [WARNING] photo_processor.photo_classifier — Error clasificando foto https://img4.idealista.com/blur/WEB_DETAIL/0/id.pro.es.image.master/a1/e2/9e/135: 402 Client Error: Payment Required for url: https://openrouter.ai/api/v1/chat/completions
2026-05-21 07:39:45 [WARNING] photo_processor.photo_classifier — Error clasificando foto https://img4.idealista.com/blur/WEB_DETAIL/0/id.pro.es.image.master/b2/f6/4f/135: 402 Client Error: Payment Required for url: https://openrouter.ai/api/v1/chat/completions
2026-05-21 07:39:45 [WARNING] photo_processor.photo_classifier — Error clasificando foto https://img4.idealista.com/blur/WEB_DETAIL/0/id.pro.es.image.master/6a/a2/9c/135: 402 Client Error: Payment Required for url: https://openrouter.ai/api/v1/chat/completions
2026-05-21 07:39:46 [WARNING] photo_processor.photo_classifier — Error clasificando foto https://img4.idealista.com/blur/WEB_DETAIL/0/id.pro.es.image.master/5d/72/23/135: 402 Client Error: Payment Required for url: https://openrouter.ai/api/v1/chat/completions
2026-05-21 07:39:46 [WARNING] photo_processor.photo_classifier — Error clasificando foto https://img4.idealista.com/blur/WEB_DETAIL/0/id.pro.es.image.master/f9/eb/5e/135: 402 Client Error: Payment Required for url: https://openrouter.ai/api/v1/chat/completions
2026-05-21 07:39:46 [WARNING] photo_processor.photo_classifier — Error clasificando foto https://img4.idealista.com/blur/WEB_DETAIL/0/id.pro.es.image.master/61/d9/7a/135: 402 Client Error: Payment Required for url: https://openrouter.ai/api/v1/chat/completions
2026-05-21 07:39:46 [WARNING] photo_processor.photo_classifier — Error clasificando foto https://img4.idealista.com/blur/WEB_DETAIL/0/id.pro.es.image.master/11/ce/60/135: 402 Client Error: Payment Required for url: https://openrouter.ai/api/v1/chat/completions
2026-05-21 07:39:46 [WARNING] photo_processor.photo_classifier — Error clasificando foto https://img4.idealista.com/blur/WEB_DETAIL/0/id.pro.es.image.master/44/8d/fa/135: 402 Client Error: Payment Required for url: https://openrouter.ai/api/v1/chat/completions
2026-05-21 07:39:46 [WARNING] photo_processor.photo_classifier — Error clasificando foto https://img4.idealista.com/blur/WEB_DETAIL/0/id.pro.es.image.master/a9/63/04/135: 402 Client Error: Payment Required for url: https://openrouter.ai/api/v1/chat/completions
2026-05-21 07:39:46 [WARNING] photo_processor.photo_classifier — Error clasificando foto https://img4.idealista.com/blur/WEB_DETAIL/0/id.pro.es.image.master/9a/fc/35/135: 402 Client Error: Payment Required for url: https://openrouter.ai/api/v1/chat/completions
2026-05-21 07:39:46 [WARNING] photo_processor.photo_classifier — Error clasificando foto https://img4.idealista.com/blur/WEB_DETAIL/0/id.pro.es.image.master/a0/33/1f/135: 402 Client Error: Payment Required for url: https://openrouter.ai/api/v1/chat/completions
2026-05-21 07:39:46 [WARNING] photo_processor.photo_classifier — Error clasificando foto https://img4.idealista.com/blur/WEB_DETAIL/0/id.pro.es.image.master/db/b9/be/135: 402 Client Error: Payment Required for url: https://openrouter.ai/api/v1/chat/completions
2026-05-21 07:39:46 [WARNING] photo_processor.photo_classifier — Error clasificando foto https://img4.idealista.com/blur/WEB_DETAIL/0/id.pro.es.image.master/d6/8d/45/135: 402 Client Error: Payment Required for url: https://openrouter.ai/api/v1/chat/completions
2026-05-21 07:39:46 [WARNING] photo_processor.photo_classifier — Error clasificando foto https://img4.idealista.com/blur/WEB_DETAIL/0/id.pro.es.image.master/21/50/e8/135: 402 Client Error: Payment Required for url: https://openrouter.ai/api/v1/chat/completions
2026-05-21 07:39:46 [WARNING] photo_processor.photo_classifier — Error clasificando foto https://img4.idealista.com/blur/WEB_DETAIL/0/id.pro.es.image.master/32/3e/72/135: 402 Client Error: Payment Required for url: https://openrouter.ai/api/v1/chat/completions
2026-05-21 07:39:46 [WARNING] photo_processor.photo_classifier — Error clasificando foto https://img4.idealista.com/blur/WEB_DETAIL/0/id.pro.es.image.master/b1/7c/ed/135: 402 Client Error: Payment Required for url: https://openrouter.ai/api/v1/chat/completions
2026-05-21 07:39:46 [WARNING] photo_processor.photo_classifier — Error clasificando foto https://img4.idealista.com/blur/WEB_DETAIL/0/id.pro.es.image.master/51/24/76/135: 402 Client Error: Payment Required for url: https://openrouter.ai/api/v1/chat/completions
2026-05-21 07:39:46 [WARNING] photo_processor.photo_classifier — Error clasificando foto https://img4.idealista.com/blur/WEB_DETAIL/0/id.pro.es.image.master/a8/22/54/135: 402 Client Error: Payment Required for url: https://openrouter.ai/api/v1/chat/completions
2026-05-21 07:39:46 [WARNING] photo_processor.photo_classifier — Error clasificando foto https://img4.idealista.com/blur/WEB_DETAIL/0/id.pro.es.image.master/bf/df/47/135: 402 Client Error: Payment Required for url: https://openrouter.ai/api/v1/chat/completions
2026-05-21 07:39:46 [WARNING] photo_processor.photo_classifier — Error clasificando foto https://img4.idealista.com/blur/WEB_DETAIL/0/id.pro.es.image.master/23/e8/a3/135: 402 Client Error: Payment Required for url: https://openrouter.ai/api/v1/chat/completions
2026-05-21 07:39:46 [WARNING] photo_processor.photo_classifier — Error clasificando foto https://img4.idealista.com/blur/WEB_DETAIL/0/id.pro.es.image.master/b6/60/f2/135: 402 Client Error: Payment Required for url: https://openrouter.ai/api/v1/chat/completions
2026-05-21 07:39:46 [WARNING] photo_processor.photo_classifier — Error clasificando foto https://img4.idealista.com/blur/WEB_DETAIL/0/id.pro.es.image.master/46/50/df/135: 402 Client Error: Payment Required for url: https://openrouter.ai/api/v1/chat/completions
2026-05-21 07:39:46 [WARNING] photo_processor.photo_classifier — Error clasificando foto https://img4.idealista.com/blur/WEB_DETAIL/0/id.pro.es.image.master/a1/44/53/135: 402 Client Error: Payment Required for url: https://openrouter.ai/api/v1/chat/completions
2026-05-21 07:39:46 [WARNING] photo_processor.photo_classifier — Error clasificando foto https://img4.idealista.com/blur/WEB_DETAIL/0/id.pro.es.image.master/3a/78/63/135: 402 Client Error: Payment Required for url: https://openrouter.ai/api/v1/chat/completions
2026-05-21 07:39:46 [WARNING] photo_processor.photo_classifier — Error clasificando foto https://img4.idealista.com/blur/WEB_DETAIL/0/id.pro.es.image.master/0d/76/f8/135: 402 Client Error: Payment Required for url: https://openrouter.ai/api/v1/chat/completions
2026-05-21 07:39:46 [WARNING] photo_processor.photo_classifier — Error clasificando foto https://img4.idealista.com/blur/WEB_DETAIL/0/id.pro.es.image.master/89/b4/5a/135: 402 Client Error: Payment Required for url: https://openrouter.ai/api/v1/chat/completions
2026-05-21 07:39:46 [WARNING] photo_processor.photo_classifier — Error clasificando foto https://img4.idealista.com/blur/WEB_DETAIL/0/id.pro.es.image.master/49/04/0a/135: 402 Client Error: Payment Required for url: https://openrouter.ai/api/v1/chat/completions
2026-05-21 07:39:46 [WARNING] photo_processor.photo_classifier — Error clasificando foto https://img4.idealista.com/blur/WEB_DETAIL/0/id.pro.es.image.master/75/5e/60/135: 402 Client Error: Payment Required for url: https://openrouter.ai/api/v1/chat/completions
2026-05-21 07:39:46 [WARNING] photo_processor.photo_classifier — Error clasificando foto https://img4.idealista.com/blur/WEB_DETAIL/0/id.pro.es.image.master/cb/20/76/135: 402 Client Error: Payment Required for url: https://openrouter.ai/api/v1/chat/completions
2026-05-21 07:39:46 [WARNING] photo_processor.photo_classifier — Error clasificando foto https://img4.idealista.com/blur/WEB_DETAIL/0/id.pro.es.image.master/b1/1b/86/135: 402 Client Error: Payment Required for url: https://openrouter.ai/api/v1/chat/completions
2026-05-21 07:39:46 [WARNING] photo_processor.photo_classifier — Error clasificando foto https://img4.idealista.com/blur/WEB_DETAIL/0/id.pro.es.image.master/58/89/8c/135: 402 Client Error: Payment Required for url: https://openrouter.ai/api/v1/chat/completions
2026-05-21 07:39:46 [WARNING] photo_processor.photo_classifier — Error clasificando foto https://img4.idealista.com/blur/WEB_DETAIL/0/id.pro.es.image.master/86/bf/bc/135: 402 Client Error: Payment Required for url: https://openrouter.ai/api/v1/chat/completions
2026-05-21 07:39:46 [WARNING] photo_processor.photo_classifier — Error clasificando foto https://img4.idealista.com/blur/WEB_DETAIL/0/id.pro.es.image.master/b2/8c/34/135: 402 Client Error: Payment Required for url: https://openrouter.ai/api/v1/chat/completions
2026-05-21 07:39:46 [WARNING] photo_processor.photo_classifier — Error clasificando foto https://img4.idealista.com/blur/WEB_DETAIL/0/id.pro.es.image.master/c5/83/a1/135: 402 Client Error: Payment Required for url: https://openrouter.ai/api/v1/chat/completions
2026-05-21 07:39:46 [WARNING] photo_processor.photo_classifier — Error clasificando foto https://img4.idealista.com/blur/WEB_DETAIL/0/id.pro.es.image.master/9c/06/00/135: 402 Client Error: Payment Required for url: https://openrouter.ai/api/v1/chat/completions
2026-05-21 07:39:46 [WARNING] photo_processor.photo_classifier — Error clasificando foto https://img4.idealista.com/blur/WEB_DETAIL/0/id.pro.es.image.master/57/b8/80/135: 402 Client Error: Payment Required for url: https://openrouter.ai/api/v1/chat/completions
2026-05-21 07:39:46 [WARNING] photo_processor.photo_classifier — Error clasificando foto https://img4.idealista.com/blur/WEB_DETAIL/0/id.pro.es.image.master/52/31/e8/135: 402 Client Error: Payment Required for url: https://openrouter.ai/api/v1/chat/completions
2026-05-21 07:39:46 [WARNING] photo_processor.photo_classifier — Error clasificando foto https://img4.idealista.com/blur/WEB_DETAIL/0/id.pro.es.video.master/34/bb/c3/d_0: 402 Client Error: Payment Required for url: https://openrouter.ai/api/v1/chat/completions
2026-05-21 07:39:46 [INFO] photo_processor.photo_classifier — Calculando pHash de 54 fotos para deduplicación...
2026-05-21 07:39:48 [INFO] photo_processor.photo_classifier — Fotos seleccionadas: {'fachada': 0, 'salon': 0, 'cocina': 0, 'dormitorio': 0, 'bano': 0, 'terraza': 0, 'exterior': 0} | vacías: 0 (total: 0)
2026-05-21 07:39:48 [WARNING] photo_processor.photo_enhancer — Propiedad 108840698: 0 fotos seleccionadas por el clasificador
2026-05-21 07:39:48 [WARNING] monitor.property_monitor — [SKIP-WP] Propiedad 108840698 no se publica en WP — fotos no procesadas (se reintentará próximo ciclo)
2026-05-21 07:39:48 [WARNING] monitor.property_monitor — [REINTENTO ABORTADO] 108840698 — ver reporte
2026-05-21 07:39:48 [INFO] photo_processor.photo_classifier — Clasificando 23 fotos con OpenRouter vision (type+empty+shot)...
2026-05-21 07:39:48 [WARNING] photo_processor.photo_classifier — Error clasificando foto https://img4.idealista.com/blur/WEB_DETAIL/0/id.pro.es.image.master/25/9a/e6/142: 402 Client Error: Payment Required for url: https://openrouter.ai/api/v1/chat/completions
2026-05-21 07:39:48 [WARNING] photo_processor.photo_classifier — Error clasificando foto https://img4.idealista.com/blur/WEB_DETAIL/0/id.pro.es.image.master/d7/7e/33/142: 402 Client Error: Payment Required for url: https://openrouter.ai/api/v1/chat/completions
2026-05-21 07:39:48 [WARNING] photo_processor.photo_classifier — Error clasificando foto https://img4.idealista.com/blur/WEB_DETAIL/0/id.pro.es.image.master/50/ed/83/142: 402 Client Error: Payment Required for url: https://openrouter.ai/api/v1/chat/completions
2026-05-21 07:39:48 [WARNING] photo_processor.photo_classifier — Error clasificando foto https://img4.idealista.com/blur/WEB_DETAIL/0/id.pro.es.image.master/bf/6b/33/142: 402 Client Error: Payment Required for url: https://openrouter.ai/api/v1/chat/completions
2026-05-21 07:39:48 [WARNING] photo_processor.photo_classifier — Error clasificando foto https://img4.idealista.com/blur/WEB_DETAIL/0/id.pro.es.image.master/14/60/b4/142: 402 Client Error: Payment Required for url: https://openrouter.ai/api/v1/chat/completions
2026-05-21 07:39:48 [WARNING] photo_processor.photo_classifier — Error clasificando foto https://img4.idealista.com/blur/WEB_DETAIL/0/id.pro.es.image.master/a6/23/a8/142: 402 Client Error: Payment Required for url: https://openrouter.ai/api/v1/chat/completions
2026-05-21 07:39:48 [WARNING] photo_processor.photo_classifier — Error clasificando foto https://img4.idealista.com/blur/WEB_DETAIL/0/id.pro.es.image.master/e1/16/3d/142: 402 Client Error: Payment Required for url: https://openrouter.ai/api/v1/chat/completions
2026-05-21 07:39:48 [WARNING] photo_processor.photo_classifier — Error clasificando foto https://img4.idealista.com/blur/WEB_DETAIL/0/id.pro.es.image.master/3a/61/ba/142: 402 Client Error: Payment Required for url: https://openrouter.ai/api/v1/chat/completions
2026-05-21 07:39:48 [WARNING] photo_processor.photo_classifier — Error clasificando foto https://img4.idealista.com/blur/WEB_DETAIL/0/id.pro.es.image.master/6a/42/46/142: 402 Client Error: Payment Required for url: https://openrouter.ai/api/v1/chat/completions
2026-05-21 07:39:48 [WARNING] photo_processor.photo_classifier — Error clasificando foto https://img4.idealista.com/blur/WEB_DETAIL/0/id.pro.es.image.master/80/44/37/142: 402 Client Error: Payment Required for url: https://openrouter.ai/api/v1/chat/completions
2026-05-21 07:39:48 [WARNING] photo_processor.photo_classifier — Error clasificando foto https://img4.idealista.com/blur/WEB_DETAIL/0/id.pro.es.image.master/7d/fb/a7/142: 402 Client Error: Payment Required for url: https://openrouter.ai/api/v1/chat/completions
2026-05-21 07:39:48 [WARNING] photo_processor.photo_classifier — Error clasificando foto https://img4.idealista.com/blur/WEB_DETAIL/0/id.pro.es.image.master/05/02/9b/142: 402 Client Error: Payment Required for url: https://openrouter.ai/api/v1/chat/completions
2026-05-21 07:39:48 [WARNING] photo_processor.photo_classifier — Error clasificando foto https://img4.idealista.com/blur/WEB_DETAIL/0/id.pro.es.image.master/a5/59/1a/142: 402 Client Error: Payment Required for url: https://openrouter.ai/api/v1/chat/completions
2026-05-21 07:39:48 [WARNING] photo_processor.photo_classifier — Error clasificando foto https://img4.idealista.com/blur/WEB_DETAIL/0/id.pro.es.image.master/85/bf/93/142: 402 Client Error: Payment Required for url: https://openrouter.ai/api/v1/chat/completions
2026-05-21 07:39:48 [WARNING] photo_processor.photo_classifier — Error clasificando foto https://img4.idealista.com/blur/WEB_DETAIL/0/id.pro.es.image.master/0b/b8/9b/142: 402 Client Error: Payment Required for url: https://openrouter.ai/api/v1/chat/completions
2026-05-21 07:39:49 [WARNING] photo_processor.photo_classifier — Error clasificando foto https://img4.idealista.com/blur/WEB_DETAIL/0/id.pro.es.image.master/b3/ca/33/142: 402 Client Error: Payment Required for url: https://openrouter.ai/api/v1/chat/completions
2026-05-21 07:39:49 [WARNING] photo_processor.photo_classifier — Error clasificando foto https://img4.idealista.com/blur/WEB_DETAIL/0/id.pro.es.image.master/ac/6c/6a/142: 402 Client Error: Payment Required for url: https://openrouter.ai/api/v1/chat/completions
2026-05-21 07:39:49 [WARNING] photo_processor.photo_classifier — Error clasificando foto https://img4.idealista.com/blur/WEB_DETAIL/0/id.pro.es.image.master/f3/49/05/142: 402 Client Error: Payment Required for url: https://openrouter.ai/api/v1/chat/completions
2026-05-21 07:39:49 [WARNING] photo_processor.photo_classifier — Error clasificando foto https://img4.idealista.com/blur/WEB_DETAIL/0/id.pro.es.image.master/b9/f0/c4/142: 402 Client Error: Payment Required for url: https://openrouter.ai/api/v1/chat/completions
2026-05-21 07:39:49 [WARNING] photo_processor.photo_classifier — Error clasificando foto https://img4.idealista.com/blur/WEB_DETAIL/0/id.pro.es.image.master/02/04/4b/142: 402 Client Error: Payment Required for url: https://openrouter.ai/api/v1/chat/completions
2026-05-21 07:39:49 [WARNING] photo_processor.photo_classifier — Error clasificando foto https://img4.idealista.com/blur/WEB_DETAIL/0/id.pro.es.image.master/57/83/0d/142: 402 Client Error: Payment Required for url: https://openrouter.ai/api/v1/chat/completions
2026-05-21 07:39:49 [WARNING] photo_processor.photo_classifier — Error clasificando foto https://img4.idealista.com/blur/WEB_DETAIL/0/id.pro.es.image.master/b6/92/1e/142: 402 Client Error: Payment Required for url: https://openrouter.ai/api/v1/chat/completions
2026-05-21 07:39:49 [WARNING] photo_processor.photo_classifier — Error clasificando foto https://img4.idealista.com/blur/WEB_DETAIL/0/id.pro.es.image.master/f9/8b/9d/142: 402 Client Error: Payment Required for url: https://openrouter.ai/api/v1/chat/completions
2026-05-21 07:39:49 [INFO] photo_processor.photo_classifier — Calculando pHash de 23 fotos para deduplicación...
2026-05-21 07:39:50 [INFO] photo_processor.photo_classifier — Fotos seleccionadas: {'fachada': 0, 'salon': 0, 'cocina': 0, 'dormitorio': 0, 'bano': 0, 'terraza': 0, 'exterior': 0} | vacías: 0 (total: 0)
2026-05-21 07:39:50 [WARNING] photo_processor.photo_enhancer — Propiedad 110862060: 0 fotos seleccionadas por el clasificador
2026-05-21 07:39:50 [WARNING] monitor.property_monitor — [SKIP-WP] Propiedad 110862060 no se publica en WP — fotos no procesadas (se reintentará próximo ciclo)
2026-05-21 07:39:50 [WARNING] monitor.property_monitor — [REINTENTO ABORTADO] 110862060 — ver reporte
2026-05-21 07:39:50 [INFO] photo_processor.photo_classifier — Clasificando 27 fotos con OpenRouter vision (type+empty+shot)...
2026-05-21 07:39:50 [WARNING] photo_processor.photo_classifier — Error clasificando foto https://img4.idealista.com/blur/WEB_DETAIL/0/id.pro.es.image.master/fc/b8/f6/944: 402 Client Error: Payment Required for url: https://openrouter.ai/api/v1/chat/completions
2026-05-21 07:39:50 [WARNING] photo_processor.photo_classifier — Error clasificando foto https://img4.idealista.com/blur/WEB_DETAIL/0/id.pro.es.image.master/6f/00/68/944: 402 Client Error: Payment Required for url: https://openrouter.ai/api/v1/chat/completions
2026-05-21 07:39:50 [WARNING] photo_processor.photo_classifier — Error clasificando foto https://img4.idealista.com/blur/WEB_DETAIL/0/id.pro.es.image.master/28/fa/fd/944: 402 Client Error: Payment Required for url: https://openrouter.ai/api/v1/chat/completions
2026-05-21 07:39:50 [WARNING] photo_processor.photo_classifier — Error clasificando foto https://img4.idealista.com/blur/WEB_DETAIL/0/id.pro.es.image.master/e4/a9/62/944: 402 Client Error: Payment Required for url: https://openrouter.ai/api/v1/chat/completions
2026-05-21 07:39:50 [WARNING] photo_processor.photo_classifier — Error clasificando foto https://img4.idealista.com/blur/WEB_DETAIL/0/id.pro.es.image.master/46/ac/5e/944: 402 Client Error: Payment Required for url: https://openrouter.ai/api/v1/chat/completions
2026-05-21 07:39:50 [WARNING] photo_processor.photo_classifier — Error clasificando foto https://img4.idealista.com/blur/WEB_DETAIL/0/id.pro.es.image.master/3c/55/8f/944: 402 Client Error: Payment Required for url: https://openrouter.ai/api/v1/chat/completions
2026-05-21 07:39:50 [WARNING] photo_processor.photo_classifier — Error clasificando foto https://img4.idealista.com/blur/WEB_DETAIL/0/id.pro.es.image.master/16/c1/4d/944: 402 Client Error: Payment Required for url: https://openrouter.ai/api/v1/chat/completions
2026-05-21 07:39:50 [WARNING] photo_processor.photo_classifier — Error clasificando foto https://img4.idealista.com/blur/WEB_DETAIL/0/id.pro.es.image.master/a5/91/8d/944: 402 Client Error: Payment Required for url: https://openrouter.ai/api/v1/chat/completions
2026-05-21 07:39:50 [WARNING] photo_processor.photo_classifier — Error clasificando foto https://img4.idealista.com/blur/WEB_DETAIL/0/id.pro.es.image.master/92/9f/91/944: 402 Client Error: Payment Required for url: https://openrouter.ai/api/v1/chat/completions
2026-05-21 07:39:50 [WARNING] photo_processor.photo_classifier — Error clasificando foto https://img4.idealista.com/blur/WEB_DETAIL/0/id.pro.es.image.master/82/6a/e4/944: 402 Client Error: Payment Required for url: https://openrouter.ai/api/v1/chat/completions
2026-05-21 07:39:50 [WARNING] photo_processor.photo_classifier — Error clasificando foto https://img4.idealista.com/blur/WEB_DETAIL/0/id.pro.es.image.master/19/f4/b6/944: 402 Client Error: Payment Required for url: https://openrouter.ai/api/v1/chat/completions
2026-05-21 07:39:50 [WARNING] photo_processor.photo_classifier — Error clasificando foto https://img4.idealista.com/blur/WEB_DETAIL/0/id.pro.es.image.master/c8/35/71/944: 402 Client Error: Payment Required for url: https://openrouter.ai/api/v1/chat/completions
2026-05-21 07:39:50 [WARNING] photo_processor.photo_classifier — Error clasificando foto https://img4.idealista.com/blur/WEB_DETAIL/0/id.pro.es.image.master/4a/45/2b/944: 402 Client Error: Payment Required for url: https://openrouter.ai/api/v1/chat/completions
2026-05-21 07:39:50 [WARNING] photo_processor.photo_classifier — Error clasificando foto https://img4.idealista.com/blur/WEB_DETAIL/0/id.pro.es.image.master/c8/80/b7/944: 402 Client Error: Payment Required for url: https://openrouter.ai/api/v1/chat/completions
2026-05-21 07:39:50 [WARNING] photo_processor.photo_classifier — Error clasificando foto https://img4.idealista.com/blur/WEB_DETAIL/0/id.pro.es.image.master/a7/fa/2b/944: 402 Client Error: Payment Required for url: https://openrouter.ai/api/v1/chat/completions
2026-05-21 07:39:50 [WARNING] photo_processor.photo_classifier — Error clasificando foto https://img4.idealista.com/blur/WEB_DETAIL/0/id.pro.es.image.master/cb/0a/a2/944: 402 Client Error: Payment Required for url: https://openrouter.ai/api/v1/chat/completions
2026-05-21 07:39:50 [WARNING] photo_processor.photo_classifier — Error clasificando foto https://img4.idealista.com/blur/WEB_DETAIL/0/id.pro.es.image.master/c4/e7/55/944: 402 Client Error: Payment Required for url: https://openrouter.ai/api/v1/chat/completions
2026-05-21 07:39:50 [WARNING] photo_processor.photo_classifier — Error clasificando foto https://img4.idealista.com/blur/WEB_DETAIL/0/id.pro.es.image.master/38/51/99/944: 402 Client Error: Payment Required for url: https://openrouter.ai/api/v1/chat/completions
2026-05-21 07:39:50 [WARNING] photo_processor.photo_classifier — Error clasificando foto https://img4.idealista.com/blur/WEB_DETAIL/0/id.pro.es.image.master/06/95/10/944: 402 Client Error: Payment Required for url: https://openrouter.ai/api/v1/chat/completions
2026-05-21 07:39:50 [WARNING] photo_processor.photo_classifier — Error clasificando foto https://img4.idealista.com/blur/WEB_DETAIL/0/id.pro.es.image.master/aa/91/aa/944: 402 Client Error: Payment Required for url: https://openrouter.ai/api/v1/chat/completions
2026-05-21 07:39:50 [WARNING] photo_processor.photo_classifier — Error clasificando foto https://img4.idealista.com/blur/WEB_DETAIL/0/id.pro.es.image.master/56/ac/3f/944: 402 Client Error: Payment Required for url: https://openrouter.ai/api/v1/chat/completions
2026-05-21 07:39:50 [WARNING] photo_processor.photo_classifier — Error clasificando foto https://img4.idealista.com/blur/WEB_DETAIL/0/id.pro.es.image.master/fd/b6/6f/944: 402 Client Error: Payment Required for url: https://openrouter.ai/api/v1/chat/completions
2026-05-21 07:39:51 [WARNING] photo_processor.photo_classifier — Error clasificando foto https://img4.idealista.com/blur/WEB_DETAIL/0/id.pro.es.image.master/2d/6b/8e/944: 402 Client Error: Payment Required for url: https://openrouter.ai/api/v1/chat/completions
2026-05-21 07:39:51 [WARNING] photo_processor.photo_classifier — Error clasificando foto https://img4.idealista.com/blur/WEB_DETAIL/0/id.pro.es.image.master/cd/e7/4d/944: 402 Client Error: Payment Required for url: https://openrouter.ai/api/v1/chat/completions
2026-05-21 07:39:51 [WARNING] photo_processor.photo_classifier — Error clasificando foto https://img4.idealista.com/blur/WEB_DETAIL/0/id.pro.es.image.master/b8/cd/c9/944: 402 Client Error: Payment Required for url: https://openrouter.ai/api/v1/chat/completions
2026-05-21 07:39:51 [WARNING] photo_processor.photo_classifier — Error clasificando foto https://img4.idealista.com/blur/WEB_DETAIL/0/id.pro.es.image.master/05/d4/4b/944: 402 Client Error: Payment Required for url: https://openrouter.ai/api/v1/chat/completions
2026-05-21 07:39:51 [WARNING] photo_processor.photo_classifier — Error clasificando foto https://img4.idealista.com/blur/WEB_DETAIL/0/id.pro.es.image.master/a6/90/e0/944: 402 Client Error: Payment Required for url: https://openrouter.ai/api/v1/chat/completions
2026-05-21 07:39:51 [INFO] photo_processor.photo_classifier — Calculando pHash de 27 fotos para deduplicación...
2026-05-21 07:39:52 [INFO] photo_processor.photo_classifier — Fotos seleccionadas: {'fachada': 0, 'salon': 0, 'cocina': 0, 'dormitorio': 0, 'bano': 0, 'terraza': 0, 'exterior': 0} | vacías: 0 (total: 0)
2026-05-21 07:39:52 [WARNING] photo_processor.photo_enhancer — Propiedad 96332250: 0 fotos seleccionadas por el clasificador
2026-05-21 07:39:52 [WARNING] monitor.property_monitor — [SKIP-WP] Propiedad 96332250 no se publica en WP — fotos no procesadas (se reintentará próximo ciclo)
2026-05-21 07:39:52 [WARNING] monitor.property_monitor — [REINTENTO ABORTADO] 96332250 — ver reporte
2026-05-21 07:39:52 [INFO] photo_processor.photo_classifier — Clasificando 34 fotos con OpenRouter vision (type+empty+shot)...
2026-05-21 07:39:52 [WARNING] photo_processor.photo_classifier — Error clasificando foto https://img4.idealista.com/blur/WEB_DETAIL/0/id.pro.es.image.master/ed/5e/25/125: 402 Client Error: Payment Required for url: https://openrouter.ai/api/v1/chat/completions
2026-05-21 07:39:52 [WARNING] photo_processor.photo_classifier — Error clasificando foto https://img4.idealista.com/blur/WEB_DETAIL/0/id.pro.es.image.master/51/63/98/125: 402 Client Error: Payment Required for url: https://openrouter.ai/api/v1/chat/completions
2026-05-21 07:39:52 [WARNING] photo_processor.photo_classifier — Error clasificando foto https://img4.idealista.com/blur/WEB_DETAIL/0/id.pro.es.image.master/d6/23/e2/125: 402 Client Error: Payment Required for url: https://openrouter.ai/api/v1/chat/completions
2026-05-21 07:39:52 [WARNING] photo_processor.photo_classifier — Error clasificando foto https://img4.idealista.com/blur/WEB_DETAIL/0/id.pro.es.image.master/14/97/e3/125: 402 Client Error: Payment Required for url: https://openrouter.ai/api/v1/chat/completions
2026-05-21 07:39:52 [WARNING] photo_processor.photo_classifier — Error clasificando foto https://img4.idealista.com/blur/WEB_DETAIL/0/id.pro.es.image.master/24/17/0a/125: 402 Client Error: Payment Required for url: https://openrouter.ai/api/v1/chat/completions
2026-05-21 07:39:52 [WARNING] photo_processor.photo_classifier — Error clasificando foto https://img4.idealista.com/blur/WEB_DETAIL/0/id.pro.es.image.master/c2/c6/94/125: 402 Client Error: Payment Required for url: https://openrouter.ai/api/v1/chat/completions
2026-05-21 07:39:52 [WARNING] photo_processor.photo_classifier — Error clasificando foto https://img4.idealista.com/blur/WEB_DETAIL/0/id.pro.es.image.master/61/5f/12/125: 402 Client Error: Payment Required for url: https://openrouter.ai/api/v1/chat/completions
2026-05-21 07:39:52 [WARNING] photo_processor.photo_classifier — Error clasificando foto https://img4.idealista.com/blur/WEB_DETAIL/0/id.pro.es.image.master/69/fa/31/125: 402 Client Error: Payment Required for url: https://openrouter.ai/api/v1/chat/completions
2026-05-21 07:39:52 [WARNING] photo_processor.photo_classifier — Error clasificando foto https://img4.idealista.com/blur/WEB_DETAIL/0/id.pro.es.image.master/83/c8/50/125: 402 Client Error: Payment Required for url: https://openrouter.ai/api/v1/chat/completions
2026-05-21 07:39:52 [WARNING] photo_processor.photo_classifier — Error clasificando foto https://img4.idealista.com/blur/WEB_DETAIL/0/id.pro.es.image.master/db/7c/e4/125: 402 Client Error: Payment Required for url: https://openrouter.ai/api/v1/chat/completions
2026-05-21 07:39:52 [WARNING] photo_processor.photo_classifier — Error clasificando foto https://img4.idealista.com/blur/WEB_DETAIL/0/id.pro.es.image.master/ab/32/91/125: 402 Client Error: Payment Required for url: https://openrouter.ai/api/v1/chat/completions
2026-05-21 07:39:52 [WARNING] photo_processor.photo_classifier — Error clasificando foto https://img4.idealista.com/blur/WEB_DETAIL/0/id.pro.es.image.master/74/b4/d5/125: 402 Client Error: Payment Required for url: https://openrouter.ai/api/v1/chat/completions
2026-05-21 07:39:52 [WARNING] photo_processor.photo_classifier — Error clasificando foto https://img4.idealista.com/blur/WEB_DETAIL/0/id.pro.es.image.master/d3/db/b6/125: 402 Client Error: Payment Required for url: https://openrouter.ai/api/v1/chat/completions
2026-05-21 07:39:52 [WARNING] photo_processor.photo_classifier — Error clasificando foto https://img4.idealista.com/blur/WEB_DETAIL/0/id.pro.es.image.master/ab/13/8c/125: 402 Client Error: Payment Required for url: https://openrouter.ai/api/v1/chat/completions
2026-05-21 07:39:52 [WARNING] photo_processor.photo_classifier — Error clasificando foto https://img4.idealista.com/blur/WEB_DETAIL/0/id.pro.es.image.master/98/52/e2/125: 402 Client Error: Payment Required for url: https://openrouter.ai/api/v1/chat/completions
2026-05-21 07:39:52 [WARNING] photo_processor.photo_classifier — Error clasificando foto https://img4.idealista.com/blur/WEB_DETAIL/0/id.pro.es.image.master/6f/d6/39/125: 402 Client Error: Payment Required for url: https://openrouter.ai/api/v1/chat/completions
2026-05-21 07:39:52 [WARNING] photo_processor.photo_classifier — Error clasificando foto https://img4.idealista.com/blur/WEB_DETAIL/0/id.pro.es.image.master/86/75/9d/125: 402 Client Error: Payment Required for url: https://openrouter.ai/api/v1/chat/completions
2026-05-21 07:39:52 [WARNING] photo_processor.photo_classifier — Error clasificando foto https://img4.idealista.com/blur/WEB_DETAIL/0/id.pro.es.image.master/82/a9/d5/125: 402 Client Error: Payment Required for url: https://openrouter.ai/api/v1/chat/completions
2026-05-21 07:39:52 [WARNING] photo_processor.photo_classifier — Error clasificando foto https://img4.idealista.com/blur/WEB_DETAIL/0/id.pro.es.image.master/ba/1e/d2/125: 402 Client Error: Payment Required for url: https://openrouter.ai/api/v1/chat/completions
2026-05-21 07:39:52 [WARNING] photo_processor.photo_classifier — Error clasificando foto https://img4.idealista.com/blur/WEB_DETAIL/0/id.pro.es.image.master/77/1c/6f/125: 402 Client Error: Payment Required for url: https://openrouter.ai/api/v1/chat/completions
2026-05-21 07:39:52 [WARNING] photo_processor.photo_classifier — Error clasificando foto https://img4.idealista.com/blur/WEB_DETAIL/0/id.pro.es.image.master/59/47/cd/125: 402 Client Error: Payment Required for url: https://openrouter.ai/api/v1/chat/completions
2026-05-21 07:39:52 [WARNING] photo_processor.photo_classifier — Error clasificando foto https://img4.idealista.com/blur/WEB_DETAIL/0/id.pro.es.image.master/d4/52/d2/125: 402 Client Error: Payment Required for url: https://openrouter.ai/api/v1/chat/completions
2026-05-21 07:39:53 [WARNING] photo_processor.photo_classifier — Error clasificando foto https://img4.idealista.com/blur/WEB_DETAIL/0/id.pro.es.image.master/58/7e/bd/125: 402 Client Error: Payment Required for url: https://openrouter.ai/api/v1/chat/completions
2026-05-21 07:39:53 [WARNING] photo_processor.photo_classifier — Error clasificando foto https://img4.idealista.com/blur/WEB_DETAIL/0/id.pro.es.image.master/95/84/b7/125: 402 Client Error: Payment Required for url: https://openrouter.ai/api/v1/chat/completions
2026-05-21 07:39:53 [WARNING] photo_processor.photo_classifier — Error clasificando foto https://img4.idealista.com/blur/WEB_DETAIL/0/id.pro.es.image.master/50/4a/1b/125: 402 Client Error: Payment Required for url: https://openrouter.ai/api/v1/chat/completions
2026-05-21 07:39:53 [WARNING] photo_processor.photo_classifier — Error clasificando foto https://img4.idealista.com/blur/WEB_DETAIL/0/id.pro.es.image.master/74/df/82/125: 402 Client Error: Payment Required for url: https://openrouter.ai/api/v1/chat/completions
2026-05-21 07:39:53 [WARNING] photo_processor.photo_classifier — Error clasificando foto https://img4.idealista.com/blur/WEB_DETAIL/0/id.pro.es.image.master/e8/30/44/125: 402 Client Error: Payment Required for url: https://openrouter.ai/api/v1/chat/completions
2026-05-21 07:39:53 [WARNING] photo_processor.photo_classifier — Error clasificando foto https://img4.idealista.com/blur/WEB_DETAIL/0/id.pro.es.image.master/64/c4/72/125: 402 Client Error: Payment Required for url: https://openrouter.ai/api/v1/chat/completions
2026-05-21 07:39:53 [WARNING] photo_processor.photo_classifier — Error clasificando foto https://img4.idealista.com/blur/WEB_DETAIL/0/id.pro.es.image.master/23/ba/65/125: 402 Client Error: Payment Required for url: https://openrouter.ai/api/v1/chat/completions
2026-05-21 07:39:53 [WARNING] photo_processor.photo_classifier — Error clasificando foto https://img4.idealista.com/blur/WEB_DETAIL/0/id.pro.es.image.master/32/97/1b/125: 402 Client Error: Payment Required for url: https://openrouter.ai/api/v1/chat/completions
2026-05-21 07:39:53 [WARNING] photo_processor.photo_classifier — Error clasificando foto https://img4.idealista.com/blur/WEB_DETAIL/0/id.pro.es.image.master/ac/fe/55/125: 402 Client Error: Payment Required for url: https://openrouter.ai/api/v1/chat/completions
2026-05-21 07:39:53 [WARNING] photo_processor.photo_classifier — Error clasificando foto https://img4.idealista.com/blur/WEB_DETAIL/0/id.pro.es.image.master/51/00/18/125: 402 Client Error: Payment Required for url: https://openrouter.ai/api/v1/chat/completions
2026-05-21 07:39:53 [WARNING] photo_processor.photo_classifier — Error clasificando foto https://img4.idealista.com/blur/WEB_DETAIL/0/id.pro.es.image.master/fa/f9/c4/125: 402 Client Error: Payment Required for url: https://openrouter.ai/api/v1/chat/completions
2026-05-21 07:39:53 [WARNING] photo_processor.photo_classifier — Error clasificando foto https://img4.idealista.com/blur/WEB_DETAIL/0/id.pro.es.image.master/2d/54/3d/125: 402 Client Error: Payment Required for url: https://openrouter.ai/api/v1/chat/completions
2026-05-21 07:39:53 [INFO] photo_processor.photo_classifier — Calculando pHash de 34 fotos para deduplicación...
2026-05-21 07:39:54 [INFO] photo_processor.photo_classifier — Fotos seleccionadas: {'fachada': 0, 'salon': 0, 'cocina': 0, 'dormitorio': 0, 'bano': 0, 'terraza': 0, 'exterior': 0} | vacías: 0 (total: 0)
2026-05-21 07:39:54 [WARNING] photo_processor.photo_enhancer — Propiedad 105684394: 0 fotos seleccionadas por el clasificador
2026-05-21 07:39:54 [WARNING] monitor.property_monitor — [SKIP-WP] Propiedad 105684394 no se publica en WP — fotos no procesadas (se reintentará próximo ciclo)
2026-05-21 07:39:54 [WARNING] monitor.property_monitor — [REINTENTO ABORTADO] 105684394 — ver reporte
2026-05-21 07:39:54 [INFO] photo_processor.photo_classifier — Clasificando 64 fotos con OpenRouter vision (type+empty+shot)...
2026-05-21 07:39:54 [WARNING] photo_processor.photo_classifier — Error clasificando foto https://img4.idealista.com/blur/WEB_DETAIL/0/id.pro.es.image.master/00/93/ae/137: 402 Client Error: Payment Required for url: https://openrouter.ai/api/v1/chat/completions
2026-05-21 07:39:54 [WARNING] photo_processor.photo_classifier — Error clasificando foto https://img4.idealista.com/blur/WEB_DETAIL/0/id.pro.es.image.master/fb/ca/7f/137: 402 Client Error: Payment Required for url: https://openrouter.ai/api/v1/chat/completions
2026-05-21 07:39:54 [WARNING] photo_processor.photo_classifier — Error clasificando foto https://img4.idealista.com/blur/WEB_DETAIL/0/id.pro.es.image.master/fb/35/a9/137: 402 Client Error: Payment Required for url: https://openrouter.ai/api/v1/chat/completions
2026-05-21 07:39:54 [WARNING] photo_processor.photo_classifier — Error clasificando foto https://img4.idealista.com/blur/WEB_DETAIL/0/id.pro.es.image.master/ba/dc/ac/137: 402 Client Error: Payment Required for url: https://openrouter.ai/api/v1/chat/completions
2026-05-21 07:39:54 [WARNING] photo_processor.photo_classifier — Error clasificando foto https://img4.idealista.com/blur/WEB_DETAIL/0/id.pro.es.image.master/77/23/e7/137: 402 Client Error: Payment Required for url: https://openrouter.ai/api/v1/chat/completions
2026-05-21 07:39:54 [WARNING] photo_processor.photo_classifier — Error clasificando foto https://img4.idealista.com/blur/WEB_DETAIL/0/id.pro.es.image.master/5c/3e/42/137: 402 Client Error: Payment Required for url: https://openrouter.ai/api/v1/chat/completions
2026-05-21 07:39:54 [WARNING] photo_processor.photo_classifier — Error clasificando foto https://img4.idealista.com/blur/WEB_DETAIL/0/id.pro.es.image.master/c3/68/0e/137: 402 Client Error: Payment Required for url: https://openrouter.ai/api/v1/chat/completions
2026-05-21 07:39:54 [WARNING] photo_processor.photo_classifier — Error clasificando foto https://img4.idealista.com/blur/WEB_DETAIL/0/id.pro.es.image.master/4e/07/f6/137: 402 Client Error: Payment Required for url: https://openrouter.ai/api/v1/chat/completions
2026-05-21 07:39:54 [WARNING] photo_processor.photo_classifier — Error clasificando foto https://img4.idealista.com/blur/WEB_DETAIL/0/id.pro.es.image.master/69/b7/09/137: 402 Client Error: Payment Required for url: https://openrouter.ai/api/v1/chat/completions
2026-05-21 07:39:54 [WARNING] photo_processor.photo_classifier — Error clasificando foto https://img4.idealista.com/blur/WEB_DETAIL/0/id.pro.es.image.master/f5/6d/1e/137: 402 Client Error: Payment Required for url: https://openrouter.ai/api/v1/chat/completions
2026-05-21 07:39:54 [WARNING] photo_processor.photo_classifier — Error clasificando foto https://img4.idealista.com/blur/WEB_DETAIL/0/id.pro.es.image.master/01/71/3a/137: 402 Client Error: Payment Required for url: https://openrouter.ai/api/v1/chat/completions
2026-05-21 07:39:54 [WARNING] photo_processor.photo_classifier — Error clasificando foto https://img4.idealista.com/blur/WEB_DETAIL/0/id.pro.es.image.master/21/54/ff/137: 402 Client Error: Payment Required for url: https://openrouter.ai/api/v1/chat/completions
2026-05-21 07:39:54 [WARNING] photo_processor.photo_classifier — Error clasificando foto https://img4.idealista.com/blur/WEB_DETAIL/0/id.pro.es.image.master/09/6f/f6/137: 402 Client Error: Payment Required for url: https://openrouter.ai/api/v1/chat/completions
2026-05-21 07:39:54 [WARNING] photo_processor.photo_classifier — Error clasificando foto https://img4.idealista.com/blur/WEB_DETAIL/0/id.pro.es.image.master/46/65/63/137: 402 Client Error: Payment Required for url: https://openrouter.ai/api/v1/chat/completions
2026-05-21 07:39:54 [WARNING] photo_processor.photo_classifier — Error clasificando foto https://img4.idealista.com/blur/WEB_DETAIL/0/id.pro.es.image.master/e7/15/3c/137: 402 Client Error: Payment Required for url: https://openrouter.ai/api/v1/chat/completions
2026-05-21 07:39:54 [WARNING] photo_processor.photo_classifier — Error clasificando foto https://img4.idealista.com/blur/WEB_DETAIL/0/id.pro.es.image.master/e4/97/87/137: 402 Client Error: Payment Required for url: https://openrouter.ai/api/v1/chat/completions
2026-05-21 07:39:54 [WARNING] photo_processor.photo_classifier — Error clasificando foto https://img4.idealista.com/blur/WEB_DETAIL/0/id.pro.es.image.master/e1/a1/21/137: 402 Client Error: Payment Required for url: https://openrouter.ai/api/v1/chat/completions
2026-05-21 07:39:54 [WARNING] photo_processor.photo_classifier — Error clasificando foto https://img4.idealista.com/blur/WEB_DETAIL/0/id.pro.es.image.master/df/36/50/137: 402 Client Error: Payment Required for url: https://openrouter.ai/api/v1/chat/completions
2026-05-21 07:39:54 [WARNING] photo_processor.photo_classifier — Error clasificando foto https://img4.idealista.com/blur/WEB_DETAIL/0/id.pro.es.image.master/c2/7b/c0/137: 402 Client Error: Payment Required for url: https://openrouter.ai/api/v1/chat/completions
2026-05-21 07:39:54 [WARNING] photo_processor.photo_classifier — Error clasificando foto https://img4.idealista.com/blur/WEB_DETAIL/0/id.pro.es.image.master/6c/7b/9d/137: 402 Client Error: Payment Required for url: https://openrouter.ai/api/v1/chat/completions
2026-05-21 07:39:54 [WARNING] photo_processor.photo_classifier — Error clasificando foto https://img4.idealista.com/blur/WEB_DETAIL/0/id.pro.es.image.master/ca/30/c6/137: 402 Client Error: Payment Required for url: https://openrouter.ai/api/v1/chat/completions
2026-05-21 07:39:54 [WARNING] photo_processor.photo_classifier — Error clasificando foto https://img4.idealista.com/blur/WEB_DETAIL/0/id.pro.es.image.master/e9/f3/5f/137: 402 Client Error: Payment Required for url: https://openrouter.ai/api/v1/chat/completions
2026-05-21 07:39:54 [WARNING] photo_processor.photo_classifier — Error clasificando foto https://img4.idealista.com/blur/WEB_DETAIL/0/id.pro.es.image.master/7e/9a/b6/137: 402 Client Error: Payment Required for url: https://openrouter.ai/api/v1/chat/completions
2026-05-21 07:39:54 [WARNING] photo_processor.photo_classifier — Error clasificando foto https://img4.idealista.com/blur/WEB_DETAIL/0/id.pro.es.image.master/08/15/29/137: 402 Client Error: Payment Required for url: https://openrouter.ai/api/v1/chat/completions
2026-05-21 07:39:54 [WARNING] photo_processor.photo_classifier — Error clasificando foto https://img4.idealista.com/blur/WEB_DETAIL/0/id.pro.es.image.master/ec/8f/c4/137: 402 Client Error: Payment Required for url: https://openrouter.ai/api/v1/chat/completions
2026-05-21 07:39:55 [WARNING] photo_processor.photo_classifier — Error clasificando foto https://img4.idealista.com/blur/WEB_DETAIL/0/id.pro.es.image.master/1b/3e/a7/137: 402 Client Error: Payment Required for url: https://openrouter.ai/api/v1/chat/completions
2026-05-21 07:39:55 [WARNING] photo_processor.photo_classifier — Error clasificando foto https://img4.idealista.com/blur/WEB_DETAIL/0/id.pro.es.image.master/3b/e7/0c/137: 402 Client Error: Payment Required for url: https://openrouter.ai/api/v1/chat/completions
2026-05-21 07:39:55 [WARNING] photo_processor.photo_classifier — Error clasificando foto https://img4.idealista.com/blur/WEB_DETAIL/0/id.pro.es.image.master/7f/8a/d3/137: 402 Client Error: Payment Required for url: https://openrouter.ai/api/v1/chat/completions
2026-05-21 07:39:55 [WARNING] photo_processor.photo_classifier — Error clasificando foto https://img4.idealista.com/blur/WEB_DETAIL/0/id.pro.es.image.master/31/aa/d7/137: 402 Client Error: Payment Required for url: https://openrouter.ai/api/v1/chat/completions
2026-05-21 07:39:55 [WARNING] photo_processor.photo_classifier — Error clasificando foto https://img4.idealista.com/blur/WEB_DETAIL/0/id.pro.es.image.master/03/13/df/137: 402 Client Error: Payment Required for url: https://openrouter.ai/api/v1/chat/completions
2026-05-21 07:39:55 [WARNING] photo_processor.photo_classifier — Error clasificando foto https://img4.idealista.com/blur/WEB_DETAIL/0/id.pro.es.image.master/e1/14/71/137: 402 Client Error: Payment Required for url: https://openrouter.ai/api/v1/chat/completions
2026-05-21 07:39:55 [WARNING] photo_processor.photo_classifier — Error clasificando foto https://img4.idealista.com/blur/WEB_DETAIL/0/id.pro.es.image.master/5b/d9/fa/137: 402 Client Error: Payment Required for url: https://openrouter.ai/api/v1/chat/completions
2026-05-21 07:39:55 [WARNING] photo_processor.photo_classifier — Error clasificando foto https://img4.idealista.com/blur/WEB_DETAIL/0/id.pro.es.image.master/cf/2e/07/137: 402 Client Error: Payment Required for url: https://openrouter.ai/api/v1/chat/completions
2026-05-21 07:39:55 [WARNING] photo_processor.photo_classifier — Error clasificando foto https://img4.idealista.com/blur/WEB_DETAIL/0/id.pro.es.image.master/08/a2/a7/137: 402 Client Error: Payment Required for url: https://openrouter.ai/api/v1/chat/completions
2026-05-21 07:39:55 [WARNING] photo_processor.photo_classifier — Error clasificando foto https://img4.idealista.com/blur/WEB_DETAIL/0/id.pro.es.image.master/73/3f/ef/137: 402 Client Error: Payment Required for url: https://openrouter.ai/api/v1/chat/completions
2026-05-21 07:39:55 [WARNING] photo_processor.photo_classifier — Error clasificando foto https://img4.idealista.com/blur/WEB_DETAIL/0/id.pro.es.image.master/8c/a3/3c/137: 402 Client Error: Payment Required for url: https://openrouter.ai/api/v1/chat/completions
2026-05-21 07:39:55 [WARNING] photo_processor.photo_classifier — Error clasificando foto https://img4.idealista.com/blur/WEB_DETAIL/0/id.pro.es.image.master/d5/d3/ac/137: 402 Client Error: Payment Required for url: https://openrouter.ai/api/v1/chat/completions
2026-05-21 07:39:55 [WARNING] photo_processor.photo_classifier — Error clasificando foto https://img4.idealista.com/blur/WEB_DETAIL/0/id.pro.es.image.master/46/a8/6f/137: 402 Client Error: Payment Required for url: https://openrouter.ai/api/v1/chat/completions
2026-05-21 07:39:55 [WARNING] photo_processor.photo_classifier — Error clasificando foto https://img4.idealista.com/blur/WEB_DETAIL/0/id.pro.es.image.master/d9/ae/77/137: 402 Client Error: Payment Required for url: https://openrouter.ai/api/v1/chat/completions
2026-05-21 07:39:55 [WARNING] photo_processor.photo_classifier — Error clasificando foto https://img4.idealista.com/blur/WEB_DETAIL/0/id.pro.es.image.master/20/53/de/137: 402 Client Error: Payment Required for url: https://openrouter.ai/api/v1/chat/completions
2026-05-21 07:39:55 [WARNING] photo_processor.photo_classifier — Error clasificando foto https://img4.idealista.com/blur/WEB_DETAIL/0/id.pro.es.image.master/f9/a3/30/137: 402 Client Error: Payment Required for url: https://openrouter.ai/api/v1/chat/completions
2026-05-21 07:39:55 [WARNING] photo_processor.photo_classifier — Error clasificando foto https://img4.idealista.com/blur/WEB_DETAIL/0/id.pro.es.image.master/42/23/32/137: 402 Client Error: Payment Required for url: https://openrouter.ai/api/v1/chat/completions
2026-05-21 07:39:55 [WARNING] photo_processor.photo_classifier — Error clasificando foto https://img4.idealista.com/blur/WEB_DETAIL/0/id.pro.es.image.master/54/e3/1a/137: 402 Client Error: Payment Required for url: https://openrouter.ai/api/v1/chat/completions
2026-05-21 07:39:55 [WARNING] photo_processor.photo_classifier — Error clasificando foto https://img4.idealista.com/blur/WEB_DETAIL/0/id.pro.es.image.master/10/45/02/137: 402 Client Error: Payment Required for url: https://openrouter.ai/api/v1/chat/completions
2026-05-21 07:39:55 [WARNING] photo_processor.photo_classifier — Error clasificando foto https://img4.idealista.com/blur/WEB_DETAIL/0/id.pro.es.image.master/d0/f8/8a/137: 402 Client Error: Payment Required for url: https://openrouter.ai/api/v1/chat/completions
2026-05-21 07:39:55 [WARNING] photo_processor.photo_classifier — Error clasificando foto https://img4.idealista.com/blur/WEB_DETAIL/0/id.pro.es.image.master/1c/27/be/137: 402 Client Error: Payment Required for url: https://openrouter.ai/api/v1/chat/completions
2026-05-21 07:39:55 [WARNING] photo_processor.photo_classifier — Error clasificando foto https://img4.idealista.com/blur/WEB_DETAIL/0/id.pro.es.image.master/b8/f8/17/137: 402 Client Error: Payment Required for url: https://openrouter.ai/api/v1/chat/completions
2026-05-21 07:39:55 [WARNING] photo_processor.photo_classifier — Error clasificando foto https://img4.idealista.com/blur/WEB_DETAIL/0/id.pro.es.image.master/8c/72/d0/137: 402 Client Error: Payment Required for url: https://openrouter.ai/api/v1/chat/completions
2026-05-21 07:39:55 [WARNING] photo_processor.photo_classifier — Error clasificando foto https://img4.idealista.com/blur/WEB_DETAIL/0/id.pro.es.image.master/1a/db/98/137: 402 Client Error: Payment Required for url: https://openrouter.ai/api/v1/chat/completions
2026-05-21 07:39:55 [WARNING] photo_processor.photo_classifier — Error clasificando foto https://img4.idealista.com/blur/WEB_DETAIL/0/id.pro.es.image.master/0c/72/54/137: 402 Client Error: Payment Required for url: https://openrouter.ai/api/v1/chat/completions
2026-05-21 07:39:55 [WARNING] photo_processor.photo_classifier — Error clasificando foto https://img4.idealista.com/blur/WEB_DETAIL/0/id.pro.es.image.master/0e/03/83/137: 402 Client Error: Payment Required for url: https://openrouter.ai/api/v1/chat/completions
2026-05-21 07:39:55 [WARNING] photo_processor.photo_classifier — Error clasificando foto https://img4.idealista.com/blur/WEB_DETAIL/0/id.pro.es.image.master/13/78/37/137: 402 Client Error: Payment Required for url: https://openrouter.ai/api/v1/chat/completions
2026-05-21 07:39:55 [WARNING] photo_processor.photo_classifier — Error clasificando foto https://img4.idealista.com/blur/WEB_DETAIL/0/id.pro.es.image.master/78/ab/74/137: 402 Client Error: Payment Required for url: https://openrouter.ai/api/v1/chat/completions
2026-05-21 07:39:55 [WARNING] photo_processor.photo_classifier — Error clasificando foto https://img4.idealista.com/blur/WEB_DETAIL/0/id.pro.es.image.master/ac/85/d0/137: 402 Client Error: Payment Required for url: https://openrouter.ai/api/v1/chat/completions
2026-05-21 07:39:55 [WARNING] photo_processor.photo_classifier — Error clasificando foto https://img4.idealista.com/blur/WEB_DETAIL/0/id.pro.es.image.master/01/5c/68/137: 402 Client Error: Payment Required for url: https://openrouter.ai/api/v1/chat/completions
2026-05-21 07:39:55 [WARNING] photo_processor.photo_classifier — Error clasificando foto https://img4.idealista.com/blur/WEB_DETAIL/0/id.pro.es.image.master/5d/35/05/137: 402 Client Error: Payment Required for url: https://openrouter.ai/api/v1/chat/completions
2026-05-21 07:39:55 [WARNING] photo_processor.photo_classifier — Error clasificando foto https://img4.idealista.com/blur/WEB_DETAIL/0/id.pro.es.image.master/e7/e3/b4/137: 402 Client Error: Payment Required for url: https://openrouter.ai/api/v1/chat/completions
2026-05-21 07:39:55 [WARNING] photo_processor.photo_classifier — Error clasificando foto https://img4.idealista.com/blur/WEB_DETAIL/0/id.pro.es.image.master/0e/f7/b2/137: 402 Client Error: Payment Required for url: https://openrouter.ai/api/v1/chat/completions
2026-05-21 07:39:55 [WARNING] photo_processor.photo_classifier — Error clasificando foto https://img4.idealista.com/blur/WEB_DETAIL/0/id.pro.es.image.master/04/cd/b4/137: 402 Client Error: Payment Required for url: https://openrouter.ai/api/v1/chat/completions
2026-05-21 07:39:55 [WARNING] photo_processor.photo_classifier — Error clasificando foto https://img4.idealista.com/blur/WEB_DETAIL/0/id.pro.es.image.master/87/25/48/137: 402 Client Error: Payment Required for url: https://openrouter.ai/api/v1/chat/completions
2026-05-21 07:39:55 [WARNING] photo_processor.photo_classifier — Error clasificando foto https://img4.idealista.com/blur/WEB_DETAIL/0/id.pro.es.image.master/25/f8/ab/137: 402 Client Error: Payment Required for url: https://openrouter.ai/api/v1/chat/completions
2026-05-21 07:39:55 [WARNING] photo_processor.photo_classifier — Error clasificando foto https://img4.idealista.com/blur/WEB_DETAIL/0/id.pro.es.image.master/ba/87/a0/137: 402 Client Error: Payment Required for url: https://openrouter.ai/api/v1/chat/completions
2026-05-21 07:39:55 [WARNING] photo_processor.photo_classifier — Error clasificando foto https://img4.idealista.com/blur/WEB_DETAIL/0/id.pro.es.image.master/70/28/3d/137: 402 Client Error: Payment Required for url: https://openrouter.ai/api/v1/chat/completions
2026-05-21 07:39:55 [WARNING] photo_processor.photo_classifier — Error clasificando foto https://img4.idealista.com/blur/WEB_DETAIL/0/id.pro.es.image.master/10/d6/57/137: 402 Client Error: Payment Required for url: https://openrouter.ai/api/v1/chat/completions
2026-05-21 07:39:55 [INFO] photo_processor.photo_classifier — Calculando pHash de 64 fotos para deduplicación...
2026-05-21 07:39:58 [INFO] photo_processor.photo_classifier — Fotos seleccionadas: {'fachada': 0, 'salon': 0, 'cocina': 0, 'dormitorio': 0, 'bano': 0, 'terraza': 0, 'exterior': 0} | vacías: 0 (total: 0)
2026-05-21 07:39:58 [WARNING] photo_processor.photo_enhancer — Propiedad 109599749: 0 fotos seleccionadas por el clasificador
2026-05-21 07:39:58 [WARNING] monitor.property_monitor — [SKIP-WP] Propiedad 109599749 no se publica en WP — fotos no procesadas (se reintentará próximo ciclo)
2026-05-21 07:39:58 [WARNING] monitor.property_monitor — [REINTENTO ABORTADO] 109599749 — ver reporte
2026-05-21 07:39:58 [INFO] photo_processor.photo_classifier — Clasificando 36 fotos con OpenRouter vision (type+empty+shot)...
2026-05-21 07:39:58 [WARNING] photo_processor.photo_classifier — Error clasificando foto https://img4.idealista.com/blur/WEB_DETAIL/0/id.pro.es.image.master/93/0c/b9/143: 402 Client Error: Payment Required for url: https://openrouter.ai/api/v1/chat/completions
2026-05-21 07:39:58 [WARNING] photo_processor.photo_classifier — Error clasificando foto https://img4.idealista.com/blur/WEB_DETAIL/0/id.pro.es.image.master/3e/64/7e/143: 402 Client Error: Payment Required for url: https://openrouter.ai/api/v1/chat/completions
2026-05-21 07:39:58 [WARNING] photo_processor.photo_classifier — Error clasificando foto https://img4.idealista.com/blur/WEB_DETAIL/0/id.pro.es.image.master/66/0a/37/143: 402 Client Error: Payment Required for url: https://openrouter.ai/api/v1/chat/completions
2026-05-21 07:39:58 [WARNING] photo_processor.photo_classifier — Error clasificando foto https://img4.idealista.com/blur/WEB_DETAIL/0/id.pro.es.image.master/f7/98/0c/143: 402 Client Error: Payment Required for url: https://openrouter.ai/api/v1/chat/completions
2026-05-21 07:39:58 [WARNING] photo_processor.photo_classifier — Error clasificando foto https://img4.idealista.com/blur/WEB_DETAIL/0/id.pro.es.image.master/bf/e7/68/143: 402 Client Error: Payment Required for url: https://openrouter.ai/api/v1/chat/completions
2026-05-21 07:39:58 [WARNING] photo_processor.photo_classifier — Error clasificando foto https://img4.idealista.com/blur/WEB_DETAIL/0/id.pro.es.image.master/54/da/c8/143: 402 Client Error: Payment Required for url: https://openrouter.ai/api/v1/chat/completions
2026-05-21 07:39:58 [WARNING] photo_processor.photo_classifier — Error clasificando foto https://img4.idealista.com/blur/WEB_DETAIL/0/id.pro.es.image.master/48/d2/80/143: 402 Client Error: Payment Required for url: https://openrouter.ai/api/v1/chat/completions
2026-05-21 07:39:58 [WARNING] photo_processor.photo_classifier — Error clasificando foto https://img4.idealista.com/blur/WEB_DETAIL/0/id.pro.es.image.master/53/7c/6f/143: 402 Client Error: Payment Required for url: https://openrouter.ai/api/v1/chat/completions
2026-05-21 07:39:58 [WARNING] photo_processor.photo_classifier — Error clasificando foto https://img4.idealista.com/blur/WEB_DETAIL/0/id.pro.es.image.master/fc/69/f6/143: 402 Client Error: Payment Required for url: https://openrouter.ai/api/v1/chat/completions
2026-05-21 07:39:58 [WARNING] photo_processor.photo_classifier — Error clasificando foto https://img4.idealista.com/blur/WEB_DETAIL/0/id.pro.es.image.master/0f/85/6a/143: 402 Client Error: Payment Required for url: https://openrouter.ai/api/v1/chat/completions
2026-05-21 07:39:58 [WARNING] photo_processor.photo_classifier — Error clasificando foto https://img4.idealista.com/blur/WEB_DETAIL/0/id.pro.es.image.master/56/b3/88/143: 402 Client Error: Payment Required for url: https://openrouter.ai/api/v1/chat/completions
2026-05-21 07:39:58 [WARNING] photo_processor.photo_classifier — Error clasificando foto https://img4.idealista.com/blur/WEB_DETAIL/0/id.pro.es.image.master/29/84/7c/143: 402 Client Error: Payment Required for url: https://openrouter.ai/api/v1/chat/completions
2026-05-21 07:39:58 [WARNING] photo_processor.photo_classifier — Error clasificando foto https://img4.idealista.com/blur/WEB_DETAIL/0/id.pro.es.image.master/67/54/19/143: 402 Client Error: Payment Required for url: https://openrouter.ai/api/v1/chat/completions
2026-05-21 07:39:58 [WARNING] photo_processor.photo_classifier — Error clasificando foto https://img4.idealista.com/blur/WEB_DETAIL/0/id.pro.es.image.master/22/5f/9e/143: 402 Client Error: Payment Required for url: https://openrouter.ai/api/v1/chat/completions
2026-05-21 07:39:58 [WARNING] photo_processor.photo_classifier — Error clasificando foto https://img4.idealista.com/blur/WEB_DETAIL/0/id.pro.es.image.master/6c/7c/70/143: 402 Client Error: Payment Required for url: https://openrouter.ai/api/v1/chat/completions
2026-05-21 07:39:59 [WARNING] photo_processor.photo_classifier — Error clasificando foto https://img4.idealista.com/blur/WEB_DETAIL/0/id.pro.es.image.master/ba/dc/79/143: 402 Client Error: Payment Required for url: https://openrouter.ai/api/v1/chat/completions
2026-05-21 07:39:59 [WARNING] photo_processor.photo_classifier — Error clasificando foto https://img4.idealista.com/blur/WEB_DETAIL/0/id.pro.es.image.master/19/b3/df/143: 402 Client Error: Payment Required for url: https://openrouter.ai/api/v1/chat/completions
2026-05-21 07:39:59 [WARNING] photo_processor.photo_classifier — Error clasificando foto https://img4.idealista.com/blur/WEB_DETAIL/0/id.pro.es.image.master/b4/97/f1/143: 402 Client Error: Payment Required for url: https://openrouter.ai/api/v1/chat/completions
2026-05-21 07:39:59 [WARNING] photo_processor.photo_classifier — Error clasificando foto https://img4.idealista.com/blur/WEB_DETAIL/0/id.pro.es.image.master/8d/76/c3/143: 402 Client Error: Payment Required for url: https://openrouter.ai/api/v1/chat/completions
2026-05-21 07:39:59 [WARNING] photo_processor.photo_classifier — Error clasificando foto https://img4.idealista.com/blur/WEB_DETAIL/0/id.pro.es.image.master/08/3f/44/143: 402 Client Error: Payment Required for url: https://openrouter.ai/api/v1/chat/completions
2026-05-21 07:39:59 [WARNING] photo_processor.photo_classifier — Error clasificando foto https://img4.idealista.com/blur/WEB_DETAIL/0/id.pro.es.image.master/6b/06/dd/143: 402 Client Error: Payment Required for url: https://openrouter.ai/api/v1/chat/completions
2026-05-21 07:39:59 [WARNING] photo_processor.photo_classifier — Error clasificando foto https://img4.idealista.com/blur/WEB_DETAIL/0/id.pro.es.image.master/7f/74/36/143: 402 Client Error: Payment Required for url: https://openrouter.ai/api/v1/chat/completions
2026-05-21 07:39:59 [WARNING] photo_processor.photo_classifier — Error clasificando foto https://img4.idealista.com/blur/WEB_DETAIL/0/id.pro.es.image.master/40/33/b1/143: 402 Client Error: Payment Required for url: https://openrouter.ai/api/v1/chat/completions
2026-05-21 07:39:59 [WARNING] photo_processor.photo_classifier — Error clasificando foto https://img4.idealista.com/blur/WEB_DETAIL/0/id.pro.es.image.master/7d/0d/77/143: 402 Client Error: Payment Required for url: https://openrouter.ai/api/v1/chat/completions
2026-05-21 07:39:59 [WARNING] photo_processor.photo_classifier — Error clasificando foto https://img4.idealista.com/blur/WEB_DETAIL/0/id.pro.es.image.master/40/6f/f2/143: 402 Client Error: Payment Required for url: https://openrouter.ai/api/v1/chat/completions
2026-05-21 07:39:59 [WARNING] photo_processor.photo_classifier — Error clasificando foto https://img4.idealista.com/blur/WEB_DETAIL/0/id.pro.es.image.master/e8/d1/67/143: 402 Client Error: Payment Required for url: https://openrouter.ai/api/v1/chat/completions
2026-05-21 07:39:59 [WARNING] photo_processor.photo_classifier — Error clasificando foto https://img4.idealista.com/blur/WEB_DETAIL/0/id.pro.es.image.master/6c/00/ac/143: 402 Client Error: Payment Required for url: https://openrouter.ai/api/v1/chat/completions
2026-05-21 07:39:59 [WARNING] photo_processor.photo_classifier — Error clasificando foto https://img4.idealista.com/blur/WEB_DETAIL/0/id.pro.es.image.master/0f/b7/00/143: 402 Client Error: Payment Required for url: https://openrouter.ai/api/v1/chat/completions
2026-05-21 07:39:59 [WARNING] photo_processor.photo_classifier — Error clasificando foto https://img4.idealista.com/blur/WEB_DETAIL/0/id.pro.es.image.master/a9/ea/d3/143: 402 Client Error: Payment Required for url: https://openrouter.ai/api/v1/chat/completions
2026-05-21 07:39:59 [WARNING] photo_processor.photo_classifier — Error clasificando foto https://img4.idealista.com/blur/WEB_DETAIL/0/id.pro.es.image.master/59/0c/24/143: 402 Client Error: Payment Required for url: https://openrouter.ai/api/v1/chat/completions
2026-05-21 07:39:59 [WARNING] photo_processor.photo_classifier — Error clasificando foto https://img4.idealista.com/blur/WEB_DETAIL/0/id.pro.es.image.master/69/61/06/143: 402 Client Error: Payment Required for url: https://openrouter.ai/api/v1/chat/completions
2026-05-21 07:39:59 [WARNING] photo_processor.photo_classifier — Error clasificando foto https://img4.idealista.com/blur/WEB_DETAIL/0/id.pro.es.image.master/97/74/d6/143: 402 Client Error: Payment Required for url: https://openrouter.ai/api/v1/chat/completions
2026-05-21 07:39:59 [WARNING] photo_processor.photo_classifier — Error clasificando foto https://img4.idealista.com/blur/WEB_DETAIL/0/id.pro.es.image.master/4b/55/fc/143: 402 Client Error: Payment Required for url: https://openrouter.ai/api/v1/chat/completions
2026-05-21 07:39:59 [WARNING] photo_processor.photo_classifier — Error clasificando foto https://img4.idealista.com/blur/WEB_DETAIL/0/id.pro.es.image.master/41/d1/ce/143: 402 Client Error: Payment Required for url: https://openrouter.ai/api/v1/chat/completions
2026-05-21 07:39:59 [WARNING] photo_processor.photo_classifier — Error clasificando foto https://img4.idealista.com/blur/WEB_DETAIL/0/id.pro.es.video.master/02/a0/17/d_0: 402 Client Error: Payment Required for url: https://openrouter.ai/api/v1/chat/completions
2026-05-21 07:39:59 [WARNING] photo_processor.photo_classifier — Error clasificando foto https://img4.idealista.com/blur/WEB_DETAIL/0/id.pro.es.image.master/62/37/fd/143: 402 Client Error: Payment Required for url: https://openrouter.ai/api/v1/chat/completions
2026-05-21 07:39:59 [INFO] photo_processor.photo_classifier — Calculando pHash de 36 fotos para deduplicación...
2026-05-21 07:40:01 [INFO] photo_processor.photo_classifier — Fotos seleccionadas: {'fachada': 0, 'salon': 0, 'cocina': 0, 'dormitorio': 0, 'bano': 0, 'terraza': 0, 'exterior': 0} | vacías: 0 (total: 0)
2026-05-21 07:40:01 [WARNING] photo_processor.photo_enhancer — Propiedad 111460478: 0 fotos seleccionadas por el clasificador
2026-05-21 07:40:01 [WARNING] monitor.property_monitor — [SKIP-WP] Propiedad 111460478 no se publica en WP — fotos no procesadas (se reintentará próximo ciclo)
2026-05-21 07:40:01 [WARNING] monitor.property_monitor — [REINTENTO ABORTADO] 111460478 — ver reporte
2026-05-21 07:40:01 [INFO] photo_processor.photo_classifier — Clasificando 26 fotos con OpenRouter vision (type+empty+shot)...
2026-05-21 07:40:01 [WARNING] photo_processor.photo_classifier — Error clasificando foto https://img4.idealista.com/blur/WEB_DETAIL/0/id.pro.es.image.master/85/4e/6f/143: 402 Client Error: Payment Required for url: https://openrouter.ai/api/v1/chat/completions
2026-05-21 07:40:01 [WARNING] photo_processor.photo_classifier — Error clasificando foto https://img4.idealista.com/blur/WEB_DETAIL/0/id.pro.es.image.master/3f/0c/5c/143: 402 Client Error: Payment Required for url: https://openrouter.ai/api/v1/chat/completions
2026-05-21 07:40:01 [WARNING] photo_processor.photo_classifier — Error clasificando foto https://img4.idealista.com/blur/WEB_DETAIL/0/id.pro.es.image.master/ea/7d/07/143: 402 Client Error: Payment Required for url: https://openrouter.ai/api/v1/chat/completions
2026-05-21 07:40:01 [WARNING] photo_processor.photo_classifier — Error clasificando foto https://img4.idealista.com/blur/WEB_DETAIL/0/id.pro.es.image.master/8a/6f/54/143: 402 Client Error: Payment Required for url: https://openrouter.ai/api/v1/chat/completions
2026-05-21 07:40:01 [WARNING] photo_processor.photo_classifier — Error clasificando foto https://img4.idealista.com/blur/WEB_DETAIL/0/id.pro.es.image.master/0b/5a/e6/143: 402 Client Error: Payment Required for url: https://openrouter.ai/api/v1/chat/completions
2026-05-21 07:40:01 [WARNING] photo_processor.photo_classifier — Error clasificando foto https://img4.idealista.com/blur/WEB_DETAIL/0/id.pro.es.image.master/7b/9a/46/143: 402 Client Error: Payment Required for url: https://openrouter.ai/api/v1/chat/completions
2026-05-21 07:40:01 [WARNING] photo_processor.photo_classifier — Error clasificando foto https://img4.idealista.com/blur/WEB_DETAIL/0/id.pro.es.image.master/86/50/08/143: 402 Client Error: Payment Required for url: https://openrouter.ai/api/v1/chat/completions
2026-05-21 07:40:01 [WARNING] photo_processor.photo_classifier — Error clasificando foto https://img4.idealista.com/blur/WEB_DETAIL/0/id.pro.es.image.master/9e/ba/6a/143: 402 Client Error: Payment Required for url: https://openrouter.ai/api/v1/chat/completions
2026-05-21 07:40:01 [WARNING] photo_processor.photo_classifier — Error clasificando foto https://img4.idealista.com/blur/WEB_DETAIL/0/id.pro.es.image.master/e7/4f/a4/143: 402 Client Error: Payment Required for url: https://openrouter.ai/api/v1/chat/completions
2026-05-21 07:40:01 [WARNING] photo_processor.photo_classifier — Error clasificando foto https://img4.idealista.com/blur/WEB_DETAIL/0/id.pro.es.image.master/b6/94/62/143: 402 Client Error: Payment Required for url: https://openrouter.ai/api/v1/chat/completions
2026-05-21 07:40:01 [WARNING] photo_processor.photo_classifier — Error clasificando foto https://img4.idealista.com/blur/WEB_DETAIL/0/id.pro.es.image.master/02/d9/83/143: 402 Client Error: Payment Required for url: https://openrouter.ai/api/v1/chat/completions
2026-05-21 07:40:01 [WARNING] photo_processor.photo_classifier — Error clasificando foto https://img4.idealista.com/blur/WEB_DETAIL/0/id.pro.es.image.master/9e/20/86/143: 402 Client Error: Payment Required for url: https://openrouter.ai/api/v1/chat/completions
2026-05-21 07:40:01 [WARNING] photo_processor.photo_classifier — Error clasificando foto https://img4.idealista.com/blur/WEB_DETAIL/0/id.pro.es.image.master/a9/51/b5/143: 402 Client Error: Payment Required for url: https://openrouter.ai/api/v1/chat/completions
2026-05-21 07:40:01 [WARNING] photo_processor.photo_classifier — Error clasificando foto https://img4.idealista.com/blur/WEB_DETAIL/0/id.pro.es.image.master/09/c4/35/143: 402 Client Error: Payment Required for url: https://openrouter.ai/api/v1/chat/completions
2026-05-21 07:40:01 [WARNING] photo_processor.photo_classifier — Error clasificando foto https://img4.idealista.com/blur/WEB_DETAIL/0/id.pro.es.image.master/c3/47/98/143: 402 Client Error: Payment Required for url: https://openrouter.ai/api/v1/chat/completions
2026-05-21 07:40:01 [WARNING] photo_processor.photo_classifier — Error clasificando foto https://img4.idealista.com/blur/WEB_DETAIL/0/id.pro.es.image.master/1a/e5/b9/143: 402 Client Error: Payment Required for url: https://openrouter.ai/api/v1/chat/completions
2026-05-21 07:40:01 [WARNING] photo_processor.photo_classifier — Error clasificando foto https://img4.idealista.com/blur/WEB_DETAIL/0/id.pro.es.image.master/5b/77/bd/143: 402 Client Error: Payment Required for url: https://openrouter.ai/api/v1/chat/completions
2026-05-21 07:40:01 [WARNING] photo_processor.photo_classifier — Error clasificando foto https://img4.idealista.com/blur/WEB_DETAIL/0/id.pro.es.image.master/9e/27/1d/143: 402 Client Error: Payment Required for url: https://openrouter.ai/api/v1/chat/completions
2026-05-21 07:40:01 [WARNING] photo_processor.photo_classifier — Error clasificando foto https://img4.idealista.com/blur/WEB_DETAIL/0/id.pro.es.image.master/2b/c7/5d/143: 402 Client Error: Payment Required for url: https://openrouter.ai/api/v1/chat/completions
2026-05-21 07:40:01 [WARNING] photo_processor.photo_classifier — Error clasificando foto https://img4.idealista.com/blur/WEB_DETAIL/0/id.pro.es.image.master/e3/62/49/143: 402 Client Error: Payment Required for url: https://openrouter.ai/api/v1/chat/completions
2026-05-21 07:40:01 [WARNING] photo_processor.photo_classifier — Error clasificando foto https://img4.idealista.com/blur/WEB_DETAIL/0/id.pro.es.image.master/e8/85/09/143: 402 Client Error: Payment Required for url: https://openrouter.ai/api/v1/chat/completions
2026-05-21 07:40:01 [WARNING] photo_processor.photo_classifier — Error clasificando foto https://img4.idealista.com/blur/WEB_DETAIL/0/id.pro.es.image.master/da/18/1c/143: 402 Client Error: Payment Required for url: https://openrouter.ai/api/v1/chat/completions
2026-05-21 07:40:01 [WARNING] photo_processor.photo_classifier — Error clasificando foto https://img4.idealista.com/blur/WEB_DETAIL/0/id.pro.es.image.master/32/6b/61/143: 402 Client Error: Payment Required for url: https://openrouter.ai/api/v1/chat/completions
2026-05-21 07:40:01 [WARNING] photo_processor.photo_classifier — Error clasificando foto https://img4.idealista.com/blur/WEB_DETAIL/0/id.pro.es.image.master/11/29/df/143: 402 Client Error: Payment Required for url: https://openrouter.ai/api/v1/chat/completions
2026-05-21 07:40:01 [WARNING] photo_processor.photo_classifier — Error clasificando foto https://img4.idealista.com/blur/WEB_DETAIL/0/id.pro.es.image.master/95/a2/a6/143: 402 Client Error: Payment Required for url: https://openrouter.ai/api/v1/chat/completions
2026-05-21 07:40:01 [WARNING] photo_processor.photo_classifier — Error clasificando foto https://img4.idealista.com/blur/WEB_DETAIL/0/id.pro.es.video.master/fd/5e/a9/d_0: 402 Client Error: Payment Required for url: https://openrouter.ai/api/v1/chat/completions
2026-05-21 07:40:01 [INFO] photo_processor.photo_classifier — Calculando pHash de 26 fotos para deduplicación...
2026-05-21 07:40:03 [INFO] photo_processor.photo_classifier — Fotos seleccionadas: {'fachada': 0, 'salon': 0, 'cocina': 0, 'dormitorio': 0, 'bano': 0, 'terraza': 0, 'exterior': 0} | vacías: 0 (total: 0)
2026-05-21 07:40:03 [WARNING] photo_processor.photo_enhancer — Propiedad 111494440: 0 fotos seleccionadas por el clasificador
2026-05-21 07:40:03 [WARNING] monitor.property_monitor — [SKIP-WP] Propiedad 111494440 no se publica en WP — fotos no procesadas (se reintentará próximo ciclo)
2026-05-21 07:40:03 [WARNING] monitor.property_monitor — [REINTENTO ABORTADO] 111494440 — ver reporte
2026-05-21 07:40:03 [INFO] monitor.property_monitor — === Ciclo finalizado === Nuevas: 9 | Actualizadas: 0 | Eliminadas: 0 | Errores: 0
2026-05-21 07:40:03 [INFO] monitor.processing_report — === Reporte de ciclo === {'propiedades': 28, 'wp_created': 9, 'wp_updated': 0, 'wp_aborted': 19, 'wp_skipped': 0, 'fotos_subidas': 156, 'fotos_kie_fail': 0, 'fotos_home_staging': 29}
2026-05-21 07:40:03 [INFO] monitor.processing_report — Detalle completo en data\processing_report.log y data\processing_report.jsonl
2026-05-21 07:40:03 [INFO] main — Finalizado: RunStats(found=28, new=9, updated=0, removed=0, errors=0)
2026-05-22 05:30:30 [INFO] apscheduler.scheduler — Adding job tentatively -- it will be properly scheduled when the scheduler starts
2026-05-22 05:30:30 [INFO] scheduler.main_scheduler — [SCHEDULER] Ejecutando ciclo inicial...
2026-05-22 05:30:30 [INFO] scheduler.main_scheduler — [SCHEDULER] Lanzando ciclo de monitoreo
2026-05-22 05:30:30 [INFO] monitor.property_monitor — Propiedades ya en BD: 28 — solo se scrapearan las nuevas
2026-05-22 05:30:30 [INFO] monitor.property_monitor — === Iniciando ciclo de scraping ===
2026-05-22 05:30:30 [INFO] scraper.idealista_scraper — Modo Scrape.do activo — sin navegador, sin captchas
2026-05-22 05:30:30 [INFO] scraper.idealista_scraper — --- Perfil: https://www.idealista.com/pro/inmobiliariavasanco/ ---
2026-05-22 05:30:30 [INFO] scraper.idealista_scraper — Scrapeando perfil: https://www.idealista.com/pro/inmobiliariavasanco/ (límite: sin límite)
2026-05-22 05:30:31 [WARNING] scraper.idealista_scraper — Scrape.do token 1 agotado — rotando al siguiente
2026-05-22 05:30:31 [WARNING] scraper.idealista_scraper — Scrape.do token 2 agotado — rotando al siguiente
2026-05-22 05:30:31 [WARNING] scraper.idealista_scraper — Scrape.do token 3 agotado — rotando al siguiente
2026-05-22 05:30:31 [WARNING] scraper.idealista_scraper — Scrape.do token 4 agotado — rotando al siguiente
2026-05-22 05:30:31 [WARNING] scraper.idealista_scraper — Scrape.do token 1 agotado — rotando al siguiente
2026-05-22 05:30:31 [WARNING] scraper.idealista_scraper — Scrape.do token 2 agotado — rotando al siguiente
2026-05-22 05:30:31 [WARNING] scraper.idealista_scraper — Scrape.do token 3 agotado — rotando al siguiente
2026-05-22 05:30:31 [WARNING] scraper.idealista_scraper — Scrape.do token 4 agotado — rotando al siguiente
2026-05-22 05:30:31 [WARNING] scraper.idealista_scraper — Scrape.do token 1 agotado — rotando al siguiente
2026-05-22 05:30:31 [WARNING] scraper.idealista_scraper — Scrape.do token 2 agotado — rotando al siguiente
2026-05-22 05:30:32 [WARNING] scraper.idealista_scraper — Scrape.do token 3 agotado — rotando al siguiente
2026-05-22 05:30:32 [WARNING] scraper.idealista_scraper — Scrape.do token 4 agotado — rotando al siguiente
2026-05-22 05:30:32 [ERROR] scraper.idealista_scraper — Scrape.do: todos los tokens agotados para https://www.idealista.com/pro/inmobiliariavasanco
2026-05-22 05:30:35 [INFO] scraper.idealista_scraper — --- Perfil: https://www.idealista.com/pro/raulgalisteo/ ---
2026-05-22 05:30:35 [INFO] scraper.idealista_scraper — Scrapeando perfil: https://www.idealista.com/pro/raulgalisteo/ (límite: sin límite)
2026-05-22 05:30:35 [WARNING] scraper.idealista_scraper — Scrape.do token 1 agotado — rotando al siguiente
2026-05-22 05:30:35 [WARNING] scraper.idealista_scraper — Scrape.do token 2 agotado — rotando al siguiente
2026-05-22 05:30:36 [WARNING] scraper.idealista_scraper — Scrape.do token 3 agotado — rotando al siguiente
2026-05-22 05:30:36 [WARNING] scraper.idealista_scraper — Scrape.do token 4 agotado — rotando al siguiente
2026-05-22 05:30:36 [WARNING] scraper.idealista_scraper — Scrape.do token 1 agotado — rotando al siguiente
2026-05-22 05:30:36 [WARNING] scraper.idealista_scraper — Scrape.do token 2 agotado — rotando al siguiente
2026-05-22 05:30:36 [WARNING] scraper.idealista_scraper — Scrape.do token 3 agotado — rotando al siguiente
2026-05-22 05:30:36 [WARNING] scraper.idealista_scraper — Scrape.do token 4 agotado — rotando al siguiente
2026-05-22 05:30:36 [WARNING] scraper.idealista_scraper — Scrape.do token 1 agotado — rotando al siguiente
2026-05-22 05:30:36 [WARNING] scraper.idealista_scraper — Scrape.do token 2 agotado — rotando al siguiente
2026-05-22 05:30:36 [WARNING] scraper.idealista_scraper — Scrape.do token 3 agotado — rotando al siguiente
2026-05-22 05:30:36 [WARNING] scraper.idealista_scraper — Scrape.do token 4 agotado — rotando al siguiente
2026-05-22 05:30:36 [ERROR] scraper.idealista_scraper — Scrape.do: todos los tokens agotados para https://www.idealista.com/pro/raulgalisteo
2026-07-08 23:09:38,076 [INFO] onboarding.registry: Perfil añadido a perfiles.txt: Agencia Prueba Temporal | https://www.idealista.com/pro/agencia-prueba-temporal/ | 4IJH
